ISO-10303-21;
HEADER;
FILE_DESCRIPTION(('zoo.dev export'), '2;1');
FILE_NAME('output.step', '2026-09-26T09:09:18.120882808+00:00', (''), (''), 'zoo.dev beta', 'zoo.dev', '');
FILE_SCHEMA(('AP242_MANAGED_MODEL_BASED_3D_ENGINEERING_MIM_LF'));
ENDSEC;
DATA;
#1 = (
  LENGTH_UNIT()
  NAMED_UNIT(*)
  SI_UNIT(.MILLI., .METRE.)
);
#2 = (
  NAMED_UNIT(*)
  PLANE_ANGLE_UNIT()
  SI_UNIT($, .RADIAN.)
);
#3 = UNCERTAINTY_MEASURE_WITH_UNIT(LENGTH_MEASURE(0.01), #1, 'DISTANCE_ACCURACY_VALUE', $);
#4 = (
  GEOMETRIC_REPRESENTATION_CONTEXT(3)
  GLOBAL_UNCERTAINTY_ASSIGNED_CONTEXT((#3))
  GLOBAL_UNIT_ASSIGNED_CONTEXT((#1, #2))
  REPRESENTATION_CONTEXT('3D', '3D context')
);
#5 = CARTESIAN_POINT('', (43., -57.5, 125.5));
#6 = VERTEX_POINT('', #5);
#7 = CARTESIAN_POINT('', (45.5, -57.5, 128.));
#8 = VERTEX_POINT('', #7);
#9 = CARTESIAN_POINT('', (45.5, -58.5, 128.));
#10 = VERTEX_POINT('', #9);
#11 = CARTESIAN_POINT('', (43., -58.5, 125.5));
#12 = VERTEX_POINT('', #11);
#13 = CARTESIAN_POINT('', (45.5, -57.5, 166.));
#14 = VERTEX_POINT('', #13);
#15 = CARTESIAN_POINT('', (45.5, -58.5, 166.));
#16 = VERTEX_POINT('', #15);
#17 = CARTESIAN_POINT('', (43., -57.5, 168.5));
#18 = VERTEX_POINT('', #17);
#19 = CARTESIAN_POINT('', (43., -58.5, 168.5));
#20 = VERTEX_POINT('', #19);
#21 = CARTESIAN_POINT('', (-43., -57.5, 168.5));
#22 = VERTEX_POINT('', #21);
#23 = CARTESIAN_POINT('', (-43., -58.5, 168.5));
#24 = VERTEX_POINT('', #23);
#25 = CARTESIAN_POINT('', (-45.5, -57.5, 166.));
#26 = VERTEX_POINT('', #25);
#27 = CARTESIAN_POINT('', (-45.5, -58.5, 166.));
#28 = VERTEX_POINT('', #27);
#29 = CARTESIAN_POINT('', (-45.5, -57.5, 128.));
#30 = VERTEX_POINT('', #29);
#31 = CARTESIAN_POINT('', (-45.5, -58.5, 128.));
#32 = VERTEX_POINT('', #31);
#33 = CARTESIAN_POINT('', (-43., -57.5, 125.5));
#34 = VERTEX_POINT('', #33);
#35 = CARTESIAN_POINT('', (-43., -58.5, 125.5));
#36 = VERTEX_POINT('', #35);
#37 = CARTESIAN_POINT('', (4.5, -58., 188.));
#38 = VERTEX_POINT('', #37);
#39 = CARTESIAN_POINT('', (4.5, -60., 188.));
#40 = VERTEX_POINT('', #39);
#41 = CARTESIAN_POINT('', (8., -56., 179.));
#42 = VERTEX_POINT('', #41);
#43 = CARTESIAN_POINT('', (13., -56., 184.));
#44 = VERTEX_POINT('', #43);
#45 = CARTESIAN_POINT('', (13., -60., 184.));
#46 = VERTEX_POINT('', #45);
#47 = CARTESIAN_POINT('', (8., -60., 179.));
#48 = VERTEX_POINT('', #47);
#49 = CARTESIAN_POINT('', (13., -56., 192.));
#50 = VERTEX_POINT('', #49);
#51 = CARTESIAN_POINT('', (13., -60., 192.));
#52 = VERTEX_POINT('', #51);
#53 = CARTESIAN_POINT('', (8., -56., 197.));
#54 = VERTEX_POINT('', #53);
#55 = CARTESIAN_POINT('', (8., -60., 197.));
#56 = VERTEX_POINT('', #55);
#57 = CARTESIAN_POINT('', (-8., -56., 197.));
#58 = VERTEX_POINT('', #57);
#59 = CARTESIAN_POINT('', (-8., -60., 197.));
#60 = VERTEX_POINT('', #59);
#61 = CARTESIAN_POINT('', (-13., -56., 192.));
#62 = VERTEX_POINT('', #61);
#63 = CARTESIAN_POINT('', (-13., -60., 192.));
#64 = VERTEX_POINT('', #63);
#65 = CARTESIAN_POINT('', (-13., -56., 184.));
#66 = VERTEX_POINT('', #65);
#67 = CARTESIAN_POINT('', (-13., -60., 184.));
#68 = VERTEX_POINT('', #67);
#69 = CARTESIAN_POINT('', (-8., -56., 179.));
#70 = VERTEX_POINT('', #69);
#71 = CARTESIAN_POINT('', (-8., -60., 179.));
#72 = VERTEX_POINT('', #71);
#73 = CARTESIAN_POINT('', (5., -56., 188.));
#74 = VERTEX_POINT('', #73);
#75 = CARTESIAN_POINT('', (-5., -56., 188.));
#76 = VERTEX_POINT('', #75);
#77 = CARTESIAN_POINT('', (5., -60., 188.));
#78 = VERTEX_POINT('', #77);
#79 = CARTESIAN_POINT('', (-5., -60., 188.));
#80 = VERTEX_POINT('', #79);
#81 = CARTESIAN_POINT('', (-0.00000002, -56., 183.));
#82 = VERTEX_POINT('', #81);
#83 = CARTESIAN_POINT('', (0.00000002, -56., 193.));
#84 = VERTEX_POINT('', #83);
#85 = CARTESIAN_POINT('', (-0., -60., 183.));
#86 = VERTEX_POINT('', #85);
#87 = CARTESIAN_POINT('', (0., -60., 193.));
#88 = VERTEX_POINT('', #87);
#89 = CARTESIAN_POINT('', (-14., -52., 94.));
#90 = VERTEX_POINT('', #89);
#91 = CARTESIAN_POINT('', (-14., -53., 94.));
#92 = VERTEX_POINT('', #91);
#93 = CARTESIAN_POINT('', (-42., -52., 94.));
#94 = VERTEX_POINT('', #93);
#95 = CARTESIAN_POINT('', (-42., -53., 94.));
#96 = VERTEX_POINT('', #95);
#97 = CARTESIAN_POINT('', (-15.94999999, -52., 94.));
#98 = VERTEX_POINT('', #97);
#99 = CARTESIAN_POINT('', (-40.05000001, -52., 94.));
#100 = VERTEX_POINT('', #99);
#101 = CARTESIAN_POINT('', (-15.94999999, -53., 94.));
#102 = VERTEX_POINT('', #101);
#103 = CARTESIAN_POINT('', (-40.05000001, -53., 94.));
#104 = VERTEX_POINT('', #103);
#105 = CARTESIAN_POINT('', (-27.99999882, -52., 81.94999999));
#106 = VERTEX_POINT('', #105);
#107 = CARTESIAN_POINT('', (-28.00000118, -52., 106.05000001));
#108 = VERTEX_POINT('', #107);
#109 = CARTESIAN_POINT('', (-27.99999881, -53., 81.94999999));
#110 = VERTEX_POINT('', #109);
#111 = CARTESIAN_POINT('', (-28.00000118, -53., 106.05000001));
#112 = VERTEX_POINT('', #111);
#113 = CARTESIAN_POINT('', (-13., -56., 94.));
#114 = VERTEX_POINT('', #113);
#115 = CARTESIAN_POINT('', (-13., -60., 94.));
#116 = VERTEX_POINT('', #115);
#117 = CARTESIAN_POINT('', (-43., -56., 94.));
#118 = VERTEX_POINT('', #117);
#119 = CARTESIAN_POINT('', (-43., -60., 94.));
#120 = VERTEX_POINT('', #119);
#121 = CARTESIAN_POINT('', (-15.99999999, -52., 94.));
#122 = VERTEX_POINT('', #121);
#123 = CARTESIAN_POINT('', (-40.00000001, -52., 94.));
#124 = VERTEX_POINT('', #123);
#125 = CARTESIAN_POINT('', (-15.99999999, -56., 94.));
#126 = VERTEX_POINT('', #125);
#127 = CARTESIAN_POINT('', (-40.00000001, -56., 94.));
#128 = VERTEX_POINT('', #127);
#129 = CARTESIAN_POINT('', (-27.99999882, -56., 81.99999999));
#130 = VERTEX_POINT('', #129);
#131 = CARTESIAN_POINT('', (-28.00000117, -56., 106.00000001));
#132 = VERTEX_POINT('', #131);
#133 = CARTESIAN_POINT('', (35., -58., 5.));
#134 = VERTEX_POINT('', #133);
#135 = CARTESIAN_POINT('', (45., -48., 5.));
#136 = VERTEX_POINT('', #135);
#137 = CARTESIAN_POINT('', (45., -48., 35.));
#138 = VERTEX_POINT('', #137);
#139 = CARTESIAN_POINT('', (35., -58., 35.));
#140 = VERTEX_POINT('', #139);
#141 = CARTESIAN_POINT('', (45., -20., 5.));
#142 = VERTEX_POINT('', #141);
#143 = CARTESIAN_POINT('', (45., -20., 35.));
#144 = VERTEX_POINT('', #143);
#145 = CARTESIAN_POINT('', (35., -10., 5.));
#146 = VERTEX_POINT('', #145);
#147 = CARTESIAN_POINT('', (35., -10., 35.));
#148 = VERTEX_POINT('', #147);
#149 = CARTESIAN_POINT('', (-35., -10., 5.));
#150 = VERTEX_POINT('', #149);
#151 = CARTESIAN_POINT('', (-35., -10., 35.));
#152 = VERTEX_POINT('', #151);
#153 = CARTESIAN_POINT('', (-45., -20., 5.));
#154 = VERTEX_POINT('', #153);
#155 = CARTESIAN_POINT('', (-45., -20., 35.));
#156 = VERTEX_POINT('', #155);
#157 = CARTESIAN_POINT('', (-45., -48., 5.));
#158 = VERTEX_POINT('', #157);
#159 = CARTESIAN_POINT('', (-45., -48., 35.));
#160 = VERTEX_POINT('', #159);
#161 = CARTESIAN_POINT('', (-35., -58., 5.));
#162 = VERTEX_POINT('', #161);
#163 = CARTESIAN_POINT('', (-35., -58., 35.));
#164 = VERTEX_POINT('', #163);
#165 = CARTESIAN_POINT('', (35., -55.5, 7.5));
#166 = VERTEX_POINT('', #165);
#167 = CARTESIAN_POINT('', (42.5, -48., 7.5));
#168 = VERTEX_POINT('', #167);
#169 = CARTESIAN_POINT('', (42.5, -20., 7.5));
#170 = VERTEX_POINT('', #169);
#171 = CARTESIAN_POINT('', (35., -12.5, 7.5));
#172 = VERTEX_POINT('', #171);
#173 = CARTESIAN_POINT('', (-35., -12.5, 7.5));
#174 = VERTEX_POINT('', #173);
#175 = CARTESIAN_POINT('', (-42.5, -20., 7.5));
#176 = VERTEX_POINT('', #175);
#177 = CARTESIAN_POINT('', (-42.5, -48., 7.5));
#178 = VERTEX_POINT('', #177);
#179 = CARTESIAN_POINT('', (-35., -55.5, 7.5));
#180 = VERTEX_POINT('', #179);
#181 = CARTESIAN_POINT('', (42.5, -48., 35.));
#182 = VERTEX_POINT('', #181);
#183 = CARTESIAN_POINT('', (35., -55.5, 35.));
#184 = VERTEX_POINT('', #183);
#185 = CARTESIAN_POINT('', (42.5, -20., 35.));
#186 = VERTEX_POINT('', #185);
#187 = CARTESIAN_POINT('', (35., -12.5, 35.));
#188 = VERTEX_POINT('', #187);
#189 = CARTESIAN_POINT('', (-35., -12.5, 35.));
#190 = VERTEX_POINT('', #189);
#191 = CARTESIAN_POINT('', (-42.5, -20., 35.));
#192 = VERTEX_POINT('', #191);
#193 = CARTESIAN_POINT('', (-42.5, -48., 35.));
#194 = VERTEX_POINT('', #193);
#195 = CARTESIAN_POINT('', (-35., -55.5, 35.));
#196 = VERTEX_POINT('', #195);
#197 = CARTESIAN_POINT('', (38., 62., 206.));
#198 = VERTEX_POINT('', #197);
#199 = CARTESIAN_POINT('', (38., 62., 208.));
#200 = VERTEX_POINT('', #199);
#201 = CARTESIAN_POINT('', (-38., 62., 205.));
#202 = VERTEX_POINT('', #201);
#203 = CARTESIAN_POINT('', (-35.8, 62., 205.));
#204 = VERTEX_POINT('', #203);
#205 = CARTESIAN_POINT('', (-38., 62., 209.));
#206 = VERTEX_POINT('', #205);
#207 = CARTESIAN_POINT('', (-35.8, 62., 209.));
#208 = VERTEX_POINT('', #207);
#209 = CARTESIAN_POINT('', (-35.8, 62., 206.));
#210 = VERTEX_POINT('', #209);
#211 = CARTESIAN_POINT('', (-35.8, 62., 208.));
#212 = VERTEX_POINT('', #211);
#213 = CARTESIAN_POINT('', (-35.8, 61., 207.));
#214 = VERTEX_POINT('', #213);
#215 = CARTESIAN_POINT('', (-35.8, 63., 207.));
#216 = VERTEX_POINT('', #215);
#217 = CARTESIAN_POINT('', (26., -27., 116.));
#218 = VERTEX_POINT('', #217);
#219 = CARTESIAN_POINT('', (32., -21., 116.));
#220 = VERTEX_POINT('', #219);
#221 = CARTESIAN_POINT('', (32., -21., 132.));
#222 = VERTEX_POINT('', #221);
#223 = CARTESIAN_POINT('', (26., -27., 132.));
#224 = VERTEX_POINT('', #223);
#225 = CARTESIAN_POINT('', (32., 27., 116.));
#226 = VERTEX_POINT('', #225);
#227 = CARTESIAN_POINT('', (32., 27., 132.));
#228 = VERTEX_POINT('', #227);
#229 = CARTESIAN_POINT('', (26., 33., 116.));
#230 = VERTEX_POINT('', #229);
#231 = CARTESIAN_POINT('', (26., 33., 132.));
#232 = VERTEX_POINT('', #231);
#233 = CARTESIAN_POINT('', (-26., 33., 116.));
#234 = VERTEX_POINT('', #233);
#235 = CARTESIAN_POINT('', (-26., 33., 132.));
#236 = VERTEX_POINT('', #235);
#237 = CARTESIAN_POINT('', (-32., 27., 116.));
#238 = VERTEX_POINT('', #237);
#239 = CARTESIAN_POINT('', (-32., 27., 132.));
#240 = VERTEX_POINT('', #239);
#241 = CARTESIAN_POINT('', (-32., -21., 116.));
#242 = VERTEX_POINT('', #241);
#243 = CARTESIAN_POINT('', (-32., -21., 132.));
#244 = VERTEX_POINT('', #243);
#245 = CARTESIAN_POINT('', (-26., -27., 116.));
#246 = VERTEX_POINT('', #245);
#247 = CARTESIAN_POINT('', (-26., -27., 132.));
#248 = VERTEX_POINT('', #247);
#249 = CARTESIAN_POINT('', (11.00000002, 3., 116.));
#250 = VERTEX_POINT('', #249);
#251 = CARTESIAN_POINT('', (-11.00000001, 3., 116.));
#252 = VERTEX_POINT('', #251);
#253 = CARTESIAN_POINT('', (11.00000002, 3., 132.));
#254 = VERTEX_POINT('', #253);
#255 = CARTESIAN_POINT('', (-11.00000001, 3., 132.));
#256 = VERTEX_POINT('', #255);
#257 = CARTESIAN_POINT('', (0., -8.00000001, 116.));
#258 = VERTEX_POINT('', #257);
#259 = CARTESIAN_POINT('', (0., 14.00000001, 116.));
#260 = VERTEX_POINT('', #259);
#261 = CARTESIAN_POINT('', (-0., -8.00000001, 132.));
#262 = VERTEX_POINT('', #261);
#263 = CARTESIAN_POINT('', (0.00000001, 14.00000001, 132.));
#264 = VERTEX_POINT('', #263);
#265 = CARTESIAN_POINT('', (17., -38.87569344, 50.07141914));
#266 = VERTEX_POINT('', #265);
#267 = CARTESIAN_POINT('', (22., -34.34415451, 47.95832783));
#268 = VERTEX_POINT('', #267);
#269 = CARTESIAN_POINT('', (22., -4.76087619, 111.39987292));
#270 = VERTEX_POINT('', #269);
#271 = CARTESIAN_POINT('', (17., -9.29241512, 113.51296423));
#272 = VERTEX_POINT('', #271);
#273 = CARTESIAN_POINT('', (22., -21.65584549, 42.04167217));
#274 = VERTEX_POINT('', #273);
#275 = CARTESIAN_POINT('', (22., 7.92743283, 105.48321726));
#276 = VERTEX_POINT('', #275);
#277 = CARTESIAN_POINT('', (17., -17.12430656, 39.92858086));
#278 = VERTEX_POINT('', #277);
#279 = CARTESIAN_POINT('', (17., 12.45897177, 103.37012595));
#280 = VERTEX_POINT('', #279);
#281 = CARTESIAN_POINT('', (-17., -17.12430656, 39.92858086));
#282 = VERTEX_POINT('', #281);
#283 = CARTESIAN_POINT('', (-17., 12.45897177, 103.37012595));
#284 = VERTEX_POINT('', #283);
#285 = CARTESIAN_POINT('', (-22., -21.65584549, 42.04167217));
#286 = VERTEX_POINT('', #285);
#287 = CARTESIAN_POINT('', (-22., 7.92743283, 105.48321726));
#288 = VERTEX_POINT('', #287);
#289 = CARTESIAN_POINT('', (-22., -34.34415451, 47.95832783));
#290 = VERTEX_POINT('', #289);
#291 = CARTESIAN_POINT('', (-22., -4.76087619, 111.39987292));
#292 = VERTEX_POINT('', #291);
#293 = CARTESIAN_POINT('', (-17., -38.87569344, 50.07141914));
#294 = VERTEX_POINT('', #293);
#295 = CARTESIAN_POINT('', (-17., -9.29241512, 113.51296423));
#296 = VERTEX_POINT('', #295);
#297 = CARTESIAN_POINT('', (20., -34.34415451, 47.95832783));
#298 = VERTEX_POINT('', #297);
#299 = CARTESIAN_POINT('', (17., -37.06307787, 49.22618262));
#300 = VERTEX_POINT('', #299);
#301 = CARTESIAN_POINT('', (20., -21.65584549, 42.04167217));
#302 = VERTEX_POINT('', #301);
#303 = CARTESIAN_POINT('', (17., -18.93692213, 40.77381738));
#304 = VERTEX_POINT('', #303);
#305 = CARTESIAN_POINT('', (-17., -18.93692213, 40.77381738));
#306 = VERTEX_POINT('', #305);
#307 = CARTESIAN_POINT('', (-20., -21.65584549, 42.04167217));
#308 = VERTEX_POINT('', #307);
#309 = CARTESIAN_POINT('', (-20., -34.34415451, 47.95832783));
#310 = VERTEX_POINT('', #309);
#311 = CARTESIAN_POINT('', (-17., -37.06307787, 49.22618262));
#312 = VERTEX_POINT('', #311);
#313 = CARTESIAN_POINT('', (20., -4.76087619, 111.39987292));
#314 = VERTEX_POINT('', #313);
#315 = CARTESIAN_POINT('', (17., -7.47979955, 112.66772771));
#316 = VERTEX_POINT('', #315);
#317 = CARTESIAN_POINT('', (20., 7.92743283, 105.48321726));
#318 = VERTEX_POINT('', #317);
#319 = CARTESIAN_POINT('', (17., 10.64635619, 104.21536248));
#320 = VERTEX_POINT('', #319);
#321 = CARTESIAN_POINT('', (-17., 10.64635619, 104.21536248));
#322 = VERTEX_POINT('', #321);
#323 = CARTESIAN_POINT('', (-20., 7.92743283, 105.48321726));
#324 = VERTEX_POINT('', #323);
#325 = CARTESIAN_POINT('', (-20., -4.76087619, 111.39987292));
#326 = VERTEX_POINT('', #325);
#327 = CARTESIAN_POINT('', (-17., -7.47979955, 112.66772771));
#328 = VERTEX_POINT('', #327);
#329 = CARTESIAN_POINT('', (36., 62., 205.));
#330 = VERTEX_POINT('', #329);
#331 = CARTESIAN_POINT('', (38., 62., 205.));
#332 = VERTEX_POINT('', #331);
#333 = CARTESIAN_POINT('', (36., 62., 209.));
#334 = VERTEX_POINT('', #333);
#335 = CARTESIAN_POINT('', (38., 62., 209.));
#336 = VERTEX_POINT('', #335);
#337 = CARTESIAN_POINT('', (36., 62., 205.95));
#338 = VERTEX_POINT('', #337);
#339 = CARTESIAN_POINT('', (36., 62., 208.05));
#340 = VERTEX_POINT('', #339);
#341 = CARTESIAN_POINT('', (38., 62., 205.95));
#342 = VERTEX_POINT('', #341);
#343 = CARTESIAN_POINT('', (38., 62., 208.05));
#344 = VERTEX_POINT('', #343);
#345 = CARTESIAN_POINT('', (36., 60.95, 207.00000003));
#346 = VERTEX_POINT('', #345);
#347 = CARTESIAN_POINT('', (36., 63.05, 206.99999997));
#348 = VERTEX_POINT('', #347);
#349 = CARTESIAN_POINT('', (38., 60.95, 207.00000002));
#350 = VERTEX_POINT('', #349);
#351 = CARTESIAN_POINT('', (38., 63.05, 206.99999999));
#352 = VERTEX_POINT('', #351);
#353 = CARTESIAN_POINT('', (44., -56., 121.));
#354 = VERTEX_POINT('', #353);
#355 = CARTESIAN_POINT('', (50., -56., 127.));
#356 = VERTEX_POINT('', #355);
#357 = CARTESIAN_POINT('', (50., -60., 127.));
#358 = VERTEX_POINT('', #357);
#359 = CARTESIAN_POINT('', (44., -60., 121.));
#360 = VERTEX_POINT('', #359);
#361 = CARTESIAN_POINT('', (50., -56., 167.));
#362 = VERTEX_POINT('', #361);
#363 = CARTESIAN_POINT('', (50., -60., 167.));
#364 = VERTEX_POINT('', #363);
#365 = CARTESIAN_POINT('', (44., -56., 173.));
#366 = VERTEX_POINT('', #365);
#367 = CARTESIAN_POINT('', (44., -60., 173.));
#368 = VERTEX_POINT('', #367);
#369 = CARTESIAN_POINT('', (-44., -56., 173.));
#370 = VERTEX_POINT('', #369);
#371 = CARTESIAN_POINT('', (-44., -60., 173.));
#372 = VERTEX_POINT('', #371);
#373 = CARTESIAN_POINT('', (-50., -56., 167.));
#374 = VERTEX_POINT('', #373);
#375 = CARTESIAN_POINT('', (-50., -60., 167.));
#376 = VERTEX_POINT('', #375);
#377 = CARTESIAN_POINT('', (-50., -56., 127.));
#378 = VERTEX_POINT('', #377);
#379 = CARTESIAN_POINT('', (-50., -60., 127.));
#380 = VERTEX_POINT('', #379);
#381 = CARTESIAN_POINT('', (-44., -56., 121.));
#382 = VERTEX_POINT('', #381);
#383 = CARTESIAN_POINT('', (-44., -60., 121.));
#384 = VERTEX_POINT('', #383);
#385 = CARTESIAN_POINT('', (46., -56., 128.));
#386 = VERTEX_POINT('', #385);
#387 = CARTESIAN_POINT('', (43., -56., 125.));
#388 = VERTEX_POINT('', #387);
#389 = CARTESIAN_POINT('', (46., -56., 166.));
#390 = VERTEX_POINT('', #389);
#391 = CARTESIAN_POINT('', (43., -56., 169.));
#392 = VERTEX_POINT('', #391);
#393 = CARTESIAN_POINT('', (-43., -56., 169.));
#394 = VERTEX_POINT('', #393);
#395 = CARTESIAN_POINT('', (-46., -56., 166.));
#396 = VERTEX_POINT('', #395);
#397 = CARTESIAN_POINT('', (-46., -56., 128.));
#398 = VERTEX_POINT('', #397);
#399 = CARTESIAN_POINT('', (-43., -56., 125.));
#400 = VERTEX_POINT('', #399);
#401 = CARTESIAN_POINT('', (46., -60., 128.));
#402 = VERTEX_POINT('', #401);
#403 = CARTESIAN_POINT('', (43., -60., 125.));
#404 = VERTEX_POINT('', #403);
#405 = CARTESIAN_POINT('', (46., -60., 166.));
#406 = VERTEX_POINT('', #405);
#407 = CARTESIAN_POINT('', (43., -60., 169.));
#408 = VERTEX_POINT('', #407);
#409 = CARTESIAN_POINT('', (-43., -60., 169.));
#410 = VERTEX_POINT('', #409);
#411 = CARTESIAN_POINT('', (-46., -60., 166.));
#412 = VERTEX_POINT('', #411);
#413 = CARTESIAN_POINT('', (-46., -60., 128.));
#414 = VERTEX_POINT('', #413);
#415 = CARTESIAN_POINT('', (-43., -60., 125.));
#416 = VERTEX_POINT('', #415);
#417 = CARTESIAN_POINT('', (43., -56., 81.));
#418 = VERTEX_POINT('', #417);
#419 = CARTESIAN_POINT('', (47., -56., 85.));
#420 = VERTEX_POINT('', #419);
#421 = CARTESIAN_POINT('', (47., -60., 85.));
#422 = VERTEX_POINT('', #421);
#423 = CARTESIAN_POINT('', (43., -60., 81.));
#424 = VERTEX_POINT('', #423);
#425 = CARTESIAN_POINT('', (47., -56., 103.));
#426 = VERTEX_POINT('', #425);
#427 = CARTESIAN_POINT('', (47., -60., 103.));
#428 = VERTEX_POINT('', #427);
#429 = CARTESIAN_POINT('', (43., -56., 107.));
#430 = VERTEX_POINT('', #429);
#431 = CARTESIAN_POINT('', (43., -60., 107.));
#432 = VERTEX_POINT('', #431);
#433 = CARTESIAN_POINT('', (13., -56., 107.));
#434 = VERTEX_POINT('', #433);
#435 = CARTESIAN_POINT('', (13., -60., 107.));
#436 = VERTEX_POINT('', #435);
#437 = CARTESIAN_POINT('', (9., -56., 103.));
#438 = VERTEX_POINT('', #437);
#439 = CARTESIAN_POINT('', (9., -60., 103.));
#440 = VERTEX_POINT('', #439);
#441 = CARTESIAN_POINT('', (9., -56., 85.));
#442 = VERTEX_POINT('', #441);
#443 = CARTESIAN_POINT('', (9., -60., 85.));
#444 = VERTEX_POINT('', #443);
#445 = CARTESIAN_POINT('', (13., -56., 81.));
#446 = VERTEX_POINT('', #445);
#447 = CARTESIAN_POINT('', (13., -60., 81.));
#448 = VERTEX_POINT('', #447);
#449 = CARTESIAN_POINT('', (41., -56., 85.8));
#450 = VERTEX_POINT('', #449);
#451 = CARTESIAN_POINT('', (40.2, -56., 85.));
#452 = VERTEX_POINT('', #451);
#453 = CARTESIAN_POINT('', (41., -56., 86.2));
#454 = VERTEX_POINT('', #453);
#455 = CARTESIAN_POINT('', (40.2, -56., 87.));
#456 = VERTEX_POINT('', #455);
#457 = CARTESIAN_POINT('', (15.8, -56., 87.));
#458 = VERTEX_POINT('', #457);
#459 = CARTESIAN_POINT('', (15., -56., 86.2));
#460 = VERTEX_POINT('', #459);
#461 = CARTESIAN_POINT('', (15., -56., 85.8));
#462 = VERTEX_POINT('', #461);
#463 = CARTESIAN_POINT('', (15.8, -56., 85.));
#464 = VERTEX_POINT('', #463);
#465 = CARTESIAN_POINT('', (41., -60., 85.8));
#466 = VERTEX_POINT('', #465);
#467 = CARTESIAN_POINT('', (40.2, -60., 85.));
#468 = VERTEX_POINT('', #467);
#469 = CARTESIAN_POINT('', (41., -60., 86.2));
#470 = VERTEX_POINT('', #469);
#471 = CARTESIAN_POINT('', (40.2, -60., 87.));
#472 = VERTEX_POINT('', #471);
#473 = CARTESIAN_POINT('', (15.8, -60., 87.));
#474 = VERTEX_POINT('', #473);
#475 = CARTESIAN_POINT('', (15., -60., 86.2));
#476 = VERTEX_POINT('', #475);
#477 = CARTESIAN_POINT('', (15., -60., 85.8));
#478 = VERTEX_POINT('', #477);
#479 = CARTESIAN_POINT('', (15.8, -60., 85.));
#480 = VERTEX_POINT('', #479);
#481 = CARTESIAN_POINT('', (41., -56., 89.8));
#482 = VERTEX_POINT('', #481);
#483 = CARTESIAN_POINT('', (40.2, -56., 89.));
#484 = VERTEX_POINT('', #483);
#485 = CARTESIAN_POINT('', (41., -56., 90.2));
#486 = VERTEX_POINT('', #485);
#487 = CARTESIAN_POINT('', (40.2, -56., 91.));
#488 = VERTEX_POINT('', #487);
#489 = CARTESIAN_POINT('', (15.8, -56., 91.));
#490 = VERTEX_POINT('', #489);
#491 = CARTESIAN_POINT('', (15., -56., 90.2));
#492 = VERTEX_POINT('', #491);
#493 = CARTESIAN_POINT('', (15., -56., 89.8));
#494 = VERTEX_POINT('', #493);
#495 = CARTESIAN_POINT('', (15.8, -56., 89.));
#496 = VERTEX_POINT('', #495);
#497 = CARTESIAN_POINT('', (41., -60., 89.8));
#498 = VERTEX_POINT('', #497);
#499 = CARTESIAN_POINT('', (40.2, -60., 89.));
#500 = VERTEX_POINT('', #499);
#501 = CARTESIAN_POINT('', (41., -60., 90.2));
#502 = VERTEX_POINT('', #501);
#503 = CARTESIAN_POINT('', (40.2, -60., 91.));
#504 = VERTEX_POINT('', #503);
#505 = CARTESIAN_POINT('', (15.8, -60., 91.));
#506 = VERTEX_POINT('', #505);
#507 = CARTESIAN_POINT('', (15., -60., 90.2));
#508 = VERTEX_POINT('', #507);
#509 = CARTESIAN_POINT('', (15., -60., 89.8));
#510 = VERTEX_POINT('', #509);
#511 = CARTESIAN_POINT('', (15.8, -60., 89.));
#512 = VERTEX_POINT('', #511);
#513 = CARTESIAN_POINT('', (41., -56., 93.8));
#514 = VERTEX_POINT('', #513);
#515 = CARTESIAN_POINT('', (40.2, -56., 93.));
#516 = VERTEX_POINT('', #515);
#517 = CARTESIAN_POINT('', (41., -56., 94.2));
#518 = VERTEX_POINT('', #517);
#519 = CARTESIAN_POINT('', (40.2, -56., 95.));
#520 = VERTEX_POINT('', #519);
#521 = CARTESIAN_POINT('', (15.8, -56., 95.));
#522 = VERTEX_POINT('', #521);
#523 = CARTESIAN_POINT('', (15., -56., 94.2));
#524 = VERTEX_POINT('', #523);
#525 = CARTESIAN_POINT('', (15., -56., 93.8));
#526 = VERTEX_POINT('', #525);
#527 = CARTESIAN_POINT('', (15.8, -56., 93.));
#528 = VERTEX_POINT('', #527);
#529 = CARTESIAN_POINT('', (41., -60., 93.8));
#530 = VERTEX_POINT('', #529);
#531 = CARTESIAN_POINT('', (40.2, -60., 93.));
#532 = VERTEX_POINT('', #531);
#533 = CARTESIAN_POINT('', (41., -60., 94.2));
#534 = VERTEX_POINT('', #533);
#535 = CARTESIAN_POINT('', (40.2, -60., 95.));
#536 = VERTEX_POINT('', #535);
#537 = CARTESIAN_POINT('', (15.8, -60., 95.));
#538 = VERTEX_POINT('', #537);
#539 = CARTESIAN_POINT('', (15., -60., 94.2));
#540 = VERTEX_POINT('', #539);
#541 = CARTESIAN_POINT('', (15., -60., 93.8));
#542 = VERTEX_POINT('', #541);
#543 = CARTESIAN_POINT('', (15.8, -60., 93.));
#544 = VERTEX_POINT('', #543);
#545 = CARTESIAN_POINT('', (41., -56., 97.8));
#546 = VERTEX_POINT('', #545);
#547 = CARTESIAN_POINT('', (40.2, -56., 97.));
#548 = VERTEX_POINT('', #547);
#549 = CARTESIAN_POINT('', (41., -56., 98.2));
#550 = VERTEX_POINT('', #549);
#551 = CARTESIAN_POINT('', (40.2, -56., 99.));
#552 = VERTEX_POINT('', #551);
#553 = CARTESIAN_POINT('', (15.8, -56., 99.));
#554 = VERTEX_POINT('', #553);
#555 = CARTESIAN_POINT('', (15., -56., 98.2));
#556 = VERTEX_POINT('', #555);
#557 = CARTESIAN_POINT('', (15., -56., 97.8));
#558 = VERTEX_POINT('', #557);
#559 = CARTESIAN_POINT('', (15.8, -56., 97.));
#560 = VERTEX_POINT('', #559);
#561 = CARTESIAN_POINT('', (41., -60., 97.8));
#562 = VERTEX_POINT('', #561);
#563 = CARTESIAN_POINT('', (40.2, -60., 97.));
#564 = VERTEX_POINT('', #563);
#565 = CARTESIAN_POINT('', (41., -60., 98.2));
#566 = VERTEX_POINT('', #565);
#567 = CARTESIAN_POINT('', (40.2, -60., 99.));
#568 = VERTEX_POINT('', #567);
#569 = CARTESIAN_POINT('', (15.8, -60., 99.));
#570 = VERTEX_POINT('', #569);
#571 = CARTESIAN_POINT('', (15., -60., 98.2));
#572 = VERTEX_POINT('', #571);
#573 = CARTESIAN_POINT('', (15., -60., 97.8));
#574 = VERTEX_POINT('', #573);
#575 = CARTESIAN_POINT('', (15.8, -60., 97.));
#576 = VERTEX_POINT('', #575);
#577 = CARTESIAN_POINT('', (41., -56., 101.8));
#578 = VERTEX_POINT('', #577);
#579 = CARTESIAN_POINT('', (40.2, -56., 101.));
#580 = VERTEX_POINT('', #579);
#581 = CARTESIAN_POINT('', (41., -56., 102.2));
#582 = VERTEX_POINT('', #581);
#583 = CARTESIAN_POINT('', (40.2, -56., 103.));
#584 = VERTEX_POINT('', #583);
#585 = CARTESIAN_POINT('', (15.8, -56., 103.));
#586 = VERTEX_POINT('', #585);
#587 = CARTESIAN_POINT('', (15., -56., 102.2));
#588 = VERTEX_POINT('', #587);
#589 = CARTESIAN_POINT('', (15., -56., 101.8));
#590 = VERTEX_POINT('', #589);
#591 = CARTESIAN_POINT('', (15.8, -56., 101.));
#592 = VERTEX_POINT('', #591);
#593 = CARTESIAN_POINT('', (41., -60., 101.8));
#594 = VERTEX_POINT('', #593);
#595 = CARTESIAN_POINT('', (40.2, -60., 101.));
#596 = VERTEX_POINT('', #595);
#597 = CARTESIAN_POINT('', (41., -60., 102.2));
#598 = VERTEX_POINT('', #597);
#599 = CARTESIAN_POINT('', (40.2, -60., 103.));
#600 = VERTEX_POINT('', #599);
#601 = CARTESIAN_POINT('', (15.8, -60., 103.));
#602 = VERTEX_POINT('', #601);
#603 = CARTESIAN_POINT('', (15., -60., 102.2));
#604 = VERTEX_POINT('', #603);
#605 = CARTESIAN_POINT('', (15., -60., 101.8));
#606 = VERTEX_POINT('', #605);
#607 = CARTESIAN_POINT('', (15.8, -60., 101.));
#608 = VERTEX_POINT('', #607);
#609 = CARTESIAN_POINT('', (34., -33., 132.));
#610 = VERTEX_POINT('', #609);
#611 = CARTESIAN_POINT('', (44., -23., 132.));
#612 = VERTEX_POINT('', #611);
#613 = CARTESIAN_POINT('', (44., -23., 176.));
#614 = VERTEX_POINT('', #613);
#615 = CARTESIAN_POINT('', (34., -33., 176.));
#616 = VERTEX_POINT('', #615);
#617 = CARTESIAN_POINT('', (44., 29., 132.));
#618 = VERTEX_POINT('', #617);
#619 = CARTESIAN_POINT('', (44., 29., 176.));
#620 = VERTEX_POINT('', #619);
#621 = CARTESIAN_POINT('', (34., 39., 132.));
#622 = VERTEX_POINT('', #621);
#623 = CARTESIAN_POINT('', (34., 39., 176.));
#624 = VERTEX_POINT('', #623);
#625 = CARTESIAN_POINT('', (-34., 39., 132.));
#626 = VERTEX_POINT('', #625);
#627 = CARTESIAN_POINT('', (-34., 39., 176.));
#628 = VERTEX_POINT('', #627);
#629 = CARTESIAN_POINT('', (-44., 29., 132.));
#630 = VERTEX_POINT('', #629);
#631 = CARTESIAN_POINT('', (-44., 29., 176.));
#632 = VERTEX_POINT('', #631);
#633 = CARTESIAN_POINT('', (-44., -23., 132.));
#634 = VERTEX_POINT('', #633);
#635 = CARTESIAN_POINT('', (-44., -23., 176.));
#636 = VERTEX_POINT('', #635);
#637 = CARTESIAN_POINT('', (-34., -33., 132.));
#638 = VERTEX_POINT('', #637);
#639 = CARTESIAN_POINT('', (-34., -33., 176.));
#640 = VERTEX_POINT('', #639);
#641 = CARTESIAN_POINT('', (34., -30.5, 135.));
#642 = VERTEX_POINT('', #641);
#643 = CARTESIAN_POINT('', (41.5, -23., 135.));
#644 = VERTEX_POINT('', #643);
#645 = CARTESIAN_POINT('', (41.5, 29., 135.));
#646 = VERTEX_POINT('', #645);
#647 = CARTESIAN_POINT('', (34., 36.5, 135.));
#648 = VERTEX_POINT('', #647);
#649 = CARTESIAN_POINT('', (-34., 36.5, 135.));
#650 = VERTEX_POINT('', #649);
#651 = CARTESIAN_POINT('', (-41.5, 29., 135.));
#652 = VERTEX_POINT('', #651);
#653 = CARTESIAN_POINT('', (-41.5, -23., 135.));
#654 = VERTEX_POINT('', #653);
#655 = CARTESIAN_POINT('', (-34., -30.5, 135.));
#656 = VERTEX_POINT('', #655);
#657 = CARTESIAN_POINT('', (41.5, -23., 176.));
#658 = VERTEX_POINT('', #657);
#659 = CARTESIAN_POINT('', (34., -30.5, 176.));
#660 = VERTEX_POINT('', #659);
#661 = CARTESIAN_POINT('', (41.5, 29., 176.));
#662 = VERTEX_POINT('', #661);
#663 = CARTESIAN_POINT('', (34., 36.5, 176.));
#664 = VERTEX_POINT('', #663);
#665 = CARTESIAN_POINT('', (-34., 36.5, 176.));
#666 = VERTEX_POINT('', #665);
#667 = CARTESIAN_POINT('', (-41.5, 29., 176.));
#668 = VERTEX_POINT('', #667);
#669 = CARTESIAN_POINT('', (-41.5, -23., 176.));
#670 = VERTEX_POINT('', #669);
#671 = CARTESIAN_POINT('', (-34., -30.5, 176.));
#672 = VERTEX_POINT('', #671);
#673 = CARTESIAN_POINT('', (11.00000002, 3., 132.));
#674 = VERTEX_POINT('', #673);
#675 = CARTESIAN_POINT('', (-11.00000001, 3., 132.));
#676 = VERTEX_POINT('', #675);
#677 = CARTESIAN_POINT('', (11.00000002, 3., 135.));
#678 = VERTEX_POINT('', #677);
#679 = CARTESIAN_POINT('', (-11.00000001, 3., 135.));
#680 = VERTEX_POINT('', #679);
#681 = CARTESIAN_POINT('', (0.00000195, -8.00000001, 132.));
#682 = VERTEX_POINT('', #681);
#683 = CARTESIAN_POINT('', (-0.00000194, 14.00000001, 132.));
#684 = VERTEX_POINT('', #683);
#685 = CARTESIAN_POINT('', (0.00000001, -8.00000001, 135.));
#686 = VERTEX_POINT('', #685);
#687 = CARTESIAN_POINT('', (0., 14.00000001, 135.));
#688 = VERTEX_POINT('', #687);
#689 = CARTESIAN_POINT('', (58., -47., 176.));
#690 = VERTEX_POINT('', #689);
#691 = CARTESIAN_POINT('', (68., -37., 176.));
#692 = VERTEX_POINT('', #691);
#693 = CARTESIAN_POINT('', (68., -37., 203.));
#694 = VERTEX_POINT('', #693);
#695 = CARTESIAN_POINT('', (58., -47., 203.));
#696 = VERTEX_POINT('', #695);
#697 = CARTESIAN_POINT('', (68., 43., 176.));
#698 = VERTEX_POINT('', #697);
#699 = CARTESIAN_POINT('', (68., 43., 203.));
#700 = VERTEX_POINT('', #699);
#701 = CARTESIAN_POINT('', (58., 53., 176.));
#702 = VERTEX_POINT('', #701);
#703 = CARTESIAN_POINT('', (58., 53., 203.));
#704 = VERTEX_POINT('', #703);
#705 = CARTESIAN_POINT('', (-58., 53., 176.));
#706 = VERTEX_POINT('', #705);
#707 = CARTESIAN_POINT('', (-58., 53., 203.));
#708 = VERTEX_POINT('', #707);
#709 = CARTESIAN_POINT('', (-68., 43., 176.));
#710 = VERTEX_POINT('', #709);
#711 = CARTESIAN_POINT('', (-68., 43., 203.));
#712 = VERTEX_POINT('', #711);
#713 = CARTESIAN_POINT('', (-68., -37., 176.));
#714 = VERTEX_POINT('', #713);
#715 = CARTESIAN_POINT('', (-68., -37., 203.));
#716 = VERTEX_POINT('', #715);
#717 = CARTESIAN_POINT('', (-58., -47., 176.));
#718 = VERTEX_POINT('', #717);
#719 = CARTESIAN_POINT('', (-58., -47., 203.));
#720 = VERTEX_POINT('', #719);
#721 = CARTESIAN_POINT('', (-49.5, -40.5, 178.));
#722 = VERTEX_POINT('', #721);
#723 = CARTESIAN_POINT('', (-47.5, -38.5, 178.));
#724 = VERTEX_POINT('', #723);
#725 = CARTESIAN_POINT('', (-47.5, 44.5, 178.));
#726 = VERTEX_POINT('', #725);
#727 = CARTESIAN_POINT('', (-49.5, 46.5, 178.));
#728 = VERTEX_POINT('', #727);
#729 = CARTESIAN_POINT('', (-61.5, 46.5, 178.));
#730 = VERTEX_POINT('', #729);
#731 = CARTESIAN_POINT('', (-63.5, 44.5, 178.));
#732 = VERTEX_POINT('', #731);
#733 = CARTESIAN_POINT('', (-63.5, -38.5, 178.));
#734 = VERTEX_POINT('', #733);
#735 = CARTESIAN_POINT('', (-61.5, -40.5, 178.));
#736 = VERTEX_POINT('', #735);
#737 = CARTESIAN_POINT('', (-47.5, -38.5, 203.));
#738 = VERTEX_POINT('', #737);
#739 = CARTESIAN_POINT('', (-49.5, -40.5, 203.));
#740 = VERTEX_POINT('', #739);
#741 = CARTESIAN_POINT('', (-47.5, 44.5, 203.));
#742 = VERTEX_POINT('', #741);
#743 = CARTESIAN_POINT('', (-49.5, 46.5, 203.));
#744 = VERTEX_POINT('', #743);
#745 = CARTESIAN_POINT('', (-61.5, 46.5, 203.));
#746 = VERTEX_POINT('', #745);
#747 = CARTESIAN_POINT('', (-63.5, 44.5, 203.));
#748 = VERTEX_POINT('', #747);
#749 = CARTESIAN_POINT('', (-63.5, -38.5, 203.));
#750 = VERTEX_POINT('', #749);
#751 = CARTESIAN_POINT('', (-61.5, -40.5, 203.));
#752 = VERTEX_POINT('', #751);
#753 = CARTESIAN_POINT('', (-31., -40.5, 178.));
#754 = VERTEX_POINT('', #753);
#755 = CARTESIAN_POINT('', (-29., -38.5, 178.));
#756 = VERTEX_POINT('', #755);
#757 = CARTESIAN_POINT('', (-29., 44.5, 178.));
#758 = VERTEX_POINT('', #757);
#759 = CARTESIAN_POINT('', (-31., 46.5, 178.));
#760 = VERTEX_POINT('', #759);
#761 = CARTESIAN_POINT('', (-43., 46.5, 178.));
#762 = VERTEX_POINT('', #761);
#763 = CARTESIAN_POINT('', (-45., 44.5, 178.));
#764 = VERTEX_POINT('', #763);
#765 = CARTESIAN_POINT('', (-45., -38.5, 178.));
#766 = VERTEX_POINT('', #765);
#767 = CARTESIAN_POINT('', (-43., -40.5, 178.));
#768 = VERTEX_POINT('', #767);
#769 = CARTESIAN_POINT('', (-29., -38.5, 203.));
#770 = VERTEX_POINT('', #769);
#771 = CARTESIAN_POINT('', (-31., -40.5, 203.));
#772 = VERTEX_POINT('', #771);
#773 = CARTESIAN_POINT('', (-29., 44.5, 203.));
#774 = VERTEX_POINT('', #773);
#775 = CARTESIAN_POINT('', (-31., 46.5, 203.));
#776 = VERTEX_POINT('', #775);
#777 = CARTESIAN_POINT('', (-43., 46.5, 203.));
#778 = VERTEX_POINT('', #777);
#779 = CARTESIAN_POINT('', (-45., 44.5, 203.));
#780 = VERTEX_POINT('', #779);
#781 = CARTESIAN_POINT('', (-45., -38.5, 203.));
#782 = VERTEX_POINT('', #781);
#783 = CARTESIAN_POINT('', (-43., -40.5, 203.));
#784 = VERTEX_POINT('', #783);
#785 = CARTESIAN_POINT('', (-12.5, -40.5, 178.));
#786 = VERTEX_POINT('', #785);
#787 = CARTESIAN_POINT('', (-10.5, -38.5, 178.));
#788 = VERTEX_POINT('', #787);
#789 = CARTESIAN_POINT('', (-10.5, 44.5, 178.));
#790 = VERTEX_POINT('', #789);
#791 = CARTESIAN_POINT('', (-12.5, 46.5, 178.));
#792 = VERTEX_POINT('', #791);
#793 = CARTESIAN_POINT('', (-24.5, 46.5, 178.));
#794 = VERTEX_POINT('', #793);
#795 = CARTESIAN_POINT('', (-26.5, 44.5, 178.));
#796 = VERTEX_POINT('', #795);
#797 = CARTESIAN_POINT('', (-26.5, -38.5, 178.));
#798 = VERTEX_POINT('', #797);
#799 = CARTESIAN_POINT('', (-24.5, -40.5, 178.));
#800 = VERTEX_POINT('', #799);
#801 = CARTESIAN_POINT('', (-10.5, -38.5, 203.));
#802 = VERTEX_POINT('', #801);
#803 = CARTESIAN_POINT('', (-12.5, -40.5, 203.));
#804 = VERTEX_POINT('', #803);
#805 = CARTESIAN_POINT('', (-10.5, 44.5, 203.));
#806 = VERTEX_POINT('', #805);
#807 = CARTESIAN_POINT('', (-12.5, 46.5, 203.));
#808 = VERTEX_POINT('', #807);
#809 = CARTESIAN_POINT('', (-24.5, 46.5, 203.));
#810 = VERTEX_POINT('', #809);
#811 = CARTESIAN_POINT('', (-26.5, 44.5, 203.));
#812 = VERTEX_POINT('', #811);
#813 = CARTESIAN_POINT('', (-26.5, -38.5, 203.));
#814 = VERTEX_POINT('', #813);
#815 = CARTESIAN_POINT('', (-24.5, -40.5, 203.));
#816 = VERTEX_POINT('', #815);
#817 = CARTESIAN_POINT('', (6., -40.5, 178.));
#818 = VERTEX_POINT('', #817);
#819 = CARTESIAN_POINT('', (8., -38.5, 178.));
#820 = VERTEX_POINT('', #819);
#821 = CARTESIAN_POINT('', (8., 44.5, 178.));
#822 = VERTEX_POINT('', #821);
#823 = CARTESIAN_POINT('', (6., 46.5, 178.));
#824 = VERTEX_POINT('', #823);
#825 = CARTESIAN_POINT('', (-6., 46.5, 178.));
#826 = VERTEX_POINT('', #825);
#827 = CARTESIAN_POINT('', (-8., 44.5, 178.));
#828 = VERTEX_POINT('', #827);
#829 = CARTESIAN_POINT('', (-8., -38.5, 178.));
#830 = VERTEX_POINT('', #829);
#831 = CARTESIAN_POINT('', (-6., -40.5, 178.));
#832 = VERTEX_POINT('', #831);
#833 = CARTESIAN_POINT('', (8., -38.5, 203.));
#834 = VERTEX_POINT('', #833);
#835 = CARTESIAN_POINT('', (6., -40.5, 203.));
#836 = VERTEX_POINT('', #835);
#837 = CARTESIAN_POINT('', (8., 44.5, 203.));
#838 = VERTEX_POINT('', #837);
#839 = CARTESIAN_POINT('', (6., 46.5, 203.));
#840 = VERTEX_POINT('', #839);
#841 = CARTESIAN_POINT('', (-6., 46.5, 203.));
#842 = VERTEX_POINT('', #841);
#843 = CARTESIAN_POINT('', (-8., 44.5, 203.));
#844 = VERTEX_POINT('', #843);
#845 = CARTESIAN_POINT('', (-8., -38.5, 203.));
#846 = VERTEX_POINT('', #845);
#847 = CARTESIAN_POINT('', (-6., -40.5, 203.));
#848 = VERTEX_POINT('', #847);
#849 = CARTESIAN_POINT('', (24.5, -40.5, 178.));
#850 = VERTEX_POINT('', #849);
#851 = CARTESIAN_POINT('', (26.5, -38.5, 178.));
#852 = VERTEX_POINT('', #851);
#853 = CARTESIAN_POINT('', (26.5, 44.5, 178.));
#854 = VERTEX_POINT('', #853);
#855 = CARTESIAN_POINT('', (24.5, 46.5, 178.));
#856 = VERTEX_POINT('', #855);
#857 = CARTESIAN_POINT('', (12.5, 46.5, 178.));
#858 = VERTEX_POINT('', #857);
#859 = CARTESIAN_POINT('', (10.5, 44.5, 178.));
#860 = VERTEX_POINT('', #859);
#861 = CARTESIAN_POINT('', (10.5, -38.5, 178.));
#862 = VERTEX_POINT('', #861);
#863 = CARTESIAN_POINT('', (12.5, -40.5, 178.));
#864 = VERTEX_POINT('', #863);
#865 = CARTESIAN_POINT('', (26.5, -38.5, 203.));
#866 = VERTEX_POINT('', #865);
#867 = CARTESIAN_POINT('', (24.5, -40.5, 203.));
#868 = VERTEX_POINT('', #867);
#869 = CARTESIAN_POINT('', (26.5, 44.5, 203.));
#870 = VERTEX_POINT('', #869);
#871 = CARTESIAN_POINT('', (24.5, 46.5, 203.));
#872 = VERTEX_POINT('', #871);
#873 = CARTESIAN_POINT('', (12.5, 46.5, 203.));
#874 = VERTEX_POINT('', #873);
#875 = CARTESIAN_POINT('', (10.5, 44.5, 203.));
#876 = VERTEX_POINT('', #875);
#877 = CARTESIAN_POINT('', (10.5, -38.5, 203.));
#878 = VERTEX_POINT('', #877);
#879 = CARTESIAN_POINT('', (12.5, -40.5, 203.));
#880 = VERTEX_POINT('', #879);
#881 = CARTESIAN_POINT('', (43., -40.5, 178.));
#882 = VERTEX_POINT('', #881);
#883 = CARTESIAN_POINT('', (45., -38.5, 178.));
#884 = VERTEX_POINT('', #883);
#885 = CARTESIAN_POINT('', (45., 44.5, 178.));
#886 = VERTEX_POINT('', #885);
#887 = CARTESIAN_POINT('', (43., 46.5, 178.));
#888 = VERTEX_POINT('', #887);
#889 = CARTESIAN_POINT('', (31., 46.5, 178.));
#890 = VERTEX_POINT('', #889);
#891 = CARTESIAN_POINT('', (29., 44.5, 178.));
#892 = VERTEX_POINT('', #891);
#893 = CARTESIAN_POINT('', (29., -38.5, 178.));
#894 = VERTEX_POINT('', #893);
#895 = CARTESIAN_POINT('', (31., -40.5, 178.));
#896 = VERTEX_POINT('', #895);
#897 = CARTESIAN_POINT('', (45., -38.5, 203.));
#898 = VERTEX_POINT('', #897);
#899 = CARTESIAN_POINT('', (43., -40.5, 203.));
#900 = VERTEX_POINT('', #899);
#901 = CARTESIAN_POINT('', (45., 44.5, 203.));
#902 = VERTEX_POINT('', #901);
#903 = CARTESIAN_POINT('', (43., 46.5, 203.));
#904 = VERTEX_POINT('', #903);
#905 = CARTESIAN_POINT('', (31., 46.5, 203.));
#906 = VERTEX_POINT('', #905);
#907 = CARTESIAN_POINT('', (29., 44.5, 203.));
#908 = VERTEX_POINT('', #907);
#909 = CARTESIAN_POINT('', (29., -38.5, 203.));
#910 = VERTEX_POINT('', #909);
#911 = CARTESIAN_POINT('', (31., -40.5, 203.));
#912 = VERTEX_POINT('', #911);
#913 = CARTESIAN_POINT('', (61.5, -40.5, 178.));
#914 = VERTEX_POINT('', #913);
#915 = CARTESIAN_POINT('', (63.5, -38.5, 178.));
#916 = VERTEX_POINT('', #915);
#917 = CARTESIAN_POINT('', (63.5, 44.5, 178.));
#918 = VERTEX_POINT('', #917);
#919 = CARTESIAN_POINT('', (61.5, 46.5, 178.));
#920 = VERTEX_POINT('', #919);
#921 = CARTESIAN_POINT('', (49.5, 46.5, 178.));
#922 = VERTEX_POINT('', #921);
#923 = CARTESIAN_POINT('', (47.5, 44.5, 178.));
#924 = VERTEX_POINT('', #923);
#925 = CARTESIAN_POINT('', (47.5, -38.5, 178.));
#926 = VERTEX_POINT('', #925);
#927 = CARTESIAN_POINT('', (49.5, -40.5, 178.));
#928 = VERTEX_POINT('', #927);
#929 = CARTESIAN_POINT('', (63.5, -38.5, 203.));
#930 = VERTEX_POINT('', #929);
#931 = CARTESIAN_POINT('', (61.5, -40.5, 203.));
#932 = VERTEX_POINT('', #931);
#933 = CARTESIAN_POINT('', (63.5, 44.5, 203.));
#934 = VERTEX_POINT('', #933);
#935 = CARTESIAN_POINT('', (61.5, 46.5, 203.));
#936 = VERTEX_POINT('', #935);
#937 = CARTESIAN_POINT('', (49.5, 46.5, 203.));
#938 = VERTEX_POINT('', #937);
#939 = CARTESIAN_POINT('', (47.5, 44.5, 203.));
#940 = VERTEX_POINT('', #939);
#941 = CARTESIAN_POINT('', (47.5, -38.5, 203.));
#942 = VERTEX_POINT('', #941);
#943 = CARTESIAN_POINT('', (49.5, -40.5, 203.));
#944 = VERTEX_POINT('', #943);
#945 = CARTESIAN_POINT('', (34., -30., 171.));
#946 = VERTEX_POINT('', #945);
#947 = CARTESIAN_POINT('', (41., -23., 171.));
#948 = VERTEX_POINT('', #947);
#949 = CARTESIAN_POINT('', (41., 29., 171.));
#950 = VERTEX_POINT('', #949);
#951 = CARTESIAN_POINT('', (34., 36., 171.));
#952 = VERTEX_POINT('', #951);
#953 = CARTESIAN_POINT('', (-34., 36., 171.));
#954 = VERTEX_POINT('', #953);
#955 = CARTESIAN_POINT('', (-41., 29., 171.));
#956 = VERTEX_POINT('', #955);
#957 = CARTESIAN_POINT('', (-41., -23., 171.));
#958 = VERTEX_POINT('', #957);
#959 = CARTESIAN_POINT('', (-34., -30., 171.));
#960 = VERTEX_POINT('', #959);
#961 = CARTESIAN_POINT('', (39., -23., 171.));
#962 = VERTEX_POINT('', #961);
#963 = CARTESIAN_POINT('', (34., -28., 171.));
#964 = VERTEX_POINT('', #963);
#965 = CARTESIAN_POINT('', (39., 29., 171.));
#966 = VERTEX_POINT('', #965);
#967 = CARTESIAN_POINT('', (34., 34., 171.));
#968 = VERTEX_POINT('', #967);
#969 = CARTESIAN_POINT('', (-34., 34., 171.));
#970 = VERTEX_POINT('', #969);
#971 = CARTESIAN_POINT('', (-39., 29., 171.));
#972 = VERTEX_POINT('', #971);
#973 = CARTESIAN_POINT('', (-39., -23., 171.));
#974 = VERTEX_POINT('', #973);
#975 = CARTESIAN_POINT('', (-34., -28., 171.));
#976 = VERTEX_POINT('', #975);
#977 = CARTESIAN_POINT('', (41., -23., 176.));
#978 = VERTEX_POINT('', #977);
#979 = CARTESIAN_POINT('', (34., -30., 176.));
#980 = VERTEX_POINT('', #979);
#981 = CARTESIAN_POINT('', (41., 29., 176.));
#982 = VERTEX_POINT('', #981);
#983 = CARTESIAN_POINT('', (34., 36., 176.));
#984 = VERTEX_POINT('', #983);
#985 = CARTESIAN_POINT('', (-34., 36., 176.));
#986 = VERTEX_POINT('', #985);
#987 = CARTESIAN_POINT('', (-41., 29., 176.));
#988 = VERTEX_POINT('', #987);
#989 = CARTESIAN_POINT('', (-41., -23., 176.));
#990 = VERTEX_POINT('', #989);
#991 = CARTESIAN_POINT('', (-34., -30., 176.));
#992 = VERTEX_POINT('', #991);
#993 = CARTESIAN_POINT('', (-34., -28., 176.));
#994 = VERTEX_POINT('', #993);
#995 = CARTESIAN_POINT('', (34., -28., 176.));
#996 = VERTEX_POINT('', #995);
#997 = CARTESIAN_POINT('', (-39., -23., 176.));
#998 = VERTEX_POINT('', #997);
#999 = CARTESIAN_POINT('', (-39., 29., 176.));
#1000 = VERTEX_POINT('', #999);
#1001 = CARTESIAN_POINT('', (-34., 34., 176.));
#1002 = VERTEX_POINT('', #1001);
#1003 = CARTESIAN_POINT('', (34., 34., 176.));
#1004 = VERTEX_POINT('', #1003);
#1005 = CARTESIAN_POINT('', (39., 29., 176.));
#1006 = VERTEX_POINT('', #1005);
#1007 = CARTESIAN_POINT('', (39., -23., 176.));
#1008 = VERTEX_POINT('', #1007);
#1009 = CARTESIAN_POINT('', (60., 89.64286984, 321.75570464));
#1010 = VERTEX_POINT('', #1009);
#1011 = CARTESIAN_POINT('', (75., 85.76058417, 307.26681724));
#1012 = VERTEX_POINT('', #1011);
#1013 = CARTESIAN_POINT('', (75., 91.55613912, 305.71390297));
#1014 = VERTEX_POINT('', #1013);
#1015 = CARTESIAN_POINT('', (60., 95.4384248, 320.20279037));
#1016 = VERTEX_POINT('', #1015);
#1017 = CARTESIAN_POINT('', (75., 63.50214629, 224.19719618));
#1018 = VERTEX_POINT('', #1017);
#1019 = CARTESIAN_POINT('', (75., 69.29770125, 222.64428191));
#1020 = VERTEX_POINT('', #1019);
#1021 = CARTESIAN_POINT('', (60., 59.61986061, 209.70830879));
#1022 = VERTEX_POINT('', #1021);
#1023 = CARTESIAN_POINT('', (60., 65.41541557, 208.15539452));
#1024 = VERTEX_POINT('', #1023);
#1025 = CARTESIAN_POINT('', (-60., 59.61986061, 209.70830879));
#1026 = VERTEX_POINT('', #1025);
#1027 = CARTESIAN_POINT('', (-60., 65.41541557, 208.15539452));
#1028 = VERTEX_POINT('', #1027);
#1029 = CARTESIAN_POINT('', (-75., 63.50214629, 224.19719618));
#1030 = VERTEX_POINT('', #1029);
#1031 = CARTESIAN_POINT('', (-75., 69.29770125, 222.64428191));
#1032 = VERTEX_POINT('', #1031);
#1033 = CARTESIAN_POINT('', (-75., 85.76058417, 307.26681724));
#1034 = VERTEX_POINT('', #1033);
#1035 = CARTESIAN_POINT('', (-75., 91.55613912, 305.71390297));
#1036 = VERTEX_POINT('', #1035);
#1037 = CARTESIAN_POINT('', (-60., 89.64286984, 321.75570464));
#1038 = VERTEX_POINT('', #1037);
#1039 = CARTESIAN_POINT('', (-60., 95.4384248, 320.20279037));
#1040 = VERTEX_POINT('', #1039);
#1041 = CARTESIAN_POINT('', (-12.4, 65.41541557, 208.15539452));
#1042 = VERTEX_POINT('', #1041);
#1043 = CARTESIAN_POINT('', (-12.4, 59.61986061, 209.70830879));
#1044 = VERTEX_POINT('', #1043);
#1045 = CARTESIAN_POINT('', (-35.6, 59.61986061, 209.70830879));
#1046 = VERTEX_POINT('', #1045);
#1047 = CARTESIAN_POINT('', (-35.6, 65.41541557, 208.15539452));
#1048 = VERTEX_POINT('', #1047);
#1049 = CARTESIAN_POINT('', (-12.4, 61.04336536, 215.02090083));
#1050 = VERTEX_POINT('', #1049);
#1051 = CARTESIAN_POINT('', (-12.9, 61.17277488, 215.50386375));
#1052 = VERTEX_POINT('', #1051);
#1053 = CARTESIAN_POINT('', (-35.6, 61.04336536, 215.02090083));
#1054 = VERTEX_POINT('', #1053);
#1055 = CARTESIAN_POINT('', (-35.1, 61.17277488, 215.50386375));
#1056 = VERTEX_POINT('', #1055);
#1057 = CARTESIAN_POINT('', (-12.4, 66.83892032, 213.46798656));
#1058 = VERTEX_POINT('', #1057);
#1059 = CARTESIAN_POINT('', (-12.9, 66.96832984, 213.95094948));
#1060 = VERTEX_POINT('', #1059);
#1061 = CARTESIAN_POINT('', (-35.6, 66.83892032, 213.46798656));
#1062 = VERTEX_POINT('', #1061);
#1063 = CARTESIAN_POINT('', (-35.1, 66.96832984, 213.95094948));
#1064 = VERTEX_POINT('', #1063);
#1065 = CARTESIAN_POINT('', (35.6, 65.41541557, 208.15539452));
#1066 = VERTEX_POINT('', #1065);
#1067 = CARTESIAN_POINT('', (35.6, 59.61986061, 209.70830879));
#1068 = VERTEX_POINT('', #1067);
#1069 = CARTESIAN_POINT('', (12.4, 59.61986061, 209.70830879));
#1070 = VERTEX_POINT('', #1069);
#1071 = CARTESIAN_POINT('', (12.4, 65.41541557, 208.15539452));
#1072 = VERTEX_POINT('', #1071);
#1073 = CARTESIAN_POINT('', (35.6, 61.04336536, 215.02090083));
#1074 = VERTEX_POINT('', #1073);
#1075 = CARTESIAN_POINT('', (35.1, 61.17277488, 215.50386375));
#1076 = VERTEX_POINT('', #1075);
#1077 = CARTESIAN_POINT('', (12.4, 61.04336536, 215.02090083));
#1078 = VERTEX_POINT('', #1077);
#1079 = CARTESIAN_POINT('', (12.9, 61.17277488, 215.50386375));
#1080 = VERTEX_POINT('', #1079);
#1081 = CARTESIAN_POINT('', (35.6, 66.83892032, 213.46798656));
#1082 = VERTEX_POINT('', #1081);
#1083 = CARTESIAN_POINT('', (35.1, 66.96832984, 213.95094948));
#1084 = VERTEX_POINT('', #1083);
#1085 = CARTESIAN_POINT('', (12.4, 66.83892032, 213.46798656));
#1086 = VERTEX_POINT('', #1085);
#1087 = CARTESIAN_POINT('', (12.9, 66.96832984, 213.95094948));
#1088 = VERTEX_POINT('', #1087);
#1089 = CARTESIAN_POINT('', (-12., 59.10222252, 207.77645714));
#1090 = VERTEX_POINT('', #1089);
#1091 = CARTESIAN_POINT('', (12., 59.10222252, 207.77645714));
#1092 = VERTEX_POINT('', #1091);
#1093 = CARTESIAN_POINT('', (-12., 64.89777748, 206.22354286));
#1094 = VERTEX_POINT('', #1093);
#1095 = CARTESIAN_POINT('', (12., 64.89777748, 206.22354286));
#1096 = VERTEX_POINT('', #1095);
#1097 = CARTESIAN_POINT('', (-12., 64.67751387, 208.35311468));
#1098 = VERTEX_POINT('', #1097);
#1099 = CARTESIAN_POINT('', (-12., 60.35776231, 209.51058862));
#1100 = VERTEX_POINT('', #1099);
#1101 = CARTESIAN_POINT('', (12., 64.67751387, 208.35311468));
#1102 = VERTEX_POINT('', #1101);
#1103 = CARTESIAN_POINT('', (12., 60.35776231, 209.51058862));
#1104 = VERTEX_POINT('', #1103);
#1105 = CARTESIAN_POINT('', (-12., 63.15911099, 206.68941715));
#1106 = VERTEX_POINT('', #1105);
#1107 = CARTESIAN_POINT('', (-12., 60.84088901, 207.31058285));
#1108 = VERTEX_POINT('', #1107);
#1109 = CARTESIAN_POINT('', (12., 63.15911099, 206.68941715));
#1110 = VERTEX_POINT('', #1109);
#1111 = CARTESIAN_POINT('', (12., 60.84088901, 207.31058285));
#1112 = VERTEX_POINT('', #1111);
#1113 = CARTESIAN_POINT('', (-12., 62.31058286, 208.15911099));
#1114 = VERTEX_POINT('', #1113);
#1115 = CARTESIAN_POINT('', (-12., 61.68941714, 205.84088901));
#1116 = VERTEX_POINT('', #1115);
#1117 = CARTESIAN_POINT('', (12., 62.31058367, 208.15911077));
#1118 = VERTEX_POINT('', #1117);
#1119 = CARTESIAN_POINT('', (12., 61.68941714, 205.84088901));
#1120 = VERTEX_POINT('', #1119);
#1121 = CARTESIAN_POINT('', (60., -56., 0.));
#1122 = VERTEX_POINT('', #1121);
#1123 = CARTESIAN_POINT('', (75., -41., 0.));
#1124 = VERTEX_POINT('', #1123);
#1125 = CARTESIAN_POINT('', (75., -41., 204.));
#1126 = VERTEX_POINT('', #1125);
#1127 = CARTESIAN_POINT('', (60., -56., 204.));
#1128 = VERTEX_POINT('', #1127);
#1129 = CARTESIAN_POINT('', (75., 45., 0.));
#1130 = VERTEX_POINT('', #1129);
#1131 = CARTESIAN_POINT('', (75., 45., 204.));
#1132 = VERTEX_POINT('', #1131);
#1133 = CARTESIAN_POINT('', (60., 60., 0.));
#1134 = VERTEX_POINT('', #1133);
#1135 = CARTESIAN_POINT('', (60., 60., 204.));
#1136 = VERTEX_POINT('', #1135);
#1137 = CARTESIAN_POINT('', (-60., 60., 0.));
#1138 = VERTEX_POINT('', #1137);
#1139 = CARTESIAN_POINT('', (-60., 60., 204.));
#1140 = VERTEX_POINT('', #1139);
#1141 = CARTESIAN_POINT('', (-75., 45., 0.));
#1142 = VERTEX_POINT('', #1141);
#1143 = CARTESIAN_POINT('', (-75., 45., 204.));
#1144 = VERTEX_POINT('', #1143);
#1145 = CARTESIAN_POINT('', (-75., -41., 0.));
#1146 = VERTEX_POINT('', #1145);
#1147 = CARTESIAN_POINT('', (-75., -41., 204.));
#1148 = VERTEX_POINT('', #1147);
#1149 = CARTESIAN_POINT('', (-60., -56., 0.));
#1150 = VERTEX_POINT('', #1149);
#1151 = CARTESIAN_POINT('', (-60., -56., 204.));
#1152 = VERTEX_POINT('', #1151);
#1153 = CARTESIAN_POINT('', (60., -53., 3.));
#1154 = VERTEX_POINT('', #1153);
#1155 = CARTESIAN_POINT('', (72., -41., 3.));
#1156 = VERTEX_POINT('', #1155);
#1157 = CARTESIAN_POINT('', (72., 45., 3.));
#1158 = VERTEX_POINT('', #1157);
#1159 = CARTESIAN_POINT('', (60., 57., 3.));
#1160 = VERTEX_POINT('', #1159);
#1161 = CARTESIAN_POINT('', (-60., 57., 3.));
#1162 = VERTEX_POINT('', #1161);
#1163 = CARTESIAN_POINT('', (-72., 45., 3.));
#1164 = VERTEX_POINT('', #1163);
#1165 = CARTESIAN_POINT('', (-72., -41., 3.));
#1166 = VERTEX_POINT('', #1165);
#1167 = CARTESIAN_POINT('', (-60., -53., 3.));
#1168 = VERTEX_POINT('', #1167);
#1169 = CARTESIAN_POINT('', (72., -41., 204.));
#1170 = VERTEX_POINT('', #1169);
#1171 = CARTESIAN_POINT('', (60., -53., 204.));
#1172 = VERTEX_POINT('', #1171);
#1173 = CARTESIAN_POINT('', (72., 45., 204.));
#1174 = VERTEX_POINT('', #1173);
#1175 = CARTESIAN_POINT('', (60., 57., 204.));
#1176 = VERTEX_POINT('', #1175);
#1177 = CARTESIAN_POINT('', (-60., 57., 204.));
#1178 = VERTEX_POINT('', #1177);
#1179 = CARTESIAN_POINT('', (-72., 45., 204.));
#1180 = VERTEX_POINT('', #1179);
#1181 = CARTESIAN_POINT('', (-72., -41., 204.));
#1182 = VERTEX_POINT('', #1181);
#1183 = CARTESIAN_POINT('', (-60., -53., 204.));
#1184 = VERTEX_POINT('', #1183);
#1185 = CARTESIAN_POINT('', (52., -56., 10.));
#1186 = VERTEX_POINT('', #1185);
#1187 = CARTESIAN_POINT('', (46., -56., 4.));
#1188 = VERTEX_POINT('', #1187);
#1189 = CARTESIAN_POINT('', (52., -56., 66.));
#1190 = VERTEX_POINT('', #1189);
#1191 = CARTESIAN_POINT('', (46., -56., 72.));
#1192 = VERTEX_POINT('', #1191);
#1193 = CARTESIAN_POINT('', (-46., -56., 72.));
#1194 = VERTEX_POINT('', #1193);
#1195 = CARTESIAN_POINT('', (-52., -56., 66.));
#1196 = VERTEX_POINT('', #1195);
#1197 = CARTESIAN_POINT('', (-52., -56., 10.));
#1198 = VERTEX_POINT('', #1197);
#1199 = CARTESIAN_POINT('', (-46., -56., 4.));
#1200 = VERTEX_POINT('', #1199);
#1201 = CARTESIAN_POINT('', (52., -53., 10.));
#1202 = VERTEX_POINT('', #1201);
#1203 = CARTESIAN_POINT('', (46., -53., 4.));
#1204 = VERTEX_POINT('', #1203);
#1205 = CARTESIAN_POINT('', (52., -53., 66.));
#1206 = VERTEX_POINT('', #1205);
#1207 = CARTESIAN_POINT('', (46., -53., 72.));
#1208 = VERTEX_POINT('', #1207);
#1209 = CARTESIAN_POINT('', (-46., -53., 72.));
#1210 = VERTEX_POINT('', #1209);
#1211 = CARTESIAN_POINT('', (-52., -53., 66.));
#1212 = VERTEX_POINT('', #1211);
#1213 = CARTESIAN_POINT('', (-52., -53., 10.));
#1214 = VERTEX_POINT('', #1213);
#1215 = CARTESIAN_POINT('', (-46., -53., 4.));
#1216 = VERTEX_POINT('', #1215);
#1217 = CARTESIAN_POINT('', (46.2, -56., 127.8));
#1218 = VERTEX_POINT('', #1217);
#1219 = CARTESIAN_POINT('', (43.2, -56., 124.8));
#1220 = VERTEX_POINT('', #1219);
#1221 = CARTESIAN_POINT('', (46.2, -56., 166.2));
#1222 = VERTEX_POINT('', #1221);
#1223 = CARTESIAN_POINT('', (43.2, -56., 169.2));
#1224 = VERTEX_POINT('', #1223);
#1225 = CARTESIAN_POINT('', (-43.2, -56., 169.2));
#1226 = VERTEX_POINT('', #1225);
#1227 = CARTESIAN_POINT('', (-46.2, -56., 166.2));
#1228 = VERTEX_POINT('', #1227);
#1229 = CARTESIAN_POINT('', (-46.2, -56., 127.8));
#1230 = VERTEX_POINT('', #1229);
#1231 = CARTESIAN_POINT('', (-43.2, -56., 124.8));
#1232 = VERTEX_POINT('', #1231);
#1233 = CARTESIAN_POINT('', (46.2, -53., 127.8));
#1234 = VERTEX_POINT('', #1233);
#1235 = CARTESIAN_POINT('', (43.2, -53., 124.8));
#1236 = VERTEX_POINT('', #1235);
#1237 = CARTESIAN_POINT('', (46.2, -53., 166.2));
#1238 = VERTEX_POINT('', #1237);
#1239 = CARTESIAN_POINT('', (43.2, -53., 169.2));
#1240 = VERTEX_POINT('', #1239);
#1241 = CARTESIAN_POINT('', (-43.2, -53., 169.2));
#1242 = VERTEX_POINT('', #1241);
#1243 = CARTESIAN_POINT('', (-46.2, -53., 166.2));
#1244 = VERTEX_POINT('', #1243);
#1245 = CARTESIAN_POINT('', (-46.2, -53., 127.8));
#1246 = VERTEX_POINT('', #1245);
#1247 = CARTESIAN_POINT('', (-43.2, -53., 124.8));
#1248 = VERTEX_POINT('', #1247);
#1249 = CARTESIAN_POINT('', (-15.49999999, -53., 94.));
#1250 = VERTEX_POINT('', #1249);
#1251 = CARTESIAN_POINT('', (-40.50000001, -53., 94.));
#1252 = VERTEX_POINT('', #1251);
#1253 = CARTESIAN_POINT('', (-28.00000005, -53., 81.49999999));
#1254 = VERTEX_POINT('', #1253);
#1255 = CARTESIAN_POINT('', (-28.00000003, -53., 106.50000001));
#1256 = VERTEX_POINT('', #1255);
#1257 = CARTESIAN_POINT('', (-12.6, -54.5, 94.));
#1258 = VERTEX_POINT('', #1257);
#1259 = CARTESIAN_POINT('', (-43.4, -54.5, 94.));
#1260 = VERTEX_POINT('', #1259);
#1261 = CARTESIAN_POINT('', (-12.6, -56., 94.));
#1262 = VERTEX_POINT('', #1261);
#1263 = CARTESIAN_POINT('', (-43.4, -56., 94.));
#1264 = VERTEX_POINT('', #1263);
#1265 = CARTESIAN_POINT('', (-15.49999999, -54.5, 94.));
#1266 = VERTEX_POINT('', #1265);
#1267 = CARTESIAN_POINT('', (-40.50000001, -54.5, 94.));
#1268 = VERTEX_POINT('', #1267);
#1269 = CARTESIAN_POINT('', (-28., -56., 78.6));
#1270 = VERTEX_POINT('', #1269);
#1271 = CARTESIAN_POINT('', (-28., -56., 109.4));
#1272 = VERTEX_POINT('', #1271);
#1273 = CARTESIAN_POINT('', (-28.00000001, -54.5, 81.49999999));
#1274 = VERTEX_POINT('', #1273);
#1275 = CARTESIAN_POINT('', (-27.99999997, -54.5, 106.50000001));
#1276 = VERTEX_POINT('', #1275);
#1277 = CARTESIAN_POINT('', (44., -56., 87.));
#1278 = VERTEX_POINT('', #1277);
#1279 = CARTESIAN_POINT('', (41., -56., 84.));
#1280 = VERTEX_POINT('', #1279);
#1281 = CARTESIAN_POINT('', (44., -56., 101.));
#1282 = VERTEX_POINT('', #1281);
#1283 = CARTESIAN_POINT('', (41., -56., 104.));
#1284 = VERTEX_POINT('', #1283);
#1285 = CARTESIAN_POINT('', (15., -56., 104.));
#1286 = VERTEX_POINT('', #1285);
#1287 = CARTESIAN_POINT('', (12., -56., 101.));
#1288 = VERTEX_POINT('', #1287);
#1289 = CARTESIAN_POINT('', (12., -56., 87.));
#1290 = VERTEX_POINT('', #1289);
#1291 = CARTESIAN_POINT('', (15., -56., 84.));
#1292 = VERTEX_POINT('', #1291);
#1293 = CARTESIAN_POINT('', (44., -53., 87.));
#1294 = VERTEX_POINT('', #1293);
#1295 = CARTESIAN_POINT('', (41., -53., 84.));
#1296 = VERTEX_POINT('', #1295);
#1297 = CARTESIAN_POINT('', (44., -53., 101.));
#1298 = VERTEX_POINT('', #1297);
#1299 = CARTESIAN_POINT('', (41., -53., 104.));
#1300 = VERTEX_POINT('', #1299);
#1301 = CARTESIAN_POINT('', (15., -53., 104.));
#1302 = VERTEX_POINT('', #1301);
#1303 = CARTESIAN_POINT('', (12., -53., 101.));
#1304 = VERTEX_POINT('', #1303);
#1305 = CARTESIAN_POINT('', (12., -53., 87.));
#1306 = VERTEX_POINT('', #1305);
#1307 = CARTESIAN_POINT('', (15., -53., 84.));
#1308 = VERTEX_POINT('', #1307);
#1309 = CARTESIAN_POINT('', (5., -56., 188.));
#1310 = VERTEX_POINT('', #1309);
#1311 = CARTESIAN_POINT('', (-5., -56., 188.));
#1312 = VERTEX_POINT('', #1311);
#1313 = CARTESIAN_POINT('', (5., -53., 188.));
#1314 = VERTEX_POINT('', #1313);
#1315 = CARTESIAN_POINT('', (-5., -53., 188.));
#1316 = VERTEX_POINT('', #1315);
#1317 = CARTESIAN_POINT('', (0.00000004, -56., 183.));
#1318 = VERTEX_POINT('', #1317);
#1319 = CARTESIAN_POINT('', (-0., -56., 193.));
#1320 = VERTEX_POINT('', #1319);
#1321 = CARTESIAN_POINT('', (0.00000003, -53., 183.));
#1322 = VERTEX_POINT('', #1321);
#1323 = CARTESIAN_POINT('', (0., -53., 193.));
#1324 = VERTEX_POINT('', #1323);
#1325 = CARTESIAN_POINT('', (-27.5, -47., 5.));
#1326 = VERTEX_POINT('', #1325);
#1327 = CARTESIAN_POINT('', (-29.5, -49., 5.));
#1328 = VERTEX_POINT('', #1327);
#1329 = CARTESIAN_POINT('', (-27.5, -13., 5.));
#1330 = VERTEX_POINT('', #1329);
#1331 = CARTESIAN_POINT('', (-29.5, -11., 5.));
#1332 = VERTEX_POINT('', #1331);
#1333 = CARTESIAN_POINT('', (-30.5, -11., 5.));
#1334 = VERTEX_POINT('', #1333);
#1335 = CARTESIAN_POINT('', (-32.5, -13., 5.));
#1336 = VERTEX_POINT('', #1335);
#1337 = CARTESIAN_POINT('', (-32.5, -47., 5.));
#1338 = VERTEX_POINT('', #1337);
#1339 = CARTESIAN_POINT('', (-30.5, -49., 5.));
#1340 = VERTEX_POINT('', #1339);
#1341 = CARTESIAN_POINT('', (-27.5, -47., 3.));
#1342 = VERTEX_POINT('', #1341);
#1343 = CARTESIAN_POINT('', (-29.5, -49., 3.));
#1344 = VERTEX_POINT('', #1343);
#1345 = CARTESIAN_POINT('', (-27.5, -13., 3.));
#1346 = VERTEX_POINT('', #1345);
#1347 = CARTESIAN_POINT('', (-29.5, -11., 3.));
#1348 = VERTEX_POINT('', #1347);
#1349 = CARTESIAN_POINT('', (-30.5, -11., 3.));
#1350 = VERTEX_POINT('', #1349);
#1351 = CARTESIAN_POINT('', (-32.5, -13., 3.));
#1352 = VERTEX_POINT('', #1351);
#1353 = CARTESIAN_POINT('', (-32.5, -47., 3.));
#1354 = VERTEX_POINT('', #1353);
#1355 = CARTESIAN_POINT('', (-30.5, -49., 3.));
#1356 = VERTEX_POINT('', #1355);
#1357 = CARTESIAN_POINT('', (32.5, -47., 5.));
#1358 = VERTEX_POINT('', #1357);
#1359 = CARTESIAN_POINT('', (30.5, -49., 5.));
#1360 = VERTEX_POINT('', #1359);
#1361 = CARTESIAN_POINT('', (32.5, -13., 5.));
#1362 = VERTEX_POINT('', #1361);
#1363 = CARTESIAN_POINT('', (30.5, -11., 5.));
#1364 = VERTEX_POINT('', #1363);
#1365 = CARTESIAN_POINT('', (29.5, -11., 5.));
#1366 = VERTEX_POINT('', #1365);
#1367 = CARTESIAN_POINT('', (27.5, -13., 5.));
#1368 = VERTEX_POINT('', #1367);
#1369 = CARTESIAN_POINT('', (27.5, -47., 5.));
#1370 = VERTEX_POINT('', #1369);
#1371 = CARTESIAN_POINT('', (29.5, -49., 5.));
#1372 = VERTEX_POINT('', #1371);
#1373 = CARTESIAN_POINT('', (32.5, -47., 3.));
#1374 = VERTEX_POINT('', #1373);
#1375 = CARTESIAN_POINT('', (30.5, -49., 3.));
#1376 = VERTEX_POINT('', #1375);
#1377 = CARTESIAN_POINT('', (32.5, -13., 3.));
#1378 = VERTEX_POINT('', #1377);
#1379 = CARTESIAN_POINT('', (30.5, -11., 3.));
#1380 = VERTEX_POINT('', #1379);
#1381 = CARTESIAN_POINT('', (29.5, -11., 3.));
#1382 = VERTEX_POINT('', #1381);
#1383 = CARTESIAN_POINT('', (27.5, -13., 3.));
#1384 = VERTEX_POINT('', #1383);
#1385 = CARTESIAN_POINT('', (27.5, -47., 3.));
#1386 = VERTEX_POINT('', #1385);
#1387 = CARTESIAN_POINT('', (29.5, -49., 3.));
#1388 = VERTEX_POINT('', #1387);
#1389 = CARTESIAN_POINT('', (-30., -28., 113.));
#1390 = VERTEX_POINT('', #1389);
#1391 = CARTESIAN_POINT('', (-27., -25., 113.));
#1392 = VERTEX_POINT('', #1391);
#1393 = CARTESIAN_POINT('', (-27., -25., 116.));
#1394 = VERTEX_POINT('', #1393);
#1395 = CARTESIAN_POINT('', (-30., -28., 116.));
#1396 = VERTEX_POINT('', #1395);
#1397 = CARTESIAN_POINT('', (-27., 31., 113.));
#1398 = VERTEX_POINT('', #1397);
#1399 = CARTESIAN_POINT('', (-27., 31., 116.));
#1400 = VERTEX_POINT('', #1399);
#1401 = CARTESIAN_POINT('', (-30., 34., 113.));
#1402 = VERTEX_POINT('', #1401);
#1403 = CARTESIAN_POINT('', (-30., 34., 116.));
#1404 = VERTEX_POINT('', #1403);
#1405 = CARTESIAN_POINT('', (-70., 34., 113.));
#1406 = VERTEX_POINT('', #1405);
#1407 = CARTESIAN_POINT('', (-70., 34., 116.));
#1408 = VERTEX_POINT('', #1407);
#1409 = CARTESIAN_POINT('', (-70., -28., 113.));
#1410 = VERTEX_POINT('', #1409);
#1411 = CARTESIAN_POINT('', (-70., -28., 116.));
#1412 = VERTEX_POINT('', #1411);
#1413 = CARTESIAN_POINT('', (-72., 33.23606798, 116.));
#1414 = VERTEX_POINT('', #1413);
#1415 = CARTESIAN_POINT('', (-72., 33.23606798, 113.));
#1416 = VERTEX_POINT('', #1415);
#1417 = CARTESIAN_POINT('', (-72., -27.23606798, 116.));
#1418 = VERTEX_POINT('', #1417);
#1419 = CARTESIAN_POINT('', (-72., -27.23606798, 113.));
#1420 = VERTEX_POINT('', #1419);
#1421 = CARTESIAN_POINT('', (70., -28., 113.));
#1422 = VERTEX_POINT('', #1421);
#1423 = CARTESIAN_POINT('', (70., -28., 116.));
#1424 = VERTEX_POINT('', #1423);
#1425 = CARTESIAN_POINT('', (70., 34., 113.));
#1426 = VERTEX_POINT('', #1425);
#1427 = CARTESIAN_POINT('', (70., 34., 116.));
#1428 = VERTEX_POINT('', #1427);
#1429 = CARTESIAN_POINT('', (30., 34., 113.));
#1430 = VERTEX_POINT('', #1429);
#1431 = CARTESIAN_POINT('', (30., 34., 116.));
#1432 = VERTEX_POINT('', #1431);
#1433 = CARTESIAN_POINT('', (27., 31., 113.));
#1434 = VERTEX_POINT('', #1433);
#1435 = CARTESIAN_POINT('', (27., 31., 116.));
#1436 = VERTEX_POINT('', #1435);
#1437 = CARTESIAN_POINT('', (27., -25., 113.));
#1438 = VERTEX_POINT('', #1437);
#1439 = CARTESIAN_POINT('', (27., -25., 116.));
#1440 = VERTEX_POINT('', #1439);
#1441 = CARTESIAN_POINT('', (30., -28., 113.));
#1442 = VERTEX_POINT('', #1441);
#1443 = CARTESIAN_POINT('', (30., -28., 116.));
#1444 = VERTEX_POINT('', #1443);
#1445 = CARTESIAN_POINT('', (72., -27.23606798, 116.));
#1446 = VERTEX_POINT('', #1445);
#1447 = CARTESIAN_POINT('', (72., -27.23606798, 113.));
#1448 = VERTEX_POINT('', #1447);
#1449 = CARTESIAN_POINT('', (72., 33.23606798, 116.));
#1450 = VERTEX_POINT('', #1449);
#1451 = CARTESIAN_POINT('', (72., 33.23606798, 113.));
#1452 = VERTEX_POINT('', #1451);
#1453 = CARTESIAN_POINT('', (-13.8, 56.8, 200.));
#1454 = VERTEX_POINT('', #1453);
#1455 = CARTESIAN_POINT('', (-13.2, 57.4, 207.));
#1456 = VERTEX_POINT('', #1455);
#1457 = CARTESIAN_POINT('', (-13.8, 56.8, 207.));
#1458 = VERTEX_POINT('', #1457);
#1459 = CARTESIAN_POINT('', (-13.2, 61.6, 200.));
#1460 = VERTEX_POINT('', #1459);
#1461 = CARTESIAN_POINT('', (-13.8, 62.2, 200.));
#1462 = VERTEX_POINT('', #1461);
#1463 = CARTESIAN_POINT('', (-34.2, 62.2, 200.));
#1464 = VERTEX_POINT('', #1463);
#1465 = CARTESIAN_POINT('', (-34.8, 61.6, 200.));
#1466 = VERTEX_POINT('', #1465);
#1467 = CARTESIAN_POINT('', (-34.8, 57.4, 207.));
#1468 = VERTEX_POINT('', #1467);
#1469 = CARTESIAN_POINT('', (-34.2, 56.8, 200.));
#1470 = VERTEX_POINT('', #1469);
#1471 = CARTESIAN_POINT('', (-34.2, 56.8, 207.));
#1472 = VERTEX_POINT('', #1471);
#1473 = CARTESIAN_POINT('', (-13.2, 60., 204.));
#1474 = VERTEX_POINT('', #1473);
#1475 = CARTESIAN_POINT('', (-13.2, 60., 200.));
#1476 = VERTEX_POINT('', #1475);
#1477 = CARTESIAN_POINT('', (-34.8, 60., 200.));
#1478 = VERTEX_POINT('', #1477);
#1479 = CARTESIAN_POINT('', (-34.8, 60., 204.));
#1480 = VERTEX_POINT('', #1479);
#1481 = CARTESIAN_POINT('', (-13.2, 57.4, 204.));
#1482 = VERTEX_POINT('', #1481);
#1483 = CARTESIAN_POINT('', (-13.35278641, 57., 204.));
#1484 = VERTEX_POINT('', #1483);
#1485 = CARTESIAN_POINT('', (-34.8, 57.4, 204.));
#1486 = VERTEX_POINT('', #1485);
#1487 = CARTESIAN_POINT('', (-34.64721359, 57., 204.));
#1488 = VERTEX_POINT('', #1487);
#1489 = CARTESIAN_POINT('', (-13.3527864, 57., 200.));
#1490 = VERTEX_POINT('', #1489);
#1491 = CARTESIAN_POINT('', (-34.6472136, 57., 200.));
#1492 = VERTEX_POINT('', #1491);
#1493 = CARTESIAN_POINT('', (34.2, 56.8, 200.));
#1494 = VERTEX_POINT('', #1493);
#1495 = CARTESIAN_POINT('', (34.8, 57.4, 207.));
#1496 = VERTEX_POINT('', #1495);
#1497 = CARTESIAN_POINT('', (34.2, 56.8, 207.));
#1498 = VERTEX_POINT('', #1497);
#1499 = CARTESIAN_POINT('', (34.8, 61.6, 200.));
#1500 = VERTEX_POINT('', #1499);
#1501 = CARTESIAN_POINT('', (34.2, 62.2, 200.));
#1502 = VERTEX_POINT('', #1501);
#1503 = CARTESIAN_POINT('', (13.8, 62.2, 200.));
#1504 = VERTEX_POINT('', #1503);
#1505 = CARTESIAN_POINT('', (13.2, 61.6, 200.));
#1506 = VERTEX_POINT('', #1505);
#1507 = CARTESIAN_POINT('', (13.2, 57.4, 207.));
#1508 = VERTEX_POINT('', #1507);
#1509 = CARTESIAN_POINT('', (13.8, 56.8, 200.));
#1510 = VERTEX_POINT('', #1509);
#1511 = CARTESIAN_POINT('', (13.8, 56.8, 207.));
#1512 = VERTEX_POINT('', #1511);
#1513 = CARTESIAN_POINT('', (34.8, 60., 204.));
#1514 = VERTEX_POINT('', #1513);
#1515 = CARTESIAN_POINT('', (34.8, 60., 200.));
#1516 = VERTEX_POINT('', #1515);
#1517 = CARTESIAN_POINT('', (13.2, 60., 200.));
#1518 = VERTEX_POINT('', #1517);
#1519 = CARTESIAN_POINT('', (13.2, 60., 204.));
#1520 = VERTEX_POINT('', #1519);
#1521 = CARTESIAN_POINT('', (34.8, 57.4, 204.));
#1522 = VERTEX_POINT('', #1521);
#1523 = CARTESIAN_POINT('', (34.64721359, 57., 204.));
#1524 = VERTEX_POINT('', #1523);
#1525 = CARTESIAN_POINT('', (13.2, 57.4, 204.));
#1526 = VERTEX_POINT('', #1525);
#1527 = CARTESIAN_POINT('', (13.35278641, 57., 204.));
#1528 = VERTEX_POINT('', #1527);
#1529 = CARTESIAN_POINT('', (34.6472136, 57., 200.));
#1530 = VERTEX_POINT('', #1529);
#1531 = CARTESIAN_POINT('', (13.3527864, 57., 200.));
#1532 = VERTEX_POINT('', #1531);
#1533 = CARTESIAN_POINT('', (-35., 62., 204.));
#1534 = VERTEX_POINT('', #1533);
#1535 = CARTESIAN_POINT('', (-13., 62., 204.));
#1536 = VERTEX_POINT('', #1535);
#1537 = CARTESIAN_POINT('', (-35., 62., 210.));
#1538 = VERTEX_POINT('', #1537);
#1539 = CARTESIAN_POINT('', (-13., 62., 210.));
#1540 = VERTEX_POINT('', #1539);
#1541 = CARTESIAN_POINT('', (-13.2, 59., 207.));
#1542 = VERTEX_POINT('', #1541);
#1543 = CARTESIAN_POINT('', (-13.2, 61.6, 204.02678625));
#1544 = VERTEX_POINT('', #1543);
#1545 = CARTESIAN_POINT('', (-13.3527864, 62., 204.));
#1546 = VERTEX_POINT('', #1545);
#1547 = CARTESIAN_POINT('', (-13.8, 62.2, 204.00667409));
#1548 = VERTEX_POINT('', #1547);
#1549 = CARTESIAN_POINT('', (-34.2, 62.2, 204.00667409));
#1550 = VERTEX_POINT('', #1549);
#1551 = CARTESIAN_POINT('', (-34.6472136, 62., 204.));
#1552 = VERTEX_POINT('', #1551);
#1553 = CARTESIAN_POINT('', (-34.8, 61.6, 204.02678625));
#1554 = VERTEX_POINT('', #1553);
#1555 = CARTESIAN_POINT('', (-34.8, 59., 207.));
#1556 = VERTEX_POINT('', #1555);
#1557 = CARTESIAN_POINT('', (13., 62., 204.));
#1558 = VERTEX_POINT('', #1557);
#1559 = CARTESIAN_POINT('', (35., 62., 204.));
#1560 = VERTEX_POINT('', #1559);
#1561 = CARTESIAN_POINT('', (13., 62., 210.));
#1562 = VERTEX_POINT('', #1561);
#1563 = CARTESIAN_POINT('', (35., 62., 210.));
#1564 = VERTEX_POINT('', #1563);
#1565 = CARTESIAN_POINT('', (34.8, 61.6, 204.02678625));
#1566 = VERTEX_POINT('', #1565);
#1567 = CARTESIAN_POINT('', (34.8, 59., 207.));
#1568 = VERTEX_POINT('', #1567);
#1569 = CARTESIAN_POINT('', (34.6472136, 62., 204.));
#1570 = VERTEX_POINT('', #1569);
#1571 = CARTESIAN_POINT('', (34.2, 62.2, 204.00667409));
#1572 = VERTEX_POINT('', #1571);
#1573 = CARTESIAN_POINT('', (13.8, 62.2, 204.00667409));
#1574 = VERTEX_POINT('', #1573);
#1575 = CARTESIAN_POINT('', (13.3527864, 62., 204.));
#1576 = VERTEX_POINT('', #1575);
#1577 = CARTESIAN_POINT('', (13.2, 61.6, 204.02678625));
#1578 = VERTEX_POINT('', #1577);
#1579 = CARTESIAN_POINT('', (13.2, 59., 207.));
#1580 = VERTEX_POINT('', #1579);
#1581 = CARTESIAN_POINT('', (-35., 62., 208.2));
#1582 = VERTEX_POINT('', #1581);
#1583 = CARTESIAN_POINT('', (-35., 62., 205.8));
#1584 = VERTEX_POINT('', #1583);
#1585 = CARTESIAN_POINT('', (-13., 62., 208.2));
#1586 = VERTEX_POINT('', #1585);
#1587 = CARTESIAN_POINT('', (-13., 62., 205.8));
#1588 = VERTEX_POINT('', #1587);
#1589 = CARTESIAN_POINT('', (-35., 60.8, 207.));
#1590 = VERTEX_POINT('', #1589);
#1591 = CARTESIAN_POINT('', (-35., 63.2, 207.));
#1592 = VERTEX_POINT('', #1591);
#1593 = CARTESIAN_POINT('', (-13., 60.8, 207.));
#1594 = VERTEX_POINT('', #1593);
#1595 = CARTESIAN_POINT('', (-13., 63.2, 207.));
#1596 = VERTEX_POINT('', #1595);
#1597 = CARTESIAN_POINT('', (13., 62., 208.2));
#1598 = VERTEX_POINT('', #1597);
#1599 = CARTESIAN_POINT('', (13., 62., 205.8));
#1600 = VERTEX_POINT('', #1599);
#1601 = CARTESIAN_POINT('', (35., 62., 208.2));
#1602 = VERTEX_POINT('', #1601);
#1603 = CARTESIAN_POINT('', (35., 62., 205.8));
#1604 = VERTEX_POINT('', #1603);
#1605 = CARTESIAN_POINT('', (13., 60.8, 207.));
#1606 = VERTEX_POINT('', #1605);
#1607 = CARTESIAN_POINT('', (13., 63.2, 207.));
#1608 = VERTEX_POINT('', #1607);
#1609 = CARTESIAN_POINT('', (35., 60.8, 207.));
#1610 = VERTEX_POINT('', #1609);
#1611 = CARTESIAN_POINT('', (35., 63.2, 207.));
#1612 = VERTEX_POINT('', #1611);
#1613 = DIRECTION('', (0., -0., -1.));
#1614 = DIRECTION('', (-0., -1., 0.));
#1615 = CARTESIAN_POINT('', (43., -57.5, 128.));
#1616 = AXIS2_PLACEMENT_3D('', #1615, #1614, #1613);
#1617 = CIRCLE('', #1616, 2.5);
#1618 = DIRECTION('', (0., -1., 0.));
#1619 = VECTOR('', #1618, 1.);
#1620 = CARTESIAN_POINT('', (45.5, -57.5, 128.));
#1621 = LINE('', #1620, #1619);
#1622 = DIRECTION('', (0., -0., -1.));
#1623 = DIRECTION('', (-0., -1., 0.));
#1624 = CARTESIAN_POINT('', (43., -58.5, 128.));
#1625 = AXIS2_PLACEMENT_3D('', #1624, #1623, #1622);
#1626 = CIRCLE('', #1625, 2.5);
#1627 = DIRECTION('', (0., -1., 0.));
#1628 = VECTOR('', #1627, 1.);
#1629 = CARTESIAN_POINT('', (43., -57.5, 125.5));
#1630 = LINE('', #1629, #1628);
#1631 = DIRECTION('', (0., 0., 1.));
#1632 = VECTOR('', #1631, 1.);
#1633 = CARTESIAN_POINT('', (45.5, -57.5, 128.));
#1634 = LINE('', #1633, #1632);
#1635 = DIRECTION('', (0., -1., 0.));
#1636 = VECTOR('', #1635, 1.);
#1637 = CARTESIAN_POINT('', (45.5, -57.5, 166.));
#1638 = LINE('', #1637, #1636);
#1639 = DIRECTION('', (0., 0., 1.));
#1640 = VECTOR('', #1639, 1.);
#1641 = CARTESIAN_POINT('', (45.5, -58.5, 128.));
#1642 = LINE('', #1641, #1640);
#1643 = DIRECTION('', (1., 0., -0.));
#1644 = DIRECTION('', (0., -1., 0.));
#1645 = CARTESIAN_POINT('', (43., -57.5, 166.));
#1646 = AXIS2_PLACEMENT_3D('', #1645, #1644, #1643);
#1647 = CIRCLE('', #1646, 2.5);
#1648 = DIRECTION('', (0., -1., 0.));
#1649 = VECTOR('', #1648, 1.);
#1650 = CARTESIAN_POINT('', (43., -57.5, 168.5));
#1651 = LINE('', #1650, #1649);
#1652 = DIRECTION('', (1., -0., -0.));
#1653 = DIRECTION('', (-0., -1., -0.));
#1654 = CARTESIAN_POINT('', (43., -58.5, 166.));
#1655 = AXIS2_PLACEMENT_3D('', #1654, #1653, #1652);
#1656 = CIRCLE('', #1655, 2.5);
#1657 = DIRECTION('', (-1., -0., -0.));
#1658 = VECTOR('', #1657, 1.);
#1659 = CARTESIAN_POINT('', (43., -57.5, 168.5));
#1660 = LINE('', #1659, #1658);
#1661 = DIRECTION('', (0., -1., 0.));
#1662 = VECTOR('', #1661, 1.);
#1663 = CARTESIAN_POINT('', (-43., -57.5, 168.5));
#1664 = LINE('', #1663, #1662);
#1665 = DIRECTION('', (-1., -0., -0.));
#1666 = VECTOR('', #1665, 1.);
#1667 = CARTESIAN_POINT('', (43., -58.5, 168.5));
#1668 = LINE('', #1667, #1666);
#1669 = DIRECTION('', (-0., 0., 1.));
#1670 = DIRECTION('', (-0., -1., 0.));
#1671 = CARTESIAN_POINT('', (-43., -57.5, 166.));
#1672 = AXIS2_PLACEMENT_3D('', #1671, #1670, #1669);
#1673 = CIRCLE('', #1672, 2.5);
#1674 = DIRECTION('', (0., -1., 0.));
#1675 = VECTOR('', #1674, 1.);
#1676 = CARTESIAN_POINT('', (-45.5, -57.5, 166.));
#1677 = LINE('', #1676, #1675);
#1678 = DIRECTION('', (-0., 0., 1.));
#1679 = DIRECTION('', (-0., -1., 0.));
#1680 = CARTESIAN_POINT('', (-43., -58.5, 166.));
#1681 = AXIS2_PLACEMENT_3D('', #1680, #1679, #1678);
#1682 = CIRCLE('', #1681, 2.5);
#1683 = DIRECTION('', (0., -0., -1.));
#1684 = VECTOR('', #1683, 1.);
#1685 = CARTESIAN_POINT('', (-45.5, -57.5, 166.));
#1686 = LINE('', #1685, #1684);
#1687 = DIRECTION('', (0., -1., 0.));
#1688 = VECTOR('', #1687, 1.);
#1689 = CARTESIAN_POINT('', (-45.5, -57.5, 128.));
#1690 = LINE('', #1689, #1688);
#1691 = DIRECTION('', (0., -0., -1.));
#1692 = VECTOR('', #1691, 1.);
#1693 = CARTESIAN_POINT('', (-45.5, -58.5, 166.));
#1694 = LINE('', #1693, #1692);
#1695 = DIRECTION('', (-1., -0., 0.));
#1696 = DIRECTION('', (0., -1., 0.));
#1697 = CARTESIAN_POINT('', (-43., -57.5, 128.));
#1698 = AXIS2_PLACEMENT_3D('', #1697, #1696, #1695);
#1699 = CIRCLE('', #1698, 2.5);
#1700 = DIRECTION('', (0., -1., 0.));
#1701 = VECTOR('', #1700, 1.);
#1702 = CARTESIAN_POINT('', (-43., -57.5, 125.5));
#1703 = LINE('', #1702, #1701);
#1704 = DIRECTION('', (-1., -0., 0.));
#1705 = DIRECTION('', (0., -1., 0.));
#1706 = CARTESIAN_POINT('', (-43., -58.5, 128.));
#1707 = AXIS2_PLACEMENT_3D('', #1706, #1705, #1704);
#1708 = CIRCLE('', #1707, 2.5);
#1709 = DIRECTION('', (1., -0., 0.));
#1710 = VECTOR('', #1709, 1.);
#1711 = CARTESIAN_POINT('', (-43., -57.5, 125.5));
#1712 = LINE('', #1711, #1710);
#1713 = DIRECTION('', (1., -0., 0.));
#1714 = VECTOR('', #1713, 1.);
#1715 = CARTESIAN_POINT('', (-43., -58.5, 125.5));
#1716 = LINE('', #1715, #1714);
#1717 = DIRECTION('', (1., 0., 0.));
#1718 = DIRECTION('', (0., -1., 0.));
#1719 = CARTESIAN_POINT('', (0., -58., 188.));
#1720 = AXIS2_PLACEMENT_3D('', #1719, #1718, #1717);
#1721 = CIRCLE('', #1720, 4.5);
#1722 = DIRECTION('', (0., -1., 0.));
#1723 = VECTOR('', #1722, 1.);
#1724 = CARTESIAN_POINT('', (4.5, -58., 188.));
#1725 = LINE('', #1724, #1723);
#1726 = DIRECTION('', (1., 0., 0.));
#1727 = DIRECTION('', (0., -1., 0.));
#1728 = CARTESIAN_POINT('', (0., -60., 188.));
#1729 = AXIS2_PLACEMENT_3D('', #1728, #1727, #1726);
#1730 = CIRCLE('', #1729, 4.5);
#1731 = DIRECTION('', (0., -0., -1.));
#1732 = DIRECTION('', (-0., -1., 0.));
#1733 = CARTESIAN_POINT('', (8., -56., 184.));
#1734 = AXIS2_PLACEMENT_3D('', #1733, #1732, #1731);
#1735 = CIRCLE('', #1734, 5.);
#1736 = DIRECTION('', (0., -1., 0.));
#1737 = VECTOR('', #1736, 1.);
#1738 = CARTESIAN_POINT('', (13., -56., 184.));
#1739 = LINE('', #1738, #1737);
#1740 = DIRECTION('', (0., 0., -1.));
#1741 = DIRECTION('', (0., -1., 0.));
#1742 = CARTESIAN_POINT('', (8., -60., 184.));
#1743 = AXIS2_PLACEMENT_3D('', #1742, #1741, #1740);
#1744 = CIRCLE('', #1743, 5.);
#1745 = DIRECTION('', (0., -1., 0.));
#1746 = VECTOR('', #1745, 1.);
#1747 = CARTESIAN_POINT('', (8., -56., 179.));
#1748 = LINE('', #1747, #1746);
#1749 = DIRECTION('', (-0., -0., 1.));
#1750 = VECTOR('', #1749, 1.);
#1751 = CARTESIAN_POINT('', (13., -56., 184.));
#1752 = LINE('', #1751, #1750);
#1753 = DIRECTION('', (0., -1., 0.));
#1754 = VECTOR('', #1753, 1.);
#1755 = CARTESIAN_POINT('', (13., -56., 192.));
#1756 = LINE('', #1755, #1754);
#1757 = DIRECTION('', (-0., -0., 1.));
#1758 = VECTOR('', #1757, 1.);
#1759 = CARTESIAN_POINT('', (13., -60., 184.));
#1760 = LINE('', #1759, #1758);
#1761 = DIRECTION('', (1., 0., 0.));
#1762 = DIRECTION('', (0., -1., 0.));
#1763 = CARTESIAN_POINT('', (8., -56., 192.));
#1764 = AXIS2_PLACEMENT_3D('', #1763, #1762, #1761);
#1765 = CIRCLE('', #1764, 5.);
#1766 = DIRECTION('', (0., -1., 0.));
#1767 = VECTOR('', #1766, 1.);
#1768 = CARTESIAN_POINT('', (8., -56., 197.));
#1769 = LINE('', #1768, #1767);
#1770 = DIRECTION('', (1., 0., 0.));
#1771 = DIRECTION('', (0., -1., 0.));
#1772 = CARTESIAN_POINT('', (8., -60., 192.));
#1773 = AXIS2_PLACEMENT_3D('', #1772, #1771, #1770);
#1774 = CIRCLE('', #1773, 5.);
#1775 = DIRECTION('', (-1., -0., 0.));
#1776 = VECTOR('', #1775, 1.);
#1777 = CARTESIAN_POINT('', (8., -56., 197.));
#1778 = LINE('', #1777, #1776);
#1779 = DIRECTION('', (0., -1., 0.));
#1780 = VECTOR('', #1779, 1.);
#1781 = CARTESIAN_POINT('', (-8., -56., 197.));
#1782 = LINE('', #1781, #1780);
#1783 = DIRECTION('', (-1., -0., 0.));
#1784 = VECTOR('', #1783, 1.);
#1785 = CARTESIAN_POINT('', (8., -60., 197.));
#1786 = LINE('', #1785, #1784);
#1787 = DIRECTION('', (-0., 0., 1.));
#1788 = DIRECTION('', (-0., -1., 0.));
#1789 = CARTESIAN_POINT('', (-8., -56., 192.));
#1790 = AXIS2_PLACEMENT_3D('', #1789, #1788, #1787);
#1791 = CIRCLE('', #1790, 5.);
#1792 = DIRECTION('', (0., -1., 0.));
#1793 = VECTOR('', #1792, 1.);
#1794 = CARTESIAN_POINT('', (-13., -56., 192.));
#1795 = LINE('', #1794, #1793);
#1796 = DIRECTION('', (-0., 0., 1.));
#1797 = DIRECTION('', (-0., -1., 0.));
#1798 = CARTESIAN_POINT('', (-8., -60., 192.));
#1799 = AXIS2_PLACEMENT_3D('', #1798, #1797, #1796);
#1800 = CIRCLE('', #1799, 5.);
#1801 = DIRECTION('', (0., -0., -1.));
#1802 = VECTOR('', #1801, 1.);
#1803 = CARTESIAN_POINT('', (-13., -56., 192.));
#1804 = LINE('', #1803, #1802);
#1805 = DIRECTION('', (0., -1., 0.));
#1806 = VECTOR('', #1805, 1.);
#1807 = CARTESIAN_POINT('', (-13., -56., 184.));
#1808 = LINE('', #1807, #1806);
#1809 = DIRECTION('', (0., -0., -1.));
#1810 = VECTOR('', #1809, 1.);
#1811 = CARTESIAN_POINT('', (-13., -60., 192.));
#1812 = LINE('', #1811, #1810);
#1813 = DIRECTION('', (-1., 0., -0.));
#1814 = DIRECTION('', (-0., -1., -0.));
#1815 = CARTESIAN_POINT('', (-8., -56., 184.));
#1816 = AXIS2_PLACEMENT_3D('', #1815, #1814, #1813);
#1817 = CIRCLE('', #1816, 5.);
#1818 = DIRECTION('', (0., -1., 0.));
#1819 = VECTOR('', #1818, 1.);
#1820 = CARTESIAN_POINT('', (-8., -56., 179.));
#1821 = LINE('', #1820, #1819);
#1822 = DIRECTION('', (-1., 0., -0.));
#1823 = DIRECTION('', (0., -1., -0.));
#1824 = CARTESIAN_POINT('', (-8., -60., 184.));
#1825 = AXIS2_PLACEMENT_3D('', #1824, #1823, #1822);
#1826 = CIRCLE('', #1825, 5.);
#1827 = DIRECTION('', (1., -0., 0.));
#1828 = VECTOR('', #1827, 1.);
#1829 = CARTESIAN_POINT('', (-8., -56., 179.));
#1830 = LINE('', #1829, #1828);
#1831 = DIRECTION('', (1., -0., 0.));
#1832 = VECTOR('', #1831, 1.);
#1833 = CARTESIAN_POINT('', (-8., -60., 179.));
#1834 = LINE('', #1833, #1832);
#1835 = DIRECTION('', (1., -0., 0.));
#1836 = DIRECTION('', (-0., -1., -0.));
#1837 = CARTESIAN_POINT('', (-0., -56., 188.));
#1838 = AXIS2_PLACEMENT_3D('', #1837, #1836, #1835);
#1839 = CIRCLE('', #1838, 5.);
#1840 = DIRECTION('', (1., -0., -0.));
#1841 = DIRECTION('', (0., 1., -0.));
#1842 = CARTESIAN_POINT('', (-0., -56., 188.));
#1843 = AXIS2_PLACEMENT_3D('', #1842, #1841, #1840);
#1844 = CIRCLE('', #1843, 5.);
#1845 = DIRECTION('', (1., 0., 0.));
#1846 = DIRECTION('', (0., -1., 0.));
#1847 = CARTESIAN_POINT('', (-0., -60., 188.));
#1848 = AXIS2_PLACEMENT_3D('', #1847, #1846, #1845);
#1849 = CIRCLE('', #1848, 5.);
#1850 = DIRECTION('', (1., 0., -0.));
#1851 = DIRECTION('', (-0., 1., 0.));
#1852 = CARTESIAN_POINT('', (-0., -60., 188.));
#1853 = AXIS2_PLACEMENT_3D('', #1852, #1851, #1850);
#1854 = CIRCLE('', #1853, 5.);
#1855 = DIRECTION('', (-0., 0., -1.));
#1856 = DIRECTION('', (0., 1., 0.));
#1857 = CARTESIAN_POINT('', (0., -56., 188.));
#1858 = AXIS2_PLACEMENT_3D('', #1857, #1856, #1855);
#1859 = CIRCLE('', #1858, 5.);
#1860 = DIRECTION('', (0., 0., 1.));
#1861 = DIRECTION('', (-0., -1., 0.));
#1862 = CARTESIAN_POINT('', (0., -56., 188.));
#1863 = AXIS2_PLACEMENT_3D('', #1862, #1861, #1860);
#1864 = CIRCLE('', #1863, 5.);
#1865 = DIRECTION('', (-0., -0., -1.));
#1866 = DIRECTION('', (-0., 1., -0.));
#1867 = CARTESIAN_POINT('', (0., -60., 188.));
#1868 = AXIS2_PLACEMENT_3D('', #1867, #1866, #1865);
#1869 = CIRCLE('', #1868, 5.);
#1870 = DIRECTION('', (0., -0., 1.));
#1871 = DIRECTION('', (0., -1., -0.));
#1872 = CARTESIAN_POINT('', (0., -60., 188.));
#1873 = AXIS2_PLACEMENT_3D('', #1872, #1871, #1870);
#1874 = CIRCLE('', #1873, 5.);
#1875 = DIRECTION('', (0., -1., 0.));
#1876 = VECTOR('', #1875, 1.);
#1877 = CARTESIAN_POINT('', (-5., -56., 188.));
#1878 = LINE('', #1877, #1876);
#1879 = DIRECTION('', (0., -1., 0.));
#1880 = VECTOR('', #1879, 1.);
#1881 = CARTESIAN_POINT('', (5., -56., 188.));
#1882 = LINE('', #1881, #1880);
#1883 = DIRECTION('', (1., 0., 0.));
#1884 = DIRECTION('', (0., -1., 0.));
#1885 = CARTESIAN_POINT('', (-28., -52., 94.));
#1886 = AXIS2_PLACEMENT_3D('', #1885, #1884, #1883);
#1887 = CIRCLE('', #1886, 14.);
#1888 = DIRECTION('', (0., -1., 0.));
#1889 = VECTOR('', #1888, 1.);
#1890 = CARTESIAN_POINT('', (-14., -52., 94.));
#1891 = LINE('', #1890, #1889);
#1892 = DIRECTION('', (1., 0., 0.));
#1893 = DIRECTION('', (0., -1., 0.));
#1894 = CARTESIAN_POINT('', (-28., -53., 94.));
#1895 = AXIS2_PLACEMENT_3D('', #1894, #1893, #1892);
#1896 = CIRCLE('', #1895, 14.);
#1897 = DIRECTION('', (-1., 0., 0.));
#1898 = DIRECTION('', (-0., -1., -0.));
#1899 = CARTESIAN_POINT('', (-28., -52., 94.));
#1900 = AXIS2_PLACEMENT_3D('', #1899, #1898, #1897);
#1901 = CIRCLE('', #1900, 14.);
#1902 = DIRECTION('', (-1., 0., 0.));
#1903 = DIRECTION('', (-0., -1., -0.));
#1904 = CARTESIAN_POINT('', (-28., -53., 94.));
#1905 = AXIS2_PLACEMENT_3D('', #1904, #1903, #1902);
#1906 = CIRCLE('', #1905, 14.);
#1907 = DIRECTION('', (0., -1., 0.));
#1908 = VECTOR('', #1907, 1.);
#1909 = CARTESIAN_POINT('', (-42., -52., 94.));
#1910 = LINE('', #1909, #1908);
#1911 = DIRECTION('', (1., 0., 0.));
#1912 = DIRECTION('', (0., -1., 0.));
#1913 = CARTESIAN_POINT('', (-28., -52., 94.));
#1914 = AXIS2_PLACEMENT_3D('', #1913, #1912, #1911);
#1915 = CIRCLE('', #1914, 12.05000001);
#1916 = DIRECTION('', (1., 0., 0.));
#1917 = DIRECTION('', (-0., 1., 0.));
#1918 = CARTESIAN_POINT('', (-28., -52., 94.));
#1919 = AXIS2_PLACEMENT_3D('', #1918, #1917, #1916);
#1920 = CIRCLE('', #1919, 12.05000001);
#1921 = DIRECTION('', (1., 0., -0.));
#1922 = DIRECTION('', (0., -1., 0.));
#1923 = CARTESIAN_POINT('', (-28., -53., 94.));
#1924 = AXIS2_PLACEMENT_3D('', #1923, #1922, #1921);
#1925 = CIRCLE('', #1924, 12.05000001);
#1926 = DIRECTION('', (1., 0., 0.));
#1927 = DIRECTION('', (-0., 1., 0.));
#1928 = CARTESIAN_POINT('', (-28., -53., 94.));
#1929 = AXIS2_PLACEMENT_3D('', #1928, #1927, #1926);
#1930 = CIRCLE('', #1929, 12.05000001);
#1931 = DIRECTION('', (0.0000001, 0., -1.));
#1932 = DIRECTION('', (0., 1., 0.));
#1933 = CARTESIAN_POINT('', (-28., -52., 94.));
#1934 = AXIS2_PLACEMENT_3D('', #1933, #1932, #1931);
#1935 = CIRCLE('', #1934, 12.05000001);
#1936 = DIRECTION('', (-0.0000001, 0., 1.));
#1937 = DIRECTION('', (-0., -1., 0.));
#1938 = CARTESIAN_POINT('', (-28., -52., 94.));
#1939 = AXIS2_PLACEMENT_3D('', #1938, #1937, #1936);
#1940 = CIRCLE('', #1939, 12.05000001);
#1941 = DIRECTION('', (0.0000001, -0., -1.));
#1942 = DIRECTION('', (-0., 1., -0.));
#1943 = CARTESIAN_POINT('', (-28., -53., 94.));
#1944 = AXIS2_PLACEMENT_3D('', #1943, #1942, #1941);
#1945 = CIRCLE('', #1944, 12.05000001);
#1946 = DIRECTION('', (-0.0000001, 0., 1.));
#1947 = DIRECTION('', (-0., -1., 0.));
#1948 = CARTESIAN_POINT('', (-28., -53., 94.));
#1949 = AXIS2_PLACEMENT_3D('', #1948, #1947, #1946);
#1950 = CIRCLE('', #1949, 12.05000001);
#1951 = DIRECTION('', (0., -1., 0.));
#1952 = VECTOR('', #1951, 1.);
#1953 = CARTESIAN_POINT('', (-40.05000001, -52., 94.));
#1954 = LINE('', #1953, #1952);
#1955 = DIRECTION('', (0., -1., 0.));
#1956 = VECTOR('', #1955, 1.);
#1957 = CARTESIAN_POINT('', (-15.94999999, -52., 94.));
#1958 = LINE('', #1957, #1956);
#1959 = DIRECTION('', (1., 0., 0.));
#1960 = DIRECTION('', (0., -1., 0.));
#1961 = CARTESIAN_POINT('', (-28., -56., 94.));
#1962 = AXIS2_PLACEMENT_3D('', #1961, #1960, #1959);
#1963 = CIRCLE('', #1962, 15.);
#1964 = DIRECTION('', (0., -1., 0.));
#1965 = VECTOR('', #1964, 1.);
#1966 = CARTESIAN_POINT('', (-13., -56., 94.));
#1967 = LINE('', #1966, #1965);
#1968 = DIRECTION('', (1., 0., 0.));
#1969 = DIRECTION('', (0., -1., 0.));
#1970 = CARTESIAN_POINT('', (-28., -60., 94.));
#1971 = AXIS2_PLACEMENT_3D('', #1970, #1969, #1968);
#1972 = CIRCLE('', #1971, 15.);
#1973 = DIRECTION('', (-1., 0., 0.));
#1974 = DIRECTION('', (-0., -1., -0.));
#1975 = CARTESIAN_POINT('', (-28., -56., 94.));
#1976 = AXIS2_PLACEMENT_3D('', #1975, #1974, #1973);
#1977 = CIRCLE('', #1976, 15.);
#1978 = DIRECTION('', (-1., 0., 0.));
#1979 = DIRECTION('', (-0., -1., -0.));
#1980 = CARTESIAN_POINT('', (-28., -60., 94.));
#1981 = AXIS2_PLACEMENT_3D('', #1980, #1979, #1978);
#1982 = CIRCLE('', #1981, 15.);
#1983 = DIRECTION('', (0., -1., 0.));
#1984 = VECTOR('', #1983, 1.);
#1985 = CARTESIAN_POINT('', (-43., -56., 94.));
#1986 = LINE('', #1985, #1984);
#1987 = DIRECTION('', (1., 0., -0.));
#1988 = DIRECTION('', (0., -1., 0.));
#1989 = CARTESIAN_POINT('', (-28., -52., 94.));
#1990 = AXIS2_PLACEMENT_3D('', #1989, #1988, #1987);
#1991 = CIRCLE('', #1990, 12.00000001);
#1992 = DIRECTION('', (0., -1., 0.));
#1993 = VECTOR('', #1992, 1.);
#1994 = CARTESIAN_POINT('', (-15.99999999, -52., 94.));
#1995 = LINE('', #1994, #1993);
#1996 = DIRECTION('', (-1., 0., 0.));
#1997 = DIRECTION('', (-0., -1., -0.));
#1998 = CARTESIAN_POINT('', (-28., -52., 94.));
#1999 = AXIS2_PLACEMENT_3D('', #1998, #1997, #1996);
#2000 = CIRCLE('', #1999, 12.00000001);
#2001 = DIRECTION('', (0., -1., 0.));
#2002 = VECTOR('', #2001, 1.);
#2003 = CARTESIAN_POINT('', (-40.00000001, -52., 94.));
#2004 = LINE('', #2003, #2002);
#2005 = DIRECTION('', (1., 0., -0.));
#2006 = DIRECTION('', (0., -1., 0.));
#2007 = CARTESIAN_POINT('', (-28., -56., 94.));
#2008 = AXIS2_PLACEMENT_3D('', #2007, #2006, #2005);
#2009 = CIRCLE('', #2008, 12.00000001);
#2010 = DIRECTION('', (1., 0., 0.));
#2011 = DIRECTION('', (-0., 1., 0.));
#2012 = CARTESIAN_POINT('', (-28., -56., 94.));
#2013 = AXIS2_PLACEMENT_3D('', #2012, #2011, #2010);
#2014 = CIRCLE('', #2013, 12.00000001);
#2015 = DIRECTION('', (0.0000001, 0., -1.));
#2016 = DIRECTION('', (0., 1., 0.));
#2017 = CARTESIAN_POINT('', (-28., -56., 94.));
#2018 = AXIS2_PLACEMENT_3D('', #2017, #2016, #2015);
#2019 = CIRCLE('', #2018, 12.00000001);
#2020 = DIRECTION('', (-0.0000001, 0., 1.));
#2021 = DIRECTION('', (-0., -1., 0.));
#2022 = CARTESIAN_POINT('', (-28., -56., 94.));
#2023 = AXIS2_PLACEMENT_3D('', #2022, #2021, #2020);
#2024 = CIRCLE('', #2023, 12.00000001);
#2025 = DIRECTION('', (-0., -1., 0.));
#2026 = DIRECTION('', (0., 0., 1.));
#2027 = CARTESIAN_POINT('', (35., -48., 5.));
#2028 = AXIS2_PLACEMENT_3D('', #2027, #2026, #2025);
#2029 = CIRCLE('', #2028, 10.);
#2030 = DIRECTION('', (0., -0., 1.));
#2031 = VECTOR('', #2030, 1.);
#2032 = CARTESIAN_POINT('', (45., -48., 5.));
#2033 = LINE('', #2032, #2031);
#2034 = DIRECTION('', (-0., -1., 0.));
#2035 = DIRECTION('', (0., 0., 1.));
#2036 = CARTESIAN_POINT('', (35., -48., 35.));
#2037 = AXIS2_PLACEMENT_3D('', #2036, #2035, #2034);
#2038 = CIRCLE('', #2037, 10.);
#2039 = DIRECTION('', (0., -0., 1.));
#2040 = VECTOR('', #2039, 1.);
#2041 = CARTESIAN_POINT('', (35., -58., 5.));
#2042 = LINE('', #2041, #2040);
#2043 = DIRECTION('', (-0., 1., 0.));
#2044 = VECTOR('', #2043, 1.);
#2045 = CARTESIAN_POINT('', (45., -48., 5.));
#2046 = LINE('', #2045, #2044);
#2047 = DIRECTION('', (0., -0., 1.));
#2048 = VECTOR('', #2047, 1.);
#2049 = CARTESIAN_POINT('', (45., -20., 5.));
#2050 = LINE('', #2049, #2048);
#2051 = DIRECTION('', (-0., 1., 0.));
#2052 = VECTOR('', #2051, 1.);
#2053 = CARTESIAN_POINT('', (45., -48., 35.));
#2054 = LINE('', #2053, #2052);
#2055 = DIRECTION('', (1., -0., 0.));
#2056 = DIRECTION('', (-0., -0., 1.));
#2057 = CARTESIAN_POINT('', (35., -20., 5.));
#2058 = AXIS2_PLACEMENT_3D('', #2057, #2056, #2055);
#2059 = CIRCLE('', #2058, 10.);
#2060 = DIRECTION('', (0., -0., 1.));
#2061 = VECTOR('', #2060, 1.);
#2062 = CARTESIAN_POINT('', (35., -10., 5.));
#2063 = LINE('', #2062, #2061);
#2064 = DIRECTION('', (1., -0., 0.));
#2065 = DIRECTION('', (-0., -0., 1.));
#2066 = CARTESIAN_POINT('', (35., -20., 35.));
#2067 = AXIS2_PLACEMENT_3D('', #2066, #2065, #2064);
#2068 = CIRCLE('', #2067, 10.);
#2069 = DIRECTION('', (-1., -0., 0.));
#2070 = VECTOR('', #2069, 1.);
#2071 = CARTESIAN_POINT('', (35., -10., 5.));
#2072 = LINE('', #2071, #2070);
#2073 = DIRECTION('', (0., -0., 1.));
#2074 = VECTOR('', #2073, 1.);
#2075 = CARTESIAN_POINT('', (-35., -10., 5.));
#2076 = LINE('', #2075, #2074);
#2077 = DIRECTION('', (-1., -0., 0.));
#2078 = VECTOR('', #2077, 1.);
#2079 = CARTESIAN_POINT('', (35., -10., 35.));
#2080 = LINE('', #2079, #2078);
#2081 = DIRECTION('', (-0., 1., -0.));
#2082 = DIRECTION('', (-0., 0., 1.));
#2083 = CARTESIAN_POINT('', (-35., -20., 5.));
#2084 = AXIS2_PLACEMENT_3D('', #2083, #2082, #2081);
#2085 = CIRCLE('', #2084, 10.);
#2086 = DIRECTION('', (0., -0., 1.));
#2087 = VECTOR('', #2086, 1.);
#2088 = CARTESIAN_POINT('', (-45., -20., 5.));
#2089 = LINE('', #2088, #2087);
#2090 = DIRECTION('', (-0., 1., 0.));
#2091 = DIRECTION('', (0., -0., 1.));
#2092 = CARTESIAN_POINT('', (-35., -20., 35.));
#2093 = AXIS2_PLACEMENT_3D('', #2092, #2091, #2090);
#2094 = CIRCLE('', #2093, 10.);
#2095 = DIRECTION('', (0., -1., 0.));
#2096 = VECTOR('', #2095, 1.);
#2097 = CARTESIAN_POINT('', (-45., -20., 5.));
#2098 = LINE('', #2097, #2096);
#2099 = DIRECTION('', (0., -0., 1.));
#2100 = VECTOR('', #2099, 1.);
#2101 = CARTESIAN_POINT('', (-45., -48., 5.));
#2102 = LINE('', #2101, #2100);
#2103 = DIRECTION('', (0., -1., 0.));
#2104 = VECTOR('', #2103, 1.);
#2105 = CARTESIAN_POINT('', (-45., -20., 35.));
#2106 = LINE('', #2105, #2104);
#2107 = DIRECTION('', (-1., 0., 0.));
#2108 = DIRECTION('', (0., -0., 1.));
#2109 = CARTESIAN_POINT('', (-35., -48., 5.));
#2110 = AXIS2_PLACEMENT_3D('', #2109, #2108, #2107);
#2111 = CIRCLE('', #2110, 10.);
#2112 = DIRECTION('', (0., -0., 1.));
#2113 = VECTOR('', #2112, 1.);
#2114 = CARTESIAN_POINT('', (-35., -58., 5.));
#2115 = LINE('', #2114, #2113);
#2116 = DIRECTION('', (-1., 0., 0.));
#2117 = DIRECTION('', (0., -0., 1.));
#2118 = CARTESIAN_POINT('', (-35., -48., 35.));
#2119 = AXIS2_PLACEMENT_3D('', #2118, #2117, #2116);
#2120 = CIRCLE('', #2119, 10.);
#2121 = DIRECTION('', (1., -0., 0.));
#2122 = VECTOR('', #2121, 1.);
#2123 = CARTESIAN_POINT('', (-35., -58., 5.));
#2124 = LINE('', #2123, #2122);
#2125 = DIRECTION('', (1., -0., 0.));
#2126 = VECTOR('', #2125, 1.);
#2127 = CARTESIAN_POINT('', (-35., -58., 35.));
#2128 = LINE('', #2127, #2126);
#2129 = DIRECTION('', (-0., -1., 0.));
#2130 = DIRECTION('', (0., 0., 1.));
#2131 = CARTESIAN_POINT('', (35., -48., 7.5));
#2132 = AXIS2_PLACEMENT_3D('', #2131, #2130, #2129);
#2133 = CIRCLE('', #2132, 7.5);
#2134 = DIRECTION('', (0., -0., 1.));
#2135 = VECTOR('', #2134, 1.);
#2136 = CARTESIAN_POINT('', (42.5, -48., 7.5));
#2137 = LINE('', #2136, #2135);
#2138 = DIRECTION('', (0., -0., 1.));
#2139 = VECTOR('', #2138, 1.);
#2140 = CARTESIAN_POINT('', (35., -55.5, 7.5));
#2141 = LINE('', #2140, #2139);
#2142 = DIRECTION('', (0., 1., 0.));
#2143 = VECTOR('', #2142, 1.);
#2144 = CARTESIAN_POINT('', (42.5, -48., 7.5));
#2145 = LINE('', #2144, #2143);
#2146 = DIRECTION('', (0., -0., 1.));
#2147 = VECTOR('', #2146, 1.);
#2148 = CARTESIAN_POINT('', (42.5, -20., 7.5));
#2149 = LINE('', #2148, #2147);
#2150 = DIRECTION('', (1., -0., 0.));
#2151 = DIRECTION('', (-0., -0., 1.));
#2152 = CARTESIAN_POINT('', (35., -20., 7.5));
#2153 = AXIS2_PLACEMENT_3D('', #2152, #2151, #2150);
#2154 = CIRCLE('', #2153, 7.5);
#2155 = DIRECTION('', (0., -0., 1.));
#2156 = VECTOR('', #2155, 1.);
#2157 = CARTESIAN_POINT('', (35., -12.5, 7.5));
#2158 = LINE('', #2157, #2156);
#2159 = DIRECTION('', (-1., -0., 0.));
#2160 = VECTOR('', #2159, 1.);
#2161 = CARTESIAN_POINT('', (35., -12.5, 7.5));
#2162 = LINE('', #2161, #2160);
#2163 = DIRECTION('', (0., -0., 1.));
#2164 = VECTOR('', #2163, 1.);
#2165 = CARTESIAN_POINT('', (-35., -12.5, 7.5));
#2166 = LINE('', #2165, #2164);
#2167 = DIRECTION('', (-0., 1., 0.));
#2168 = DIRECTION('', (0., -0., 1.));
#2169 = CARTESIAN_POINT('', (-35., -20., 7.5));
#2170 = AXIS2_PLACEMENT_3D('', #2169, #2168, #2167);
#2171 = CIRCLE('', #2170, 7.5);
#2172 = DIRECTION('', (0., -0., 1.));
#2173 = VECTOR('', #2172, 1.);
#2174 = CARTESIAN_POINT('', (-42.5, -20., 7.5));
#2175 = LINE('', #2174, #2173);
#2176 = DIRECTION('', (0., -1., 0.));
#2177 = VECTOR('', #2176, 1.);
#2178 = CARTESIAN_POINT('', (-42.5, -20., 7.5));
#2179 = LINE('', #2178, #2177);
#2180 = DIRECTION('', (0., -0., 1.));
#2181 = VECTOR('', #2180, 1.);
#2182 = CARTESIAN_POINT('', (-42.5, -48., 7.5));
#2183 = LINE('', #2182, #2181);
#2184 = DIRECTION('', (-1., 0., 0.));
#2185 = DIRECTION('', (0., -0., 1.));
#2186 = CARTESIAN_POINT('', (-35., -48., 7.5));
#2187 = AXIS2_PLACEMENT_3D('', #2186, #2185, #2184);
#2188 = CIRCLE('', #2187, 7.5);
#2189 = DIRECTION('', (0., -0., 1.));
#2190 = VECTOR('', #2189, 1.);
#2191 = CARTESIAN_POINT('', (-35., -55.5, 7.5));
#2192 = LINE('', #2191, #2190);
#2193 = DIRECTION('', (1., 0., 0.));
#2194 = VECTOR('', #2193, 1.);
#2195 = CARTESIAN_POINT('', (-35., -55.5, 7.5));
#2196 = LINE('', #2195, #2194);
#2197 = DIRECTION('', (1., -0., 0.));
#2198 = DIRECTION('', (0., -0., -1.));
#2199 = CARTESIAN_POINT('', (35., -48., 35.));
#2200 = AXIS2_PLACEMENT_3D('', #2199, #2198, #2197);
#2201 = CIRCLE('', #2200, 7.5);
#2202 = DIRECTION('', (0., 1., 0.));
#2203 = VECTOR('', #2202, 1.);
#2204 = CARTESIAN_POINT('', (42.5, -48., 35.));
#2205 = LINE('', #2204, #2203);
#2206 = DIRECTION('', (1., -0., 0.));
#2207 = DIRECTION('', (-0., -0., 1.));
#2208 = CARTESIAN_POINT('', (35., -20., 35.));
#2209 = AXIS2_PLACEMENT_3D('', #2208, #2207, #2206);
#2210 = CIRCLE('', #2209, 7.5);
#2211 = DIRECTION('', (-1., -0., 0.));
#2212 = VECTOR('', #2211, 1.);
#2213 = CARTESIAN_POINT('', (35., -12.5, 35.));
#2214 = LINE('', #2213, #2212);
#2215 = DIRECTION('', (-0., 1., 0.));
#2216 = DIRECTION('', (0., -0., 1.));
#2217 = CARTESIAN_POINT('', (-35., -20., 35.));
#2218 = AXIS2_PLACEMENT_3D('', #2217, #2216, #2215);
#2219 = CIRCLE('', #2218, 7.5);
#2220 = DIRECTION('', (0., -1., 0.));
#2221 = VECTOR('', #2220, 1.);
#2222 = CARTESIAN_POINT('', (-42.5, -20., 35.));
#2223 = LINE('', #2222, #2221);
#2224 = DIRECTION('', (0., -1., 0.));
#2225 = DIRECTION('', (-0., -0., -1.));
#2226 = CARTESIAN_POINT('', (-35., -48., 35.));
#2227 = AXIS2_PLACEMENT_3D('', #2226, #2225, #2224);
#2228 = CIRCLE('', #2227, 7.5);
#2229 = DIRECTION('', (1., -0., 0.));
#2230 = VECTOR('', #2229, 1.);
#2231 = CARTESIAN_POINT('', (-35., -55.5, 35.));
#2232 = LINE('', #2231, #2230);
#2233 = DIRECTION('', (0., 0., -1.));
#2234 = DIRECTION('', (1., -0., 0.));
#2235 = CARTESIAN_POINT('', (38., 62., 207.));
#2236 = AXIS2_PLACEMENT_3D('', #2235, #2234, #2233);
#2237 = CIRCLE('', #2236, 1.);
#2238 = DIRECTION('', (0., 0., 1.));
#2239 = DIRECTION('', (1., -0., -0.));
#2240 = CARTESIAN_POINT('', (38., 62., 207.));
#2241 = AXIS2_PLACEMENT_3D('', #2240, #2239, #2238);
#2242 = CIRCLE('', #2241, 1.);
#2243 = DIRECTION('', (0., 0., -1.));
#2244 = DIRECTION('', (1., -0., 0.));
#2245 = CARTESIAN_POINT('', (-38., 62., 207.));
#2246 = AXIS2_PLACEMENT_3D('', #2245, #2244, #2243);
#2247 = CIRCLE('', #2246, 2.);
#2248 = DIRECTION('', (1., -0., 0.));
#2249 = VECTOR('', #2248, 1.);
#2250 = CARTESIAN_POINT('', (-38., 62., 205.));
#2251 = LINE('', #2250, #2249);
#2252 = DIRECTION('', (0., 0., -1.));
#2253 = DIRECTION('', (1., -0., 0.));
#2254 = CARTESIAN_POINT('', (-35.8, 62., 207.));
#2255 = AXIS2_PLACEMENT_3D('', #2254, #2253, #2252);
#2256 = CIRCLE('', #2255, 2.);
#2257 = DIRECTION('', (0., 0., 1.));
#2258 = DIRECTION('', (1., -0., -0.));
#2259 = CARTESIAN_POINT('', (-38., 62., 207.));
#2260 = AXIS2_PLACEMENT_3D('', #2259, #2258, #2257);
#2261 = CIRCLE('', #2260, 2.);
#2262 = DIRECTION('', (0., 0., 1.));
#2263 = DIRECTION('', (1., -0., -0.));
#2264 = CARTESIAN_POINT('', (-35.8, 62., 207.));
#2265 = AXIS2_PLACEMENT_3D('', #2264, #2263, #2262);
#2266 = CIRCLE('', #2265, 2.);
#2267 = DIRECTION('', (1., -0., 0.));
#2268 = VECTOR('', #2267, 1.);
#2269 = CARTESIAN_POINT('', (-38., 62., 209.));
#2270 = LINE('', #2269, #2268);
#2271 = DIRECTION('', (-0., 0., -1.));
#2272 = DIRECTION('', (1., 0., -0.));
#2273 = CARTESIAN_POINT('', (-35.8, 62., 207.));
#2274 = AXIS2_PLACEMENT_3D('', #2273, #2272, #2271);
#2275 = CIRCLE('', #2274, 1.);
#2276 = DIRECTION('', (0., -0., -1.));
#2277 = DIRECTION('', (-1., -0., -0.));
#2278 = CARTESIAN_POINT('', (-35.8, 62., 207.));
#2279 = AXIS2_PLACEMENT_3D('', #2278, #2277, #2276);
#2280 = CIRCLE('', #2279, 1.);
#2281 = DIRECTION('', (-0., -1., -0.));
#2282 = DIRECTION('', (-1., 0., -0.));
#2283 = CARTESIAN_POINT('', (-35.8, 62., 207.));
#2284 = AXIS2_PLACEMENT_3D('', #2283, #2282, #2281);
#2285 = CIRCLE('', #2284, 1.);
#2286 = DIRECTION('', (0., 1., 0.));
#2287 = DIRECTION('', (1., -0., -0.));
#2288 = CARTESIAN_POINT('', (-35.8, 62., 207.));
#2289 = AXIS2_PLACEMENT_3D('', #2288, #2287, #2286);
#2290 = CIRCLE('', #2289, 1.);
#2291 = DIRECTION('', (1., -0., 0.));
#2292 = VECTOR('', #2291, 1.);
#2293 = CARTESIAN_POINT('', (-35.8, 62., 208.));
#2294 = LINE('', #2293, #2292);
#2295 = DIRECTION('', (1., -0., 0.));
#2296 = VECTOR('', #2295, 1.);
#2297 = CARTESIAN_POINT('', (-35.8, 62., 206.));
#2298 = LINE('', #2297, #2296);
#2299 = DIRECTION('', (0., -1., 0.));
#2300 = DIRECTION('', (-0., -0., 1.));
#2301 = CARTESIAN_POINT('', (26., -21., 116.));
#2302 = AXIS2_PLACEMENT_3D('', #2301, #2300, #2299);
#2303 = CIRCLE('', #2302, 6.);
#2304 = DIRECTION('', (0., -0., 1.));
#2305 = VECTOR('', #2304, 1.);
#2306 = CARTESIAN_POINT('', (32., -21., 116.));
#2307 = LINE('', #2306, #2305);
#2308 = DIRECTION('', (0., -1., 0.));
#2309 = DIRECTION('', (-0., -0., 1.));
#2310 = CARTESIAN_POINT('', (26., -21., 132.));
#2311 = AXIS2_PLACEMENT_3D('', #2310, #2309, #2308);
#2312 = CIRCLE('', #2311, 6.);
#2313 = DIRECTION('', (0., -0., 1.));
#2314 = VECTOR('', #2313, 1.);
#2315 = CARTESIAN_POINT('', (26., -27., 116.));
#2316 = LINE('', #2315, #2314);
#2317 = DIRECTION('', (0., 1., 0.));
#2318 = VECTOR('', #2317, 1.);
#2319 = CARTESIAN_POINT('', (32., -21., 116.));
#2320 = LINE('', #2319, #2318);
#2321 = DIRECTION('', (0., -0., 1.));
#2322 = VECTOR('', #2321, 1.);
#2323 = CARTESIAN_POINT('', (32., 27., 116.));
#2324 = LINE('', #2323, #2322);
#2325 = DIRECTION('', (0., 1., 0.));
#2326 = VECTOR('', #2325, 1.);
#2327 = CARTESIAN_POINT('', (32., -21., 132.));
#2328 = LINE('', #2327, #2326);
#2329 = DIRECTION('', (1., 0., 0.));
#2330 = DIRECTION('', (0., -0., 1.));
#2331 = CARTESIAN_POINT('', (26., 27., 116.));
#2332 = AXIS2_PLACEMENT_3D('', #2331, #2330, #2329);
#2333 = CIRCLE('', #2332, 6.);
#2334 = DIRECTION('', (0., -0., 1.));
#2335 = VECTOR('', #2334, 1.);
#2336 = CARTESIAN_POINT('', (26., 33., 116.));
#2337 = LINE('', #2336, #2335);
#2338 = DIRECTION('', (1., 0., 0.));
#2339 = DIRECTION('', (0., -0., 1.));
#2340 = CARTESIAN_POINT('', (26., 27., 132.));
#2341 = AXIS2_PLACEMENT_3D('', #2340, #2339, #2338);
#2342 = CIRCLE('', #2341, 6.);
#2343 = DIRECTION('', (-1., -0., 0.));
#2344 = VECTOR('', #2343, 1.);
#2345 = CARTESIAN_POINT('', (26., 33., 116.));
#2346 = LINE('', #2345, #2344);
#2347 = DIRECTION('', (0., -0., 1.));
#2348 = VECTOR('', #2347, 1.);
#2349 = CARTESIAN_POINT('', (-26., 33., 116.));
#2350 = LINE('', #2349, #2348);
#2351 = DIRECTION('', (-1., -0., 0.));
#2352 = VECTOR('', #2351, 1.);
#2353 = CARTESIAN_POINT('', (26., 33., 132.));
#2354 = LINE('', #2353, #2352);
#2355 = DIRECTION('', (0., 1., 0.));
#2356 = DIRECTION('', (0., -0., 1.));
#2357 = CARTESIAN_POINT('', (-26., 27., 116.));
#2358 = AXIS2_PLACEMENT_3D('', #2357, #2356, #2355);
#2359 = CIRCLE('', #2358, 6.);
#2360 = DIRECTION('', (0., -0., 1.));
#2361 = VECTOR('', #2360, 1.);
#2362 = CARTESIAN_POINT('', (-32., 27., 116.));
#2363 = LINE('', #2362, #2361);
#2364 = DIRECTION('', (0., 1., 0.));
#2365 = DIRECTION('', (0., -0., 1.));
#2366 = CARTESIAN_POINT('', (-26., 27., 132.));
#2367 = AXIS2_PLACEMENT_3D('', #2366, #2365, #2364);
#2368 = CIRCLE('', #2367, 6.);
#2369 = DIRECTION('', (0., -1., 0.));
#2370 = VECTOR('', #2369, 1.);
#2371 = CARTESIAN_POINT('', (-32., 27., 116.));
#2372 = LINE('', #2371, #2370);
#2373 = DIRECTION('', (0., -0., 1.));
#2374 = VECTOR('', #2373, 1.);
#2375 = CARTESIAN_POINT('', (-32., -21., 116.));
#2376 = LINE('', #2375, #2374);
#2377 = DIRECTION('', (0., -1., 0.));
#2378 = VECTOR('', #2377, 1.);
#2379 = CARTESIAN_POINT('', (-32., 27., 132.));
#2380 = LINE('', #2379, #2378);
#2381 = DIRECTION('', (-1., -0., 0.));
#2382 = DIRECTION('', (0., 0., 1.));
#2383 = CARTESIAN_POINT('', (-26., -21., 116.));
#2384 = AXIS2_PLACEMENT_3D('', #2383, #2382, #2381);
#2385 = CIRCLE('', #2384, 6.);
#2386 = DIRECTION('', (0., -0., 1.));
#2387 = VECTOR('', #2386, 1.);
#2388 = CARTESIAN_POINT('', (-26., -27., 116.));
#2389 = LINE('', #2388, #2387);
#2390 = DIRECTION('', (-1., -0., 0.));
#2391 = DIRECTION('', (0., 0., 1.));
#2392 = CARTESIAN_POINT('', (-26., -21., 132.));
#2393 = AXIS2_PLACEMENT_3D('', #2392, #2391, #2390);
#2394 = CIRCLE('', #2393, 6.);
#2395 = DIRECTION('', (1., -0., 0.));
#2396 = VECTOR('', #2395, 1.);
#2397 = CARTESIAN_POINT('', (-26., -27., 116.));
#2398 = LINE('', #2397, #2396);
#2399 = DIRECTION('', (1., -0., 0.));
#2400 = VECTOR('', #2399, 1.);
#2401 = CARTESIAN_POINT('', (-26., -27., 132.));
#2402 = LINE('', #2401, #2400);
#2403 = DIRECTION('', (1., 0., -0.));
#2404 = DIRECTION('', (0., 0., 1.));
#2405 = CARTESIAN_POINT('', (0., 3., 116.));
#2406 = AXIS2_PLACEMENT_3D('', #2405, #2404, #2403);
#2407 = CIRCLE('', #2406, 11.00000001);
#2408 = DIRECTION('', (1., -0., -0.));
#2409 = DIRECTION('', (-0., 0., -1.));
#2410 = CARTESIAN_POINT('', (0., 3., 116.));
#2411 = AXIS2_PLACEMENT_3D('', #2410, #2409, #2408);
#2412 = CIRCLE('', #2411, 11.00000001);
#2413 = DIRECTION('', (1., 0., -0.));
#2414 = DIRECTION('', (0., 0., 1.));
#2415 = CARTESIAN_POINT('', (0., 3., 132.));
#2416 = AXIS2_PLACEMENT_3D('', #2415, #2414, #2413);
#2417 = CIRCLE('', #2416, 11.00000001);
#2418 = DIRECTION('', (1., -0., 0.));
#2419 = DIRECTION('', (0., -0., -1.));
#2420 = CARTESIAN_POINT('', (0., 3., 132.));
#2421 = AXIS2_PLACEMENT_3D('', #2420, #2419, #2418);
#2422 = CIRCLE('', #2421, 11.00000001);
#2423 = DIRECTION('', (0., -1., 0.));
#2424 = DIRECTION('', (-0., -0., -1.));
#2425 = CARTESIAN_POINT('', (0., 3., 116.));
#2426 = AXIS2_PLACEMENT_3D('', #2425, #2424, #2423);
#2427 = CIRCLE('', #2426, 11.00000001);
#2428 = DIRECTION('', (-0., 1., -0.));
#2429 = DIRECTION('', (-0., 0., 1.));
#2430 = CARTESIAN_POINT('', (0., 3., 116.));
#2431 = AXIS2_PLACEMENT_3D('', #2430, #2429, #2428);
#2432 = CIRCLE('', #2431, 11.00000001);
#2433 = DIRECTION('', (-0., -1., 0.));
#2434 = DIRECTION('', (-0., -0., -1.));
#2435 = CARTESIAN_POINT('', (0., 3., 132.));
#2436 = AXIS2_PLACEMENT_3D('', #2435, #2434, #2433);
#2437 = CIRCLE('', #2436, 11.00000001);
#2438 = DIRECTION('', (0., 1., 0.));
#2439 = DIRECTION('', (0., -0., 1.));
#2440 = CARTESIAN_POINT('', (0., 3., 132.));
#2441 = AXIS2_PLACEMENT_3D('', #2440, #2439, #2438);
#2442 = CIRCLE('', #2441, 11.00000001);
#2443 = DIRECTION('', (0., -0., 1.));
#2444 = VECTOR('', #2443, 1.);
#2445 = CARTESIAN_POINT('', (-11.00000001, 3., 116.));
#2446 = LINE('', #2445, #2444);
#2447 = DIRECTION('', (0., -0., 1.));
#2448 = VECTOR('', #2447, 1.);
#2449 = CARTESIAN_POINT('', (11.00000002, 3., 116.));
#2450 = LINE('', #2449, #2448);
#2451 = DIRECTION('', (-0., -0.90630779, 0.42261826));
#2452 = DIRECTION('', (-0., 0.42261826, 0.90630779));
#2453 = CARTESIAN_POINT('', (17., -34.34415451, 47.95832783));
#2454 = AXIS2_PLACEMENT_3D('', #2453, #2452, #2451);
#2455 = CIRCLE('', #2454, 5.);
#2456 = DIRECTION('', (0., 0.42261826, 0.90630779));
#2457 = VECTOR('', #2456, 1.);
#2458 = CARTESIAN_POINT('', (22., -34.34415451, 47.95832783));
#2459 = LINE('', #2458, #2457);
#2460 = DIRECTION('', (-0., -0.90630779, 0.42261826));
#2461 = DIRECTION('', (-0., 0.42261826, 0.90630779));
#2462 = CARTESIAN_POINT('', (17., -4.76087619, 111.39987292));
#2463 = AXIS2_PLACEMENT_3D('', #2462, #2461, #2460);
#2464 = CIRCLE('', #2463, 5.);
#2465 = DIRECTION('', (0., 0.42261826, 0.90630779));
#2466 = VECTOR('', #2465, 1.);
#2467 = CARTESIAN_POINT('', (17., -38.87569344, 50.07141914));
#2468 = LINE('', #2467, #2466);
#2469 = DIRECTION('', (0., 0.90630779, -0.42261826));
#2470 = VECTOR('', #2469, 1.);
#2471 = CARTESIAN_POINT('', (22., -34.34415451, 47.95832783));
#2472 = LINE('', #2471, #2470);
#2473 = DIRECTION('', (0., 0.42261826, 0.90630779));
#2474 = VECTOR('', #2473, 1.);
#2475 = CARTESIAN_POINT('', (22., -21.65584549, 42.04167217));
#2476 = LINE('', #2475, #2474);
#2477 = DIRECTION('', (0., 0.90630779, -0.42261826));
#2478 = VECTOR('', #2477, 1.);
#2479 = CARTESIAN_POINT('', (22., -4.76087619, 111.39987292));
#2480 = LINE('', #2479, #2478);
#2481 = DIRECTION('', (1., 0., -0.));
#2482 = DIRECTION('', (0., 0.42261826, 0.90630779));
#2483 = CARTESIAN_POINT('', (17., -21.65584549, 42.04167217));
#2484 = AXIS2_PLACEMENT_3D('', #2483, #2482, #2481);
#2485 = CIRCLE('', #2484, 5.);
#2486 = DIRECTION('', (0., 0.42261826, 0.90630779));
#2487 = VECTOR('', #2486, 1.);
#2488 = CARTESIAN_POINT('', (17., -17.12430656, 39.92858086));
#2489 = LINE('', #2488, #2487);
#2490 = DIRECTION('', (1., -0., -0.));
#2491 = DIRECTION('', (0., 0.42261826, 0.90630779));
#2492 = CARTESIAN_POINT('', (17., 7.92743283, 105.48321726));
#2493 = AXIS2_PLACEMENT_3D('', #2492, #2491, #2490);
#2494 = CIRCLE('', #2493, 5.);
#2495 = DIRECTION('', (-1., -0., 0.));
#2496 = VECTOR('', #2495, 1.);
#2497 = CARTESIAN_POINT('', (17., -17.12430656, 39.92858086));
#2498 = LINE('', #2497, #2496);
#2499 = DIRECTION('', (0., 0.42261826, 0.90630779));
#2500 = VECTOR('', #2499, 1.);
#2501 = CARTESIAN_POINT('', (-17., -17.12430656, 39.92858086));
#2502 = LINE('', #2501, #2500);
#2503 = DIRECTION('', (-1., -0., 0.));
#2504 = VECTOR('', #2503, 1.);
#2505 = CARTESIAN_POINT('', (17., 12.45897177, 103.37012595));
#2506 = LINE('', #2505, #2504);
#2507 = DIRECTION('', (-0., 0.90630779, -0.42261826));
#2508 = DIRECTION('', (0., 0.42261826, 0.90630779));
#2509 = CARTESIAN_POINT('', (-17., -21.65584549, 42.04167217));
#2510 = AXIS2_PLACEMENT_3D('', #2509, #2508, #2507);
#2511 = CIRCLE('', #2510, 5.);
#2512 = DIRECTION('', (0., 0.42261826, 0.90630779));
#2513 = VECTOR('', #2512, 1.);
#2514 = CARTESIAN_POINT('', (-22., -21.65584549, 42.04167217));
#2515 = LINE('', #2514, #2513);
#2516 = DIRECTION('', (-0., 0.90630779, -0.42261826));
#2517 = DIRECTION('', (0., 0.42261826, 0.90630779));
#2518 = CARTESIAN_POINT('', (-17., 7.92743283, 105.48321726));
#2519 = AXIS2_PLACEMENT_3D('', #2518, #2517, #2516);
#2520 = CIRCLE('', #2519, 5.);
#2521 = DIRECTION('', (0., -0.90630779, 0.42261826));
#2522 = VECTOR('', #2521, 1.);
#2523 = CARTESIAN_POINT('', (-22., -21.65584549, 42.04167217));
#2524 = LINE('', #2523, #2522);
#2525 = DIRECTION('', (0., 0.42261826, 0.90630779));
#2526 = VECTOR('', #2525, 1.);
#2527 = CARTESIAN_POINT('', (-22., -34.34415451, 47.95832783));
#2528 = LINE('', #2527, #2526);
#2529 = DIRECTION('', (0., -0.90630779, 0.42261826));
#2530 = VECTOR('', #2529, 1.);
#2531 = CARTESIAN_POINT('', (-22., 7.92743283, 105.48321726));
#2532 = LINE('', #2531, #2530);
#2533 = DIRECTION('', (-1., 0., 0.));
#2534 = DIRECTION('', (0., 0.42261826, 0.90630779));
#2535 = CARTESIAN_POINT('', (-17., -34.34415451, 47.95832783));
#2536 = AXIS2_PLACEMENT_3D('', #2535, #2534, #2533);
#2537 = CIRCLE('', #2536, 5.);
#2538 = DIRECTION('', (0., 0.42261826, 0.90630779));
#2539 = VECTOR('', #2538, 1.);
#2540 = CARTESIAN_POINT('', (-17., -38.87569344, 50.07141914));
#2541 = LINE('', #2540, #2539);
#2542 = DIRECTION('', (-1., 0., 0.));
#2543 = DIRECTION('', (0., 0.42261826, 0.90630779));
#2544 = CARTESIAN_POINT('', (-17., -4.76087619, 111.39987292));
#2545 = AXIS2_PLACEMENT_3D('', #2544, #2543, #2542);
#2546 = CIRCLE('', #2545, 5.);
#2547 = DIRECTION('', (1., 0., -0.));
#2548 = VECTOR('', #2547, 1.);
#2549 = CARTESIAN_POINT('', (-17., -38.87569344, 50.07141914));
#2550 = LINE('', #2549, #2548);
#2551 = DIRECTION('', (1., -0., 0.));
#2552 = VECTOR('', #2551, 1.);
#2553 = CARTESIAN_POINT('', (-17., -9.29241512, 113.51296423));
#2554 = LINE('', #2553, #2552);
#2555 = DIRECTION('', (1., -0., 0.));
#2556 = DIRECTION('', (0., -0.42261826, -0.90630779));
#2557 = CARTESIAN_POINT('', (17., -34.34415451, 47.95832783));
#2558 = AXIS2_PLACEMENT_3D('', #2557, #2556, #2555);
#2559 = CIRCLE('', #2558, 3.);
#2560 = DIRECTION('', (0., 0.90630779, -0.42261826));
#2561 = VECTOR('', #2560, 1.);
#2562 = CARTESIAN_POINT('', (20., -34.34415451, 47.95832783));
#2563 = LINE('', #2562, #2561);
#2564 = DIRECTION('', (1., 0., -0.));
#2565 = DIRECTION('', (-0., 0.42261826, 0.90630779));
#2566 = CARTESIAN_POINT('', (17., -21.65584549, 42.04167217));
#2567 = AXIS2_PLACEMENT_3D('', #2566, #2565, #2564);
#2568 = CIRCLE('', #2567, 3.);
#2569 = DIRECTION('', (-1., -0., 0.));
#2570 = VECTOR('', #2569, 1.);
#2571 = CARTESIAN_POINT('', (17., -18.93692213, 40.77381738));
#2572 = LINE('', #2571, #2570);
#2573 = DIRECTION('', (-0., 0.90630779, -0.42261826));
#2574 = DIRECTION('', (0., 0.42261826, 0.90630779));
#2575 = CARTESIAN_POINT('', (-17., -21.65584549, 42.04167217));
#2576 = AXIS2_PLACEMENT_3D('', #2575, #2574, #2573);
#2577 = CIRCLE('', #2576, 3.);
#2578 = DIRECTION('', (0., -0.90630779, 0.42261826));
#2579 = VECTOR('', #2578, 1.);
#2580 = CARTESIAN_POINT('', (-20., -21.65584549, 42.04167217));
#2581 = LINE('', #2580, #2579);
#2582 = DIRECTION('', (-0., -0.90630779, 0.42261826));
#2583 = DIRECTION('', (-0., -0.42261826, -0.90630779));
#2584 = CARTESIAN_POINT('', (-17., -34.34415451, 47.95832783));
#2585 = AXIS2_PLACEMENT_3D('', #2584, #2583, #2582);
#2586 = CIRCLE('', #2585, 3.);
#2587 = DIRECTION('', (1., 0., 0.));
#2588 = VECTOR('', #2587, 1.);
#2589 = CARTESIAN_POINT('', (-17., -37.06307787, 49.22618262));
#2590 = LINE('', #2589, #2588);
#2591 = DIRECTION('', (1., -0., -0.));
#2592 = DIRECTION('', (-0., -0.42261826, -0.90630779));
#2593 = CARTESIAN_POINT('', (17., -4.76087619, 111.39987292));
#2594 = AXIS2_PLACEMENT_3D('', #2593, #2592, #2591);
#2595 = CIRCLE('', #2594, 3.);
#2596 = DIRECTION('', (0., 0.90630779, -0.42261826));
#2597 = VECTOR('', #2596, 1.);
#2598 = CARTESIAN_POINT('', (20., -4.76087619, 111.39987292));
#2599 = LINE('', #2598, #2597);
#2600 = DIRECTION('', (1., 0., -0.));
#2601 = DIRECTION('', (0., 0.42261826, 0.90630779));
#2602 = CARTESIAN_POINT('', (17., 7.92743283, 105.48321726));
#2603 = AXIS2_PLACEMENT_3D('', #2602, #2601, #2600);
#2604 = CIRCLE('', #2603, 3.);
#2605 = DIRECTION('', (-1., -0., 0.));
#2606 = VECTOR('', #2605, 1.);
#2607 = CARTESIAN_POINT('', (17., 10.64635619, 104.21536248));
#2608 = LINE('', #2607, #2606);
#2609 = DIRECTION('', (-0., 0.90630779, -0.42261826));
#2610 = DIRECTION('', (0., 0.42261826, 0.90630779));
#2611 = CARTESIAN_POINT('', (-17., 7.92743283, 105.48321726));
#2612 = AXIS2_PLACEMENT_3D('', #2611, #2610, #2609);
#2613 = CIRCLE('', #2612, 3.);
#2614 = DIRECTION('', (0., -0.90630779, 0.42261826));
#2615 = VECTOR('', #2614, 1.);
#2616 = CARTESIAN_POINT('', (-20., 7.92743283, 105.48321726));
#2617 = LINE('', #2616, #2615);
#2618 = DIRECTION('', (-0., -0.90630779, 0.42261826));
#2619 = DIRECTION('', (0., -0.42261826, -0.90630779));
#2620 = CARTESIAN_POINT('', (-17., -4.76087619, 111.39987292));
#2621 = AXIS2_PLACEMENT_3D('', #2620, #2619, #2618);
#2622 = CIRCLE('', #2621, 3.);
#2623 = DIRECTION('', (1., 0., -0.));
#2624 = VECTOR('', #2623, 1.);
#2625 = CARTESIAN_POINT('', (-17., -7.47979955, 112.66772771));
#2626 = LINE('', #2625, #2624);
#2627 = DIRECTION('', (0., 0.42261826, 0.90630779));
#2628 = VECTOR('', #2627, 1.);
#2629 = CARTESIAN_POINT('', (20., -34.34415451, 47.95832783));
#2630 = LINE('', #2629, #2628);
#2631 = DIRECTION('', (0., 0.42261826, 0.90630779));
#2632 = VECTOR('', #2631, 1.);
#2633 = CARTESIAN_POINT('', (17., -37.06307787, 49.22618262));
#2634 = LINE('', #2633, #2632);
#2635 = DIRECTION('', (0., 0.42261826, 0.90630779));
#2636 = VECTOR('', #2635, 1.);
#2637 = CARTESIAN_POINT('', (20., -21.65584549, 42.04167217));
#2638 = LINE('', #2637, #2636);
#2639 = DIRECTION('', (0., 0.42261826, 0.90630779));
#2640 = VECTOR('', #2639, 1.);
#2641 = CARTESIAN_POINT('', (17., -18.93692213, 40.77381738));
#2642 = LINE('', #2641, #2640);
#2643 = DIRECTION('', (0., 0.42261826, 0.90630779));
#2644 = VECTOR('', #2643, 1.);
#2645 = CARTESIAN_POINT('', (-17., -18.93692213, 40.77381738));
#2646 = LINE('', #2645, #2644);
#2647 = DIRECTION('', (0., 0.42261826, 0.90630779));
#2648 = VECTOR('', #2647, 1.);
#2649 = CARTESIAN_POINT('', (-20., -21.65584549, 42.04167217));
#2650 = LINE('', #2649, #2648);
#2651 = DIRECTION('', (0., 0.42261826, 0.90630779));
#2652 = VECTOR('', #2651, 1.);
#2653 = CARTESIAN_POINT('', (-20., -34.34415451, 47.95832783));
#2654 = LINE('', #2653, #2652);
#2655 = DIRECTION('', (0., 0.42261826, 0.90630779));
#2656 = VECTOR('', #2655, 1.);
#2657 = CARTESIAN_POINT('', (-17., -37.06307787, 49.22618262));
#2658 = LINE('', #2657, #2656);
#2659 = DIRECTION('', (0., 0., -1.));
#2660 = DIRECTION('', (1., -0., 0.));
#2661 = CARTESIAN_POINT('', (36., 62., 207.));
#2662 = AXIS2_PLACEMENT_3D('', #2661, #2660, #2659);
#2663 = CIRCLE('', #2662, 2.);
#2664 = DIRECTION('', (1., -0., 0.));
#2665 = VECTOR('', #2664, 1.);
#2666 = CARTESIAN_POINT('', (36., 62., 205.));
#2667 = LINE('', #2666, #2665);
#2668 = DIRECTION('', (0., 0., -1.));
#2669 = DIRECTION('', (1., -0., 0.));
#2670 = CARTESIAN_POINT('', (38., 62., 207.));
#2671 = AXIS2_PLACEMENT_3D('', #2670, #2669, #2668);
#2672 = CIRCLE('', #2671, 2.);
#2673 = DIRECTION('', (0., 0., 1.));
#2674 = DIRECTION('', (1., -0., -0.));
#2675 = CARTESIAN_POINT('', (36., 62., 207.));
#2676 = AXIS2_PLACEMENT_3D('', #2675, #2674, #2673);
#2677 = CIRCLE('', #2676, 2.);
#2678 = DIRECTION('', (0., 0., 1.));
#2679 = DIRECTION('', (1., -0., -0.));
#2680 = CARTESIAN_POINT('', (38., 62., 207.));
#2681 = AXIS2_PLACEMENT_3D('', #2680, #2679, #2678);
#2682 = CIRCLE('', #2681, 2.);
#2683 = DIRECTION('', (1., -0., 0.));
#2684 = VECTOR('', #2683, 1.);
#2685 = CARTESIAN_POINT('', (36., 62., 209.));
#2686 = LINE('', #2685, #2684);
#2687 = DIRECTION('', (0., 0., -1.));
#2688 = DIRECTION('', (1., -0., 0.));
#2689 = CARTESIAN_POINT('', (36., 62., 207.));
#2690 = AXIS2_PLACEMENT_3D('', #2689, #2688, #2687);
#2691 = CIRCLE('', #2690, 1.05);
#2692 = DIRECTION('', (0., -0., -1.));
#2693 = DIRECTION('', (-1., -0., 0.));
#2694 = CARTESIAN_POINT('', (36., 62., 207.));
#2695 = AXIS2_PLACEMENT_3D('', #2694, #2693, #2692);
#2696 = CIRCLE('', #2695, 1.05);
#2697 = DIRECTION('', (0., 0., -1.));
#2698 = DIRECTION('', (1., -0., 0.));
#2699 = CARTESIAN_POINT('', (38., 62., 207.));
#2700 = AXIS2_PLACEMENT_3D('', #2699, #2698, #2697);
#2701 = CIRCLE('', #2700, 1.05);
#2702 = DIRECTION('', (0., -0., -1.));
#2703 = DIRECTION('', (-1., -0., 0.));
#2704 = CARTESIAN_POINT('', (38., 62., 207.));
#2705 = AXIS2_PLACEMENT_3D('', #2704, #2703, #2702);
#2706 = CIRCLE('', #2705, 1.05);
#2707 = DIRECTION('', (0., -1., 0.00000002));
#2708 = DIRECTION('', (-1., -0., 0.));
#2709 = CARTESIAN_POINT('', (36., 62., 207.));
#2710 = AXIS2_PLACEMENT_3D('', #2709, #2708, #2707);
#2711 = CIRCLE('', #2710, 1.05);
#2712 = DIRECTION('', (0., 1., -0.00000002));
#2713 = DIRECTION('', (1., -0., 0.));
#2714 = CARTESIAN_POINT('', (36., 62., 207.));
#2715 = AXIS2_PLACEMENT_3D('', #2714, #2713, #2712);
#2716 = CIRCLE('', #2715, 1.05);
#2717 = DIRECTION('', (0., -1., 0.00000002));
#2718 = DIRECTION('', (-1., -0., 0.));
#2719 = CARTESIAN_POINT('', (38., 62., 207.));
#2720 = AXIS2_PLACEMENT_3D('', #2719, #2718, #2717);
#2721 = CIRCLE('', #2720, 1.05);
#2722 = DIRECTION('', (0., 1., -0.00000001));
#2723 = DIRECTION('', (1., -0., 0.));
#2724 = CARTESIAN_POINT('', (38., 62., 207.));
#2725 = AXIS2_PLACEMENT_3D('', #2724, #2723, #2722);
#2726 = CIRCLE('', #2725, 1.05);
#2727 = DIRECTION('', (1., -0., 0.));
#2728 = VECTOR('', #2727, 1.);
#2729 = CARTESIAN_POINT('', (36., 62., 208.05));
#2730 = LINE('', #2729, #2728);
#2731 = DIRECTION('', (1., -0., 0.));
#2732 = VECTOR('', #2731, 1.);
#2733 = CARTESIAN_POINT('', (36., 62., 205.95));
#2734 = LINE('', #2733, #2732);
#2735 = DIRECTION('', (0., 0., -1.));
#2736 = DIRECTION('', (0., -1., 0.));
#2737 = CARTESIAN_POINT('', (44., -56., 127.));
#2738 = AXIS2_PLACEMENT_3D('', #2737, #2736, #2735);
#2739 = CIRCLE('', #2738, 6.);
#2740 = DIRECTION('', (0., -1., 0.));
#2741 = VECTOR('', #2740, 1.);
#2742 = CARTESIAN_POINT('', (50., -56., 127.));
#2743 = LINE('', #2742, #2741);
#2744 = DIRECTION('', (0., 0., -1.));
#2745 = DIRECTION('', (0., -1., -0.));
#2746 = CARTESIAN_POINT('', (44., -60., 127.));
#2747 = AXIS2_PLACEMENT_3D('', #2746, #2745, #2744);
#2748 = CIRCLE('', #2747, 6.);
#2749 = DIRECTION('', (0., -1., 0.));
#2750 = VECTOR('', #2749, 1.);
#2751 = CARTESIAN_POINT('', (44., -56., 121.));
#2752 = LINE('', #2751, #2750);
#2753 = DIRECTION('', (0., 0., 1.));
#2754 = VECTOR('', #2753, 1.);
#2755 = CARTESIAN_POINT('', (50., -56., 127.));
#2756 = LINE('', #2755, #2754);
#2757 = DIRECTION('', (0., -1., 0.));
#2758 = VECTOR('', #2757, 1.);
#2759 = CARTESIAN_POINT('', (50., -56., 167.));
#2760 = LINE('', #2759, #2758);
#2761 = DIRECTION('', (0., 0., 1.));
#2762 = VECTOR('', #2761, 1.);
#2763 = CARTESIAN_POINT('', (50., -60., 127.));
#2764 = LINE('', #2763, #2762);
#2765 = DIRECTION('', (1., 0., 0.));
#2766 = DIRECTION('', (0., -1., 0.));
#2767 = CARTESIAN_POINT('', (44., -56., 167.));
#2768 = AXIS2_PLACEMENT_3D('', #2767, #2766, #2765);
#2769 = CIRCLE('', #2768, 6.);
#2770 = DIRECTION('', (0., -1., 0.));
#2771 = VECTOR('', #2770, 1.);
#2772 = CARTESIAN_POINT('', (44., -56., 173.));
#2773 = LINE('', #2772, #2771);
#2774 = DIRECTION('', (1., 0., 0.));
#2775 = DIRECTION('', (0., -1., 0.));
#2776 = CARTESIAN_POINT('', (44., -60., 167.));
#2777 = AXIS2_PLACEMENT_3D('', #2776, #2775, #2774);
#2778 = CIRCLE('', #2777, 6.);
#2779 = DIRECTION('', (-1., -0., 0.));
#2780 = VECTOR('', #2779, 1.);
#2781 = CARTESIAN_POINT('', (44., -56., 173.));
#2782 = LINE('', #2781, #2780);
#2783 = DIRECTION('', (0., -1., 0.));
#2784 = VECTOR('', #2783, 1.);
#2785 = CARTESIAN_POINT('', (-44., -56., 173.));
#2786 = LINE('', #2785, #2784);
#2787 = DIRECTION('', (-1., -0., 0.));
#2788 = VECTOR('', #2787, 1.);
#2789 = CARTESIAN_POINT('', (44., -60., 173.));
#2790 = LINE('', #2789, #2788);
#2791 = DIRECTION('', (0., 0., 1.));
#2792 = DIRECTION('', (0., -1., 0.));
#2793 = CARTESIAN_POINT('', (-44., -56., 167.));
#2794 = AXIS2_PLACEMENT_3D('', #2793, #2792, #2791);
#2795 = CIRCLE('', #2794, 6.);
#2796 = DIRECTION('', (0., -1., 0.));
#2797 = VECTOR('', #2796, 1.);
#2798 = CARTESIAN_POINT('', (-50., -56., 167.));
#2799 = LINE('', #2798, #2797);
#2800 = DIRECTION('', (0., 0., 1.));
#2801 = DIRECTION('', (0., -1., 0.));
#2802 = CARTESIAN_POINT('', (-44., -60., 167.));
#2803 = AXIS2_PLACEMENT_3D('', #2802, #2801, #2800);
#2804 = CIRCLE('', #2803, 6.);
#2805 = DIRECTION('', (0., -0., -1.));
#2806 = VECTOR('', #2805, 1.);
#2807 = CARTESIAN_POINT('', (-50., -56., 167.));
#2808 = LINE('', #2807, #2806);
#2809 = DIRECTION('', (0., -1., 0.));
#2810 = VECTOR('', #2809, 1.);
#2811 = CARTESIAN_POINT('', (-50., -56., 127.));
#2812 = LINE('', #2811, #2810);
#2813 = DIRECTION('', (0., -0., -1.));
#2814 = VECTOR('', #2813, 1.);
#2815 = CARTESIAN_POINT('', (-50., -60., 167.));
#2816 = LINE('', #2815, #2814);
#2817 = DIRECTION('', (-1., 0., 0.));
#2818 = DIRECTION('', (-0., -1., -0.));
#2819 = CARTESIAN_POINT('', (-44., -56., 127.));
#2820 = AXIS2_PLACEMENT_3D('', #2819, #2818, #2817);
#2821 = CIRCLE('', #2820, 6.);
#2822 = DIRECTION('', (0., -1., 0.));
#2823 = VECTOR('', #2822, 1.);
#2824 = CARTESIAN_POINT('', (-44., -56., 121.));
#2825 = LINE('', #2824, #2823);
#2826 = DIRECTION('', (-1., 0., -0.));
#2827 = DIRECTION('', (-0., -1., -0.));
#2828 = CARTESIAN_POINT('', (-44., -60., 127.));
#2829 = AXIS2_PLACEMENT_3D('', #2828, #2827, #2826);
#2830 = CIRCLE('', #2829, 6.);
#2831 = DIRECTION('', (1., -0., 0.));
#2832 = VECTOR('', #2831, 1.);
#2833 = CARTESIAN_POINT('', (-44., -56., 121.));
#2834 = LINE('', #2833, #2832);
#2835 = DIRECTION('', (1., -0., 0.));
#2836 = VECTOR('', #2835, 1.);
#2837 = CARTESIAN_POINT('', (-44., -60., 121.));
#2838 = LINE('', #2837, #2836);
#2839 = DIRECTION('', (1., 0., -0.));
#2840 = DIRECTION('', (-0., 1., 0.));
#2841 = CARTESIAN_POINT('', (43., -56., 128.));
#2842 = AXIS2_PLACEMENT_3D('', #2841, #2840, #2839);
#2843 = CIRCLE('', #2842, 3.);
#2844 = DIRECTION('', (0., 0., 1.));
#2845 = VECTOR('', #2844, 1.);
#2846 = CARTESIAN_POINT('', (46., -56., 128.));
#2847 = LINE('', #2846, #2845);
#2848 = DIRECTION('', (1., -0., -0.));
#2849 = DIRECTION('', (-0., -1., -0.));
#2850 = CARTESIAN_POINT('', (43., -56., 166.));
#2851 = AXIS2_PLACEMENT_3D('', #2850, #2849, #2848);
#2852 = CIRCLE('', #2851, 3.);
#2853 = DIRECTION('', (-1., -0., 0.));
#2854 = VECTOR('', #2853, 1.);
#2855 = CARTESIAN_POINT('', (43., -56., 169.));
#2856 = LINE('', #2855, #2854);
#2857 = DIRECTION('', (-0., 0., 1.));
#2858 = DIRECTION('', (-0., -1., 0.));
#2859 = CARTESIAN_POINT('', (-43., -56., 166.));
#2860 = AXIS2_PLACEMENT_3D('', #2859, #2858, #2857);
#2861 = CIRCLE('', #2860, 3.);
#2862 = DIRECTION('', (0., -0., -1.));
#2863 = VECTOR('', #2862, 1.);
#2864 = CARTESIAN_POINT('', (-46., -56., 166.));
#2865 = LINE('', #2864, #2863);
#2866 = DIRECTION('', (0., 0., -1.));
#2867 = DIRECTION('', (0., 1., 0.));
#2868 = CARTESIAN_POINT('', (-43., -56., 128.));
#2869 = AXIS2_PLACEMENT_3D('', #2868, #2867, #2866);
#2870 = CIRCLE('', #2869, 3.);
#2871 = DIRECTION('', (1., -0., 0.));
#2872 = VECTOR('', #2871, 1.);
#2873 = CARTESIAN_POINT('', (-43., -56., 125.));
#2874 = LINE('', #2873, #2872);
#2875 = DIRECTION('', (1., -0., 0.));
#2876 = DIRECTION('', (0., 1., -0.));
#2877 = CARTESIAN_POINT('', (43., -60., 128.));
#2878 = AXIS2_PLACEMENT_3D('', #2877, #2876, #2875);
#2879 = CIRCLE('', #2878, 3.);
#2880 = DIRECTION('', (0., 0., 1.));
#2881 = VECTOR('', #2880, 1.);
#2882 = CARTESIAN_POINT('', (46., -60., 128.));
#2883 = LINE('', #2882, #2881);
#2884 = DIRECTION('', (1., 0., 0.));
#2885 = DIRECTION('', (0., -1., 0.));
#2886 = CARTESIAN_POINT('', (43., -60., 166.));
#2887 = AXIS2_PLACEMENT_3D('', #2886, #2885, #2884);
#2888 = CIRCLE('', #2887, 3.);
#2889 = DIRECTION('', (-1., -0., 0.));
#2890 = VECTOR('', #2889, 1.);
#2891 = CARTESIAN_POINT('', (43., -60., 169.));
#2892 = LINE('', #2891, #2890);
#2893 = DIRECTION('', (0., -0., 1.));
#2894 = DIRECTION('', (0., -1., -0.));
#2895 = CARTESIAN_POINT('', (-43., -60., 166.));
#2896 = AXIS2_PLACEMENT_3D('', #2895, #2894, #2893);
#2897 = CIRCLE('', #2896, 3.);
#2898 = DIRECTION('', (0., -0., -1.));
#2899 = VECTOR('', #2898, 1.);
#2900 = CARTESIAN_POINT('', (-46., -60., 166.));
#2901 = LINE('', #2900, #2899);
#2902 = DIRECTION('', (-0., 0., -1.));
#2903 = DIRECTION('', (0., 1., 0.));
#2904 = CARTESIAN_POINT('', (-43., -60., 128.));
#2905 = AXIS2_PLACEMENT_3D('', #2904, #2903, #2902);
#2906 = CIRCLE('', #2905, 3.);
#2907 = DIRECTION('', (1., -0., 0.));
#2908 = VECTOR('', #2907, 1.);
#2909 = CARTESIAN_POINT('', (-43., -60., 125.));
#2910 = LINE('', #2909, #2908);
#2911 = DIRECTION('', (0., -1., 0.));
#2912 = VECTOR('', #2911, 1.);
#2913 = CARTESIAN_POINT('', (46., -56., 128.));
#2914 = LINE('', #2913, #2912);
#2915 = DIRECTION('', (0., -1., 0.));
#2916 = VECTOR('', #2915, 1.);
#2917 = CARTESIAN_POINT('', (43., -56., 125.));
#2918 = LINE('', #2917, #2916);
#2919 = DIRECTION('', (0., -1., 0.));
#2920 = VECTOR('', #2919, 1.);
#2921 = CARTESIAN_POINT('', (46., -56., 166.));
#2922 = LINE('', #2921, #2920);
#2923 = DIRECTION('', (0., -1., 0.));
#2924 = VECTOR('', #2923, 1.);
#2925 = CARTESIAN_POINT('', (43., -56., 169.));
#2926 = LINE('', #2925, #2924);
#2927 = DIRECTION('', (0., -1., 0.));
#2928 = VECTOR('', #2927, 1.);
#2929 = CARTESIAN_POINT('', (-43., -56., 169.));
#2930 = LINE('', #2929, #2928);
#2931 = DIRECTION('', (0., -1., 0.));
#2932 = VECTOR('', #2931, 1.);
#2933 = CARTESIAN_POINT('', (-46., -56., 166.));
#2934 = LINE('', #2933, #2932);
#2935 = DIRECTION('', (0., -1., 0.));
#2936 = VECTOR('', #2935, 1.);
#2937 = CARTESIAN_POINT('', (-46., -56., 128.));
#2938 = LINE('', #2937, #2936);
#2939 = DIRECTION('', (0., -1., 0.));
#2940 = VECTOR('', #2939, 1.);
#2941 = CARTESIAN_POINT('', (-43., -56., 125.));
#2942 = LINE('', #2941, #2940);
#2943 = DIRECTION('', (0., 0., -1.));
#2944 = DIRECTION('', (0., -1., -0.));
#2945 = CARTESIAN_POINT('', (43., -56., 85.));
#2946 = AXIS2_PLACEMENT_3D('', #2945, #2944, #2943);
#2947 = CIRCLE('', #2946, 4.);
#2948 = DIRECTION('', (0., -1., 0.));
#2949 = VECTOR('', #2948, 1.);
#2950 = CARTESIAN_POINT('', (47., -56., 85.));
#2951 = LINE('', #2950, #2949);
#2952 = DIRECTION('', (-0., 0., -1.));
#2953 = DIRECTION('', (0., -1., -0.));
#2954 = CARTESIAN_POINT('', (43., -60., 85.));
#2955 = AXIS2_PLACEMENT_3D('', #2954, #2953, #2952);
#2956 = CIRCLE('', #2955, 4.);
#2957 = DIRECTION('', (0., -1., 0.));
#2958 = VECTOR('', #2957, 1.);
#2959 = CARTESIAN_POINT('', (43., -56., 81.));
#2960 = LINE('', #2959, #2958);
#2961 = DIRECTION('', (0., -0., 1.));
#2962 = VECTOR('', #2961, 1.);
#2963 = CARTESIAN_POINT('', (47., -56., 85.));
#2964 = LINE('', #2963, #2962);
#2965 = DIRECTION('', (0., -1., 0.));
#2966 = VECTOR('', #2965, 1.);
#2967 = CARTESIAN_POINT('', (47., -56., 103.));
#2968 = LINE('', #2967, #2966);
#2969 = DIRECTION('', (0., -0., 1.));
#2970 = VECTOR('', #2969, 1.);
#2971 = CARTESIAN_POINT('', (47., -60., 85.));
#2972 = LINE('', #2971, #2970);
#2973 = DIRECTION('', (1., -0., -0.));
#2974 = DIRECTION('', (-0., -1., -0.));
#2975 = CARTESIAN_POINT('', (43., -56., 103.));
#2976 = AXIS2_PLACEMENT_3D('', #2975, #2974, #2973);
#2977 = CIRCLE('', #2976, 4.);
#2978 = DIRECTION('', (0., -1., 0.));
#2979 = VECTOR('', #2978, 1.);
#2980 = CARTESIAN_POINT('', (43., -56., 107.));
#2981 = LINE('', #2980, #2979);
#2982 = DIRECTION('', (1., 0., -0.));
#2983 = DIRECTION('', (0., -1., 0.));
#2984 = CARTESIAN_POINT('', (43., -60., 103.));
#2985 = AXIS2_PLACEMENT_3D('', #2984, #2983, #2982);
#2986 = CIRCLE('', #2985, 4.);
#2987 = DIRECTION('', (-1., -0., 0.));
#2988 = VECTOR('', #2987, 1.);
#2989 = CARTESIAN_POINT('', (43., -56., 107.));
#2990 = LINE('', #2989, #2988);
#2991 = DIRECTION('', (0., -1., 0.));
#2992 = VECTOR('', #2991, 1.);
#2993 = CARTESIAN_POINT('', (13., -56., 107.));
#2994 = LINE('', #2993, #2992);
#2995 = DIRECTION('', (-1., -0., 0.));
#2996 = VECTOR('', #2995, 1.);
#2997 = CARTESIAN_POINT('', (43., -60., 107.));
#2998 = LINE('', #2997, #2996);
#2999 = DIRECTION('', (-0., 0., 1.));
#3000 = DIRECTION('', (-0., -1., 0.));
#3001 = CARTESIAN_POINT('', (13., -56., 103.));
#3002 = AXIS2_PLACEMENT_3D('', #3001, #3000, #2999);
#3003 = CIRCLE('', #3002, 4.);
#3004 = DIRECTION('', (0., -1., 0.));
#3005 = VECTOR('', #3004, 1.);
#3006 = CARTESIAN_POINT('', (9., -56., 103.));
#3007 = LINE('', #3006, #3005);
#3008 = DIRECTION('', (-0., 0., 1.));
#3009 = DIRECTION('', (-0., -1., 0.));
#3010 = CARTESIAN_POINT('', (13., -60., 103.));
#3011 = AXIS2_PLACEMENT_3D('', #3010, #3009, #3008);
#3012 = CIRCLE('', #3011, 4.);
#3013 = DIRECTION('', (0., -0., -1.));
#3014 = VECTOR('', #3013, 1.);
#3015 = CARTESIAN_POINT('', (9., -56., 103.));
#3016 = LINE('', #3015, #3014);
#3017 = DIRECTION('', (0., -1., 0.));
#3018 = VECTOR('', #3017, 1.);
#3019 = CARTESIAN_POINT('', (9., -56., 85.));
#3020 = LINE('', #3019, #3018);
#3021 = DIRECTION('', (0., -0., -1.));
#3022 = VECTOR('', #3021, 1.);
#3023 = CARTESIAN_POINT('', (9., -60., 103.));
#3024 = LINE('', #3023, #3022);
#3025 = DIRECTION('', (-1., 0., 0.));
#3026 = DIRECTION('', (-0., -1., -0.));
#3027 = CARTESIAN_POINT('', (13., -56., 85.));
#3028 = AXIS2_PLACEMENT_3D('', #3027, #3026, #3025);
#3029 = CIRCLE('', #3028, 4.);
#3030 = DIRECTION('', (0., -1., 0.));
#3031 = VECTOR('', #3030, 1.);
#3032 = CARTESIAN_POINT('', (13., -56., 81.));
#3033 = LINE('', #3032, #3031);
#3034 = DIRECTION('', (-1., 0., 0.));
#3035 = DIRECTION('', (-0., -1., -0.));
#3036 = CARTESIAN_POINT('', (13., -60., 85.));
#3037 = AXIS2_PLACEMENT_3D('', #3036, #3035, #3034);
#3038 = CIRCLE('', #3037, 4.);
#3039 = DIRECTION('', (1., -0., 0.));
#3040 = VECTOR('', #3039, 1.);
#3041 = CARTESIAN_POINT('', (13., -56., 81.));
#3042 = LINE('', #3041, #3040);
#3043 = DIRECTION('', (1., -0., 0.));
#3044 = VECTOR('', #3043, 1.);
#3045 = CARTESIAN_POINT('', (13., -60., 81.));
#3046 = LINE('', #3045, #3044);
#3047 = DIRECTION('', (1., 0., 0.));
#3048 = DIRECTION('', (-0., 1., 0.));
#3049 = CARTESIAN_POINT('', (40.2, -56., 85.8));
#3050 = AXIS2_PLACEMENT_3D('', #3049, #3048, #3047);
#3051 = CIRCLE('', #3050, 0.8);
#3052 = DIRECTION('', (-0., -0., 1.));
#3053 = VECTOR('', #3052, 1.);
#3054 = CARTESIAN_POINT('', (41., -56., 85.8));
#3055 = LINE('', #3054, #3053);
#3056 = DIRECTION('', (1., 0., -0.));
#3057 = DIRECTION('', (0., -1., 0.));
#3058 = CARTESIAN_POINT('', (40.2, -56., 86.2));
#3059 = AXIS2_PLACEMENT_3D('', #3058, #3057, #3056);
#3060 = CIRCLE('', #3059, 0.8);
#3061 = DIRECTION('', (-1., -0., -0.));
#3062 = VECTOR('', #3061, 1.);
#3063 = CARTESIAN_POINT('', (40.2, -56., 87.));
#3064 = LINE('', #3063, #3062);
#3065 = DIRECTION('', (-0., -0., 1.));
#3066 = DIRECTION('', (0., -1., -0.));
#3067 = CARTESIAN_POINT('', (15.8, -56., 86.2));
#3068 = AXIS2_PLACEMENT_3D('', #3067, #3066, #3065);
#3069 = CIRCLE('', #3068, 0.8);
#3070 = DIRECTION('', (0., -0., -1.));
#3071 = VECTOR('', #3070, 1.);
#3072 = CARTESIAN_POINT('', (15., -56., 86.2));
#3073 = LINE('', #3072, #3071);
#3074 = DIRECTION('', (-0., -0., -1.));
#3075 = DIRECTION('', (-0., 1., -0.));
#3076 = CARTESIAN_POINT('', (15.8, -56., 85.8));
#3077 = AXIS2_PLACEMENT_3D('', #3076, #3075, #3074);
#3078 = CIRCLE('', #3077, 0.8);
#3079 = DIRECTION('', (1., -0., 0.));
#3080 = VECTOR('', #3079, 1.);
#3081 = CARTESIAN_POINT('', (15.8, -56., 85.));
#3082 = LINE('', #3081, #3080);
#3083 = DIRECTION('', (1., -0., 0.));
#3084 = DIRECTION('', (0., 1., -0.));
#3085 = CARTESIAN_POINT('', (40.2, -60., 85.8));
#3086 = AXIS2_PLACEMENT_3D('', #3085, #3084, #3083);
#3087 = CIRCLE('', #3086, 0.8);
#3088 = DIRECTION('', (-0., -0., 1.));
#3089 = VECTOR('', #3088, 1.);
#3090 = CARTESIAN_POINT('', (41., -60., 85.8));
#3091 = LINE('', #3090, #3089);
#3092 = DIRECTION('', (1., -0., 0.));
#3093 = DIRECTION('', (-0., -1., -0.));
#3094 = CARTESIAN_POINT('', (40.2, -60., 86.2));
#3095 = AXIS2_PLACEMENT_3D('', #3094, #3093, #3092);
#3096 = CIRCLE('', #3095, 0.8);
#3097 = DIRECTION('', (-1., -0., -0.));
#3098 = VECTOR('', #3097, 1.);
#3099 = CARTESIAN_POINT('', (40.2, -60., 87.));
#3100 = LINE('', #3099, #3098);
#3101 = DIRECTION('', (-0., 0., 1.));
#3102 = DIRECTION('', (-0., -1., 0.));
#3103 = CARTESIAN_POINT('', (15.8, -60., 86.2));
#3104 = AXIS2_PLACEMENT_3D('', #3103, #3102, #3101);
#3105 = CIRCLE('', #3104, 0.8);
#3106 = DIRECTION('', (0., -0., -1.));
#3107 = VECTOR('', #3106, 1.);
#3108 = CARTESIAN_POINT('', (15., -60., 86.2));
#3109 = LINE('', #3108, #3107);
#3110 = DIRECTION('', (-0., -0., -1.));
#3111 = DIRECTION('', (-0., 1., -0.));
#3112 = CARTESIAN_POINT('', (15.8, -60., 85.8));
#3113 = AXIS2_PLACEMENT_3D('', #3112, #3111, #3110);
#3114 = CIRCLE('', #3113, 0.8);
#3115 = DIRECTION('', (1., -0., 0.));
#3116 = VECTOR('', #3115, 1.);
#3117 = CARTESIAN_POINT('', (15.8, -60., 85.));
#3118 = LINE('', #3117, #3116);
#3119 = DIRECTION('', (0., -1., 0.));
#3120 = VECTOR('', #3119, 1.);
#3121 = CARTESIAN_POINT('', (41., -56., 85.8));
#3122 = LINE('', #3121, #3120);
#3123 = DIRECTION('', (0., -1., 0.));
#3124 = VECTOR('', #3123, 1.);
#3125 = CARTESIAN_POINT('', (40.2, -56., 85.));
#3126 = LINE('', #3125, #3124);
#3127 = DIRECTION('', (0., -1., 0.));
#3128 = VECTOR('', #3127, 1.);
#3129 = CARTESIAN_POINT('', (41., -56., 86.2));
#3130 = LINE('', #3129, #3128);
#3131 = DIRECTION('', (0., -1., 0.));
#3132 = VECTOR('', #3131, 1.);
#3133 = CARTESIAN_POINT('', (40.2, -56., 87.));
#3134 = LINE('', #3133, #3132);
#3135 = DIRECTION('', (0., -1., 0.));
#3136 = VECTOR('', #3135, 1.);
#3137 = CARTESIAN_POINT('', (15.8, -56., 87.));
#3138 = LINE('', #3137, #3136);
#3139 = DIRECTION('', (0., -1., 0.));
#3140 = VECTOR('', #3139, 1.);
#3141 = CARTESIAN_POINT('', (15., -56., 86.2));
#3142 = LINE('', #3141, #3140);
#3143 = DIRECTION('', (0., -1., 0.));
#3144 = VECTOR('', #3143, 1.);
#3145 = CARTESIAN_POINT('', (15., -56., 85.8));
#3146 = LINE('', #3145, #3144);
#3147 = DIRECTION('', (0., -1., 0.));
#3148 = VECTOR('', #3147, 1.);
#3149 = CARTESIAN_POINT('', (15.8, -56., 85.));
#3150 = LINE('', #3149, #3148);
#3151 = DIRECTION('', (1., -0., -0.));
#3152 = DIRECTION('', (0., 1., -0.));
#3153 = CARTESIAN_POINT('', (40.2, -56., 89.8));
#3154 = AXIS2_PLACEMENT_3D('', #3153, #3152, #3151);
#3155 = CIRCLE('', #3154, 0.8);
#3156 = DIRECTION('', (-0., -0., 1.));
#3157 = VECTOR('', #3156, 1.);
#3158 = CARTESIAN_POINT('', (41., -56., 89.8));
#3159 = LINE('', #3158, #3157);
#3160 = DIRECTION('', (1., -0., -0.));
#3161 = DIRECTION('', (-0., -1., -0.));
#3162 = CARTESIAN_POINT('', (40.2, -56., 90.2));
#3163 = AXIS2_PLACEMENT_3D('', #3162, #3161, #3160);
#3164 = CIRCLE('', #3163, 0.8);
#3165 = DIRECTION('', (-1., -0., -0.));
#3166 = VECTOR('', #3165, 1.);
#3167 = CARTESIAN_POINT('', (40.2, -56., 91.));
#3168 = LINE('', #3167, #3166);
#3169 = DIRECTION('', (-0., 0., 1.));
#3170 = DIRECTION('', (-0., -1., 0.));
#3171 = CARTESIAN_POINT('', (15.8, -56., 90.2));
#3172 = AXIS2_PLACEMENT_3D('', #3171, #3170, #3169);
#3173 = CIRCLE('', #3172, 0.8);
#3174 = DIRECTION('', (0., -0., -1.));
#3175 = VECTOR('', #3174, 1.);
#3176 = CARTESIAN_POINT('', (15., -56., 90.2));
#3177 = LINE('', #3176, #3175);
#3178 = DIRECTION('', (-0., 0., -1.));
#3179 = DIRECTION('', (0., 1., 0.));
#3180 = CARTESIAN_POINT('', (15.8, -56., 89.8));
#3181 = AXIS2_PLACEMENT_3D('', #3180, #3179, #3178);
#3182 = CIRCLE('', #3181, 0.8);
#3183 = DIRECTION('', (1., -0., 0.));
#3184 = VECTOR('', #3183, 1.);
#3185 = CARTESIAN_POINT('', (15.8, -56., 89.));
#3186 = LINE('', #3185, #3184);
#3187 = DIRECTION('', (1., 0., -0.));
#3188 = DIRECTION('', (0., 1., 0.));
#3189 = CARTESIAN_POINT('', (40.2, -60., 89.8));
#3190 = AXIS2_PLACEMENT_3D('', #3189, #3188, #3187);
#3191 = CIRCLE('', #3190, 0.8);
#3192 = DIRECTION('', (-0., -0., 1.));
#3193 = VECTOR('', #3192, 1.);
#3194 = CARTESIAN_POINT('', (41., -60., 89.8));
#3195 = LINE('', #3194, #3193);
#3196 = DIRECTION('', (1., 0., 0.));
#3197 = DIRECTION('', (0., -1., 0.));
#3198 = CARTESIAN_POINT('', (40.2, -60., 90.2));
#3199 = AXIS2_PLACEMENT_3D('', #3198, #3197, #3196);
#3200 = CIRCLE('', #3199, 0.8);
#3201 = DIRECTION('', (-1., -0., -0.));
#3202 = VECTOR('', #3201, 1.);
#3203 = CARTESIAN_POINT('', (40.2, -60., 91.));
#3204 = LINE('', #3203, #3202);
#3205 = DIRECTION('', (0., 0., 1.));
#3206 = DIRECTION('', (0., -1., 0.));
#3207 = CARTESIAN_POINT('', (15.8, -60., 90.2));
#3208 = AXIS2_PLACEMENT_3D('', #3207, #3206, #3205);
#3209 = CIRCLE('', #3208, 0.8);
#3210 = DIRECTION('', (0., -0., -1.));
#3211 = VECTOR('', #3210, 1.);
#3212 = CARTESIAN_POINT('', (15., -60., 90.2));
#3213 = LINE('', #3212, #3211);
#3214 = DIRECTION('', (-0., -0., -1.));
#3215 = DIRECTION('', (-0., 1., -0.));
#3216 = CARTESIAN_POINT('', (15.8, -60., 89.8));
#3217 = AXIS2_PLACEMENT_3D('', #3216, #3215, #3214);
#3218 = CIRCLE('', #3217, 0.8);
#3219 = DIRECTION('', (1., -0., 0.));
#3220 = VECTOR('', #3219, 1.);
#3221 = CARTESIAN_POINT('', (15.8, -60., 89.));
#3222 = LINE('', #3221, #3220);
#3223 = DIRECTION('', (0., -1., 0.));
#3224 = VECTOR('', #3223, 1.);
#3225 = CARTESIAN_POINT('', (41., -56., 89.8));
#3226 = LINE('', #3225, #3224);
#3227 = DIRECTION('', (0., -1., 0.));
#3228 = VECTOR('', #3227, 1.);
#3229 = CARTESIAN_POINT('', (40.2, -56., 89.));
#3230 = LINE('', #3229, #3228);
#3231 = DIRECTION('', (0., -1., 0.));
#3232 = VECTOR('', #3231, 1.);
#3233 = CARTESIAN_POINT('', (41., -56., 90.2));
#3234 = LINE('', #3233, #3232);
#3235 = DIRECTION('', (0., -1., 0.));
#3236 = VECTOR('', #3235, 1.);
#3237 = CARTESIAN_POINT('', (40.2, -56., 91.));
#3238 = LINE('', #3237, #3236);
#3239 = DIRECTION('', (0., -1., 0.));
#3240 = VECTOR('', #3239, 1.);
#3241 = CARTESIAN_POINT('', (15.8, -56., 91.));
#3242 = LINE('', #3241, #3240);
#3243 = DIRECTION('', (0., -1., 0.));
#3244 = VECTOR('', #3243, 1.);
#3245 = CARTESIAN_POINT('', (15., -56., 90.2));
#3246 = LINE('', #3245, #3244);
#3247 = DIRECTION('', (0., -1., 0.));
#3248 = VECTOR('', #3247, 1.);
#3249 = CARTESIAN_POINT('', (15., -56., 89.8));
#3250 = LINE('', #3249, #3248);
#3251 = DIRECTION('', (0., -1., 0.));
#3252 = VECTOR('', #3251, 1.);
#3253 = CARTESIAN_POINT('', (15.8, -56., 89.));
#3254 = LINE('', #3253, #3252);
#3255 = DIRECTION('', (1., 0., -0.));
#3256 = DIRECTION('', (0., 1., 0.));
#3257 = CARTESIAN_POINT('', (40.2, -56., 93.8));
#3258 = AXIS2_PLACEMENT_3D('', #3257, #3256, #3255);
#3259 = CIRCLE('', #3258, 0.8);
#3260 = DIRECTION('', (-0., -0., 1.));
#3261 = VECTOR('', #3260, 1.);
#3262 = CARTESIAN_POINT('', (41., -56., 93.8));
#3263 = LINE('', #3262, #3261);
#3264 = DIRECTION('', (1., -0., -0.));
#3265 = DIRECTION('', (-0., -1., -0.));
#3266 = CARTESIAN_POINT('', (40.2, -56., 94.2));
#3267 = AXIS2_PLACEMENT_3D('', #3266, #3265, #3264);
#3268 = CIRCLE('', #3267, 0.8);
#3269 = DIRECTION('', (-1., -0., -0.));
#3270 = VECTOR('', #3269, 1.);
#3271 = CARTESIAN_POINT('', (40.2, -56., 95.));
#3272 = LINE('', #3271, #3270);
#3273 = DIRECTION('', (-0., -0., 1.));
#3274 = DIRECTION('', (0., -1., -0.));
#3275 = CARTESIAN_POINT('', (15.8, -56., 94.2));
#3276 = AXIS2_PLACEMENT_3D('', #3275, #3274, #3273);
#3277 = CIRCLE('', #3276, 0.8);
#3278 = DIRECTION('', (0., -0., -1.));
#3279 = VECTOR('', #3278, 1.);
#3280 = CARTESIAN_POINT('', (15., -56., 94.2));
#3281 = LINE('', #3280, #3279);
#3282 = DIRECTION('', (-0., 0., -1.));
#3283 = DIRECTION('', (0., 1., 0.));
#3284 = CARTESIAN_POINT('', (15.8, -56., 93.8));
#3285 = AXIS2_PLACEMENT_3D('', #3284, #3283, #3282);
#3286 = CIRCLE('', #3285, 0.8);
#3287 = DIRECTION('', (1., -0., 0.));
#3288 = VECTOR('', #3287, 1.);
#3289 = CARTESIAN_POINT('', (15.8, -56., 93.));
#3290 = LINE('', #3289, #3288);
#3291 = DIRECTION('', (1., -0., -0.));
#3292 = DIRECTION('', (0., 1., -0.));
#3293 = CARTESIAN_POINT('', (40.2, -60., 93.8));
#3294 = AXIS2_PLACEMENT_3D('', #3293, #3292, #3291);
#3295 = CIRCLE('', #3294, 0.8);
#3296 = DIRECTION('', (-0., -0., 1.));
#3297 = VECTOR('', #3296, 1.);
#3298 = CARTESIAN_POINT('', (41., -60., 93.8));
#3299 = LINE('', #3298, #3297);
#3300 = DIRECTION('', (1., 0., -0.));
#3301 = DIRECTION('', (0., -1., 0.));
#3302 = CARTESIAN_POINT('', (40.2, -60., 94.2));
#3303 = AXIS2_PLACEMENT_3D('', #3302, #3301, #3300);
#3304 = CIRCLE('', #3303, 0.8);
#3305 = DIRECTION('', (-1., -0., -0.));
#3306 = VECTOR('', #3305, 1.);
#3307 = CARTESIAN_POINT('', (40.2, -60., 95.));
#3308 = LINE('', #3307, #3306);
#3309 = DIRECTION('', (-0., 0., 1.));
#3310 = DIRECTION('', (-0., -1., 0.));
#3311 = CARTESIAN_POINT('', (15.8, -60., 94.2));
#3312 = AXIS2_PLACEMENT_3D('', #3311, #3310, #3309);
#3313 = CIRCLE('', #3312, 0.8);
#3314 = DIRECTION('', (0., -0., -1.));
#3315 = VECTOR('', #3314, 1.);
#3316 = CARTESIAN_POINT('', (15., -60., 94.2));
#3317 = LINE('', #3316, #3315);
#3318 = DIRECTION('', (-0., 0., -1.));
#3319 = DIRECTION('', (0., 1., 0.));
#3320 = CARTESIAN_POINT('', (15.8, -60., 93.8));
#3321 = AXIS2_PLACEMENT_3D('', #3320, #3319, #3318);
#3322 = CIRCLE('', #3321, 0.8);
#3323 = DIRECTION('', (1., -0., 0.));
#3324 = VECTOR('', #3323, 1.);
#3325 = CARTESIAN_POINT('', (15.8, -60., 93.));
#3326 = LINE('', #3325, #3324);
#3327 = DIRECTION('', (0., -1., 0.));
#3328 = VECTOR('', #3327, 1.);
#3329 = CARTESIAN_POINT('', (41., -56., 93.8));
#3330 = LINE('', #3329, #3328);
#3331 = DIRECTION('', (0., -1., 0.));
#3332 = VECTOR('', #3331, 1.);
#3333 = CARTESIAN_POINT('', (40.2, -56., 93.));
#3334 = LINE('', #3333, #3332);
#3335 = DIRECTION('', (0., -1., 0.));
#3336 = VECTOR('', #3335, 1.);
#3337 = CARTESIAN_POINT('', (41., -56., 94.2));
#3338 = LINE('', #3337, #3336);
#3339 = DIRECTION('', (0., -1., 0.));
#3340 = VECTOR('', #3339, 1.);
#3341 = CARTESIAN_POINT('', (40.2, -56., 95.));
#3342 = LINE('', #3341, #3340);
#3343 = DIRECTION('', (0., -1., 0.));
#3344 = VECTOR('', #3343, 1.);
#3345 = CARTESIAN_POINT('', (15.8, -56., 95.));
#3346 = LINE('', #3345, #3344);
#3347 = DIRECTION('', (0., -1., 0.));
#3348 = VECTOR('', #3347, 1.);
#3349 = CARTESIAN_POINT('', (15., -56., 94.2));
#3350 = LINE('', #3349, #3348);
#3351 = DIRECTION('', (0., -1., 0.));
#3352 = VECTOR('', #3351, 1.);
#3353 = CARTESIAN_POINT('', (15., -56., 93.8));
#3354 = LINE('', #3353, #3352);
#3355 = DIRECTION('', (0., -1., 0.));
#3356 = VECTOR('', #3355, 1.);
#3357 = CARTESIAN_POINT('', (15.8, -56., 93.));
#3358 = LINE('', #3357, #3356);
#3359 = DIRECTION('', (1., -0., -0.));
#3360 = DIRECTION('', (0., 1., -0.));
#3361 = CARTESIAN_POINT('', (40.2, -56., 97.8));
#3362 = AXIS2_PLACEMENT_3D('', #3361, #3360, #3359);
#3363 = CIRCLE('', #3362, 0.8);
#3364 = DIRECTION('', (-0., -0., 1.));
#3365 = VECTOR('', #3364, 1.);
#3366 = CARTESIAN_POINT('', (41., -56., 97.8));
#3367 = LINE('', #3366, #3365);
#3368 = DIRECTION('', (1., -0., 0.));
#3369 = DIRECTION('', (-0., -1., -0.));
#3370 = CARTESIAN_POINT('', (40.2, -56., 98.2));
#3371 = AXIS2_PLACEMENT_3D('', #3370, #3369, #3368);
#3372 = CIRCLE('', #3371, 0.8);
#3373 = DIRECTION('', (-1., -0., -0.));
#3374 = VECTOR('', #3373, 1.);
#3375 = CARTESIAN_POINT('', (40.2, -56., 99.));
#3376 = LINE('', #3375, #3374);
#3377 = DIRECTION('', (-0., 0., 1.));
#3378 = DIRECTION('', (-0., -1., 0.));
#3379 = CARTESIAN_POINT('', (15.8, -56., 98.2));
#3380 = AXIS2_PLACEMENT_3D('', #3379, #3378, #3377);
#3381 = CIRCLE('', #3380, 0.8);
#3382 = DIRECTION('', (0., -0., -1.));
#3383 = VECTOR('', #3382, 1.);
#3384 = CARTESIAN_POINT('', (15., -56., 98.2));
#3385 = LINE('', #3384, #3383);
#3386 = DIRECTION('', (-0., 0., -1.));
#3387 = DIRECTION('', (0., 1., 0.));
#3388 = CARTESIAN_POINT('', (15.8, -56., 97.8));
#3389 = AXIS2_PLACEMENT_3D('', #3388, #3387, #3386);
#3390 = CIRCLE('', #3389, 0.8);
#3391 = DIRECTION('', (1., -0., 0.));
#3392 = VECTOR('', #3391, 1.);
#3393 = CARTESIAN_POINT('', (15.8, -56., 97.));
#3394 = LINE('', #3393, #3392);
#3395 = DIRECTION('', (1., -0., 0.));
#3396 = DIRECTION('', (0., 1., -0.));
#3397 = CARTESIAN_POINT('', (40.2, -60., 97.8));
#3398 = AXIS2_PLACEMENT_3D('', #3397, #3396, #3395);
#3399 = CIRCLE('', #3398, 0.8);
#3400 = DIRECTION('', (-0., -0., 1.));
#3401 = VECTOR('', #3400, 1.);
#3402 = CARTESIAN_POINT('', (41., -60., 97.8));
#3403 = LINE('', #3402, #3401);
#3404 = DIRECTION('', (1., 0., 0.));
#3405 = DIRECTION('', (0., -1., 0.));
#3406 = CARTESIAN_POINT('', (40.2, -60., 98.2));
#3407 = AXIS2_PLACEMENT_3D('', #3406, #3405, #3404);
#3408 = CIRCLE('', #3407, 0.8);
#3409 = DIRECTION('', (-1., -0., -0.));
#3410 = VECTOR('', #3409, 1.);
#3411 = CARTESIAN_POINT('', (40.2, -60., 99.));
#3412 = LINE('', #3411, #3410);
#3413 = DIRECTION('', (-0., 0., 1.));
#3414 = DIRECTION('', (-0., -1., 0.));
#3415 = CARTESIAN_POINT('', (15.8, -60., 98.2));
#3416 = AXIS2_PLACEMENT_3D('', #3415, #3414, #3413);
#3417 = CIRCLE('', #3416, 0.8);
#3418 = DIRECTION('', (0., -0., -1.));
#3419 = VECTOR('', #3418, 1.);
#3420 = CARTESIAN_POINT('', (15., -60., 98.2));
#3421 = LINE('', #3420, #3419);
#3422 = DIRECTION('', (-0., 0., -1.));
#3423 = DIRECTION('', (0., 1., 0.));
#3424 = CARTESIAN_POINT('', (15.8, -60., 97.8));
#3425 = AXIS2_PLACEMENT_3D('', #3424, #3423, #3422);
#3426 = CIRCLE('', #3425, 0.8);
#3427 = DIRECTION('', (1., -0., 0.));
#3428 = VECTOR('', #3427, 1.);
#3429 = CARTESIAN_POINT('', (15.8, -60., 97.));
#3430 = LINE('', #3429, #3428);
#3431 = DIRECTION('', (0., -1., 0.));
#3432 = VECTOR('', #3431, 1.);
#3433 = CARTESIAN_POINT('', (41., -56., 97.8));
#3434 = LINE('', #3433, #3432);
#3435 = DIRECTION('', (0., -1., 0.));
#3436 = VECTOR('', #3435, 1.);
#3437 = CARTESIAN_POINT('', (40.2, -56., 97.));
#3438 = LINE('', #3437, #3436);
#3439 = DIRECTION('', (0., -1., 0.));
#3440 = VECTOR('', #3439, 1.);
#3441 = CARTESIAN_POINT('', (41., -56., 98.2));
#3442 = LINE('', #3441, #3440);
#3443 = DIRECTION('', (0., -1., 0.));
#3444 = VECTOR('', #3443, 1.);
#3445 = CARTESIAN_POINT('', (40.2, -56., 99.));
#3446 = LINE('', #3445, #3444);
#3447 = DIRECTION('', (0., -1., 0.));
#3448 = VECTOR('', #3447, 1.);
#3449 = CARTESIAN_POINT('', (15.8, -56., 99.));
#3450 = LINE('', #3449, #3448);
#3451 = DIRECTION('', (0., -1., 0.));
#3452 = VECTOR('', #3451, 1.);
#3453 = CARTESIAN_POINT('', (15., -56., 98.2));
#3454 = LINE('', #3453, #3452);
#3455 = DIRECTION('', (0., -1., 0.));
#3456 = VECTOR('', #3455, 1.);
#3457 = CARTESIAN_POINT('', (15., -56., 97.8));
#3458 = LINE('', #3457, #3456);
#3459 = DIRECTION('', (0., -1., 0.));
#3460 = VECTOR('', #3459, 1.);
#3461 = CARTESIAN_POINT('', (15.8, -56., 97.));
#3462 = LINE('', #3461, #3460);
#3463 = DIRECTION('', (1., 0., 0.));
#3464 = DIRECTION('', (-0., 1., 0.));
#3465 = CARTESIAN_POINT('', (40.2, -56., 101.8));
#3466 = AXIS2_PLACEMENT_3D('', #3465, #3464, #3463);
#3467 = CIRCLE('', #3466, 0.8);
#3468 = DIRECTION('', (-0., -0., 1.));
#3469 = VECTOR('', #3468, 1.);
#3470 = CARTESIAN_POINT('', (41., -56., 101.8));
#3471 = LINE('', #3470, #3469);
#3472 = DIRECTION('', (1., 0., 0.));
#3473 = DIRECTION('', (0., -1., 0.));
#3474 = CARTESIAN_POINT('', (40.2, -56., 102.2));
#3475 = AXIS2_PLACEMENT_3D('', #3474, #3473, #3472);
#3476 = CIRCLE('', #3475, 0.8);
#3477 = DIRECTION('', (-1., -0., -0.));
#3478 = VECTOR('', #3477, 1.);
#3479 = CARTESIAN_POINT('', (40.2, -56., 103.));
#3480 = LINE('', #3479, #3478);
#3481 = DIRECTION('', (-0., 0., 1.));
#3482 = DIRECTION('', (-0., -1., 0.));
#3483 = CARTESIAN_POINT('', (15.8, -56., 102.2));
#3484 = AXIS2_PLACEMENT_3D('', #3483, #3482, #3481);
#3485 = CIRCLE('', #3484, 0.8);
#3486 = DIRECTION('', (0., -0., -1.));
#3487 = VECTOR('', #3486, 1.);
#3488 = CARTESIAN_POINT('', (15., -56., 102.2));
#3489 = LINE('', #3488, #3487);
#3490 = DIRECTION('', (0., 0., -1.));
#3491 = DIRECTION('', (0., 1., 0.));
#3492 = CARTESIAN_POINT('', (15.8, -56., 101.8));
#3493 = AXIS2_PLACEMENT_3D('', #3492, #3491, #3490);
#3494 = CIRCLE('', #3493, 0.8);
#3495 = DIRECTION('', (1., -0., 0.));
#3496 = VECTOR('', #3495, 1.);
#3497 = CARTESIAN_POINT('', (15.8, -56., 101.));
#3498 = LINE('', #3497, #3496);
#3499 = DIRECTION('', (1., -0., -0.));
#3500 = DIRECTION('', (0., 1., -0.));
#3501 = CARTESIAN_POINT('', (40.2, -60., 101.8));
#3502 = AXIS2_PLACEMENT_3D('', #3501, #3500, #3499);
#3503 = CIRCLE('', #3502, 0.8);
#3504 = DIRECTION('', (-0., -0., 1.));
#3505 = VECTOR('', #3504, 1.);
#3506 = CARTESIAN_POINT('', (41., -60., 101.8));
#3507 = LINE('', #3506, #3505);
#3508 = DIRECTION('', (1., 0., 0.));
#3509 = DIRECTION('', (0., -1., 0.));
#3510 = CARTESIAN_POINT('', (40.2, -60., 102.2));
#3511 = AXIS2_PLACEMENT_3D('', #3510, #3509, #3508);
#3512 = CIRCLE('', #3511, 0.8);
#3513 = DIRECTION('', (-1., -0., -0.));
#3514 = VECTOR('', #3513, 1.);
#3515 = CARTESIAN_POINT('', (40.2, -60., 103.));
#3516 = LINE('', #3515, #3514);
#3517 = DIRECTION('', (-0., 0., 1.));
#3518 = DIRECTION('', (-0., -1., 0.));
#3519 = CARTESIAN_POINT('', (15.8, -60., 102.2));
#3520 = AXIS2_PLACEMENT_3D('', #3519, #3518, #3517);
#3521 = CIRCLE('', #3520, 0.8);
#3522 = DIRECTION('', (0., -0., -1.));
#3523 = VECTOR('', #3522, 1.);
#3524 = CARTESIAN_POINT('', (15., -60., 102.2));
#3525 = LINE('', #3524, #3523);
#3526 = DIRECTION('', (-0., -0., -1.));
#3527 = DIRECTION('', (-0., 1., -0.));
#3528 = CARTESIAN_POINT('', (15.8, -60., 101.8));
#3529 = AXIS2_PLACEMENT_3D('', #3528, #3527, #3526);
#3530 = CIRCLE('', #3529, 0.8);
#3531 = DIRECTION('', (1., -0., 0.));
#3532 = VECTOR('', #3531, 1.);
#3533 = CARTESIAN_POINT('', (15.8, -60., 101.));
#3534 = LINE('', #3533, #3532);
#3535 = DIRECTION('', (0., -1., 0.));
#3536 = VECTOR('', #3535, 1.);
#3537 = CARTESIAN_POINT('', (41., -56., 101.8));
#3538 = LINE('', #3537, #3536);
#3539 = DIRECTION('', (0., -1., 0.));
#3540 = VECTOR('', #3539, 1.);
#3541 = CARTESIAN_POINT('', (40.2, -56., 101.));
#3542 = LINE('', #3541, #3540);
#3543 = DIRECTION('', (0., -1., 0.));
#3544 = VECTOR('', #3543, 1.);
#3545 = CARTESIAN_POINT('', (41., -56., 102.2));
#3546 = LINE('', #3545, #3544);
#3547 = DIRECTION('', (0., -1., 0.));
#3548 = VECTOR('', #3547, 1.);
#3549 = CARTESIAN_POINT('', (40.2, -56., 103.));
#3550 = LINE('', #3549, #3548);
#3551 = DIRECTION('', (0., -1., 0.));
#3552 = VECTOR('', #3551, 1.);
#3553 = CARTESIAN_POINT('', (15.8, -56., 103.));
#3554 = LINE('', #3553, #3552);
#3555 = DIRECTION('', (0., -1., 0.));
#3556 = VECTOR('', #3555, 1.);
#3557 = CARTESIAN_POINT('', (15., -56., 102.2));
#3558 = LINE('', #3557, #3556);
#3559 = DIRECTION('', (0., -1., 0.));
#3560 = VECTOR('', #3559, 1.);
#3561 = CARTESIAN_POINT('', (15., -56., 101.8));
#3562 = LINE('', #3561, #3560);
#3563 = DIRECTION('', (0., -1., 0.));
#3564 = VECTOR('', #3563, 1.);
#3565 = CARTESIAN_POINT('', (15.8, -56., 101.));
#3566 = LINE('', #3565, #3564);
#3567 = DIRECTION('', (-0., -1., 0.));
#3568 = DIRECTION('', (0., 0., 1.));
#3569 = CARTESIAN_POINT('', (34., -23., 132.));
#3570 = AXIS2_PLACEMENT_3D('', #3569, #3568, #3567);
#3571 = CIRCLE('', #3570, 10.);
#3572 = DIRECTION('', (0., -0., 1.));
#3573 = VECTOR('', #3572, 1.);
#3574 = CARTESIAN_POINT('', (44., -23., 132.));
#3575 = LINE('', #3574, #3573);
#3576 = DIRECTION('', (-0., -1., 0.));
#3577 = DIRECTION('', (0., 0., 1.));
#3578 = CARTESIAN_POINT('', (34., -23., 176.));
#3579 = AXIS2_PLACEMENT_3D('', #3578, #3577, #3576);
#3580 = CIRCLE('', #3579, 10.);
#3581 = DIRECTION('', (0., -0., 1.));
#3582 = VECTOR('', #3581, 1.);
#3583 = CARTESIAN_POINT('', (34., -33., 132.));
#3584 = LINE('', #3583, #3582);
#3585 = DIRECTION('', (0., 1., 0.));
#3586 = VECTOR('', #3585, 1.);
#3587 = CARTESIAN_POINT('', (44., -23., 132.));
#3588 = LINE('', #3587, #3586);
#3589 = DIRECTION('', (0., -0., 1.));
#3590 = VECTOR('', #3589, 1.);
#3591 = CARTESIAN_POINT('', (44., 29., 132.));
#3592 = LINE('', #3591, #3590);
#3593 = DIRECTION('', (0., 1., 0.));
#3594 = VECTOR('', #3593, 1.);
#3595 = CARTESIAN_POINT('', (44., -23., 176.));
#3596 = LINE('', #3595, #3594);
#3597 = DIRECTION('', (1., -0., 0.));
#3598 = DIRECTION('', (-0., -0., 1.));
#3599 = CARTESIAN_POINT('', (34., 29., 132.));
#3600 = AXIS2_PLACEMENT_3D('', #3599, #3598, #3597);
#3601 = CIRCLE('', #3600, 10.);
#3602 = DIRECTION('', (0., -0., 1.));
#3603 = VECTOR('', #3602, 1.);
#3604 = CARTESIAN_POINT('', (34., 39., 132.));
#3605 = LINE('', #3604, #3603);
#3606 = DIRECTION('', (1., -0., 0.));
#3607 = DIRECTION('', (-0., -0., 1.));
#3608 = CARTESIAN_POINT('', (34., 29., 176.));
#3609 = AXIS2_PLACEMENT_3D('', #3608, #3607, #3606);
#3610 = CIRCLE('', #3609, 10.);
#3611 = DIRECTION('', (-1., 0., 0.));
#3612 = VECTOR('', #3611, 1.);
#3613 = CARTESIAN_POINT('', (34., 39., 132.));
#3614 = LINE('', #3613, #3612);
#3615 = DIRECTION('', (0., -0., 1.));
#3616 = VECTOR('', #3615, 1.);
#3617 = CARTESIAN_POINT('', (-34., 39., 132.));
#3618 = LINE('', #3617, #3616);
#3619 = DIRECTION('', (-1., 0., 0.));
#3620 = VECTOR('', #3619, 1.);
#3621 = CARTESIAN_POINT('', (34., 39., 176.));
#3622 = LINE('', #3621, #3620);
#3623 = DIRECTION('', (-0., 1., -0.));
#3624 = DIRECTION('', (-0., 0., 1.));
#3625 = CARTESIAN_POINT('', (-34., 29., 132.));
#3626 = AXIS2_PLACEMENT_3D('', #3625, #3624, #3623);
#3627 = CIRCLE('', #3626, 10.);
#3628 = DIRECTION('', (0., -0., 1.));
#3629 = VECTOR('', #3628, 1.);
#3630 = CARTESIAN_POINT('', (-44., 29., 132.));
#3631 = LINE('', #3630, #3629);
#3632 = DIRECTION('', (-0., 1., 0.));
#3633 = DIRECTION('', (0., -0., 1.));
#3634 = CARTESIAN_POINT('', (-34., 29., 176.));
#3635 = AXIS2_PLACEMENT_3D('', #3634, #3633, #3632);
#3636 = CIRCLE('', #3635, 10.);
#3637 = DIRECTION('', (0., -1., 0.));
#3638 = VECTOR('', #3637, 1.);
#3639 = CARTESIAN_POINT('', (-44., 29., 132.));
#3640 = LINE('', #3639, #3638);
#3641 = DIRECTION('', (0., -0., 1.));
#3642 = VECTOR('', #3641, 1.);
#3643 = CARTESIAN_POINT('', (-44., -23., 132.));
#3644 = LINE('', #3643, #3642);
#3645 = DIRECTION('', (0., -1., 0.));
#3646 = VECTOR('', #3645, 1.);
#3647 = CARTESIAN_POINT('', (-44., 29., 176.));
#3648 = LINE('', #3647, #3646);
#3649 = DIRECTION('', (-1., 0., 0.));
#3650 = DIRECTION('', (0., 0., 1.));
#3651 = CARTESIAN_POINT('', (-34., -23., 132.));
#3652 = AXIS2_PLACEMENT_3D('', #3651, #3650, #3649);
#3653 = CIRCLE('', #3652, 10.);
#3654 = DIRECTION('', (0., -0., 1.));
#3655 = VECTOR('', #3654, 1.);
#3656 = CARTESIAN_POINT('', (-34., -33., 132.));
#3657 = LINE('', #3656, #3655);
#3658 = DIRECTION('', (-1., 0., 0.));
#3659 = DIRECTION('', (0., 0., 1.));
#3660 = CARTESIAN_POINT('', (-34., -23., 176.));
#3661 = AXIS2_PLACEMENT_3D('', #3660, #3659, #3658);
#3662 = CIRCLE('', #3661, 10.);
#3663 = DIRECTION('', (1., -0., 0.));
#3664 = VECTOR('', #3663, 1.);
#3665 = CARTESIAN_POINT('', (-34., -33., 132.));
#3666 = LINE('', #3665, #3664);
#3667 = DIRECTION('', (1., -0., 0.));
#3668 = VECTOR('', #3667, 1.);
#3669 = CARTESIAN_POINT('', (-34., -33., 176.));
#3670 = LINE('', #3669, #3668);
#3671 = DIRECTION('', (-0., -1., 0.));
#3672 = DIRECTION('', (0., 0., 1.));
#3673 = CARTESIAN_POINT('', (34., -23., 135.));
#3674 = AXIS2_PLACEMENT_3D('', #3673, #3672, #3671);
#3675 = CIRCLE('', #3674, 7.5);
#3676 = DIRECTION('', (0., -0., 1.));
#3677 = VECTOR('', #3676, 1.);
#3678 = CARTESIAN_POINT('', (41.5, -23., 135.));
#3679 = LINE('', #3678, #3677);
#3680 = DIRECTION('', (0., -0., 1.));
#3681 = VECTOR('', #3680, 1.);
#3682 = CARTESIAN_POINT('', (34., -30.5, 135.));
#3683 = LINE('', #3682, #3681);
#3684 = DIRECTION('', (-0., 1., 0.));
#3685 = VECTOR('', #3684, 1.);
#3686 = CARTESIAN_POINT('', (41.5, -23., 135.));
#3687 = LINE('', #3686, #3685);
#3688 = DIRECTION('', (0., -0., 1.));
#3689 = VECTOR('', #3688, 1.);
#3690 = CARTESIAN_POINT('', (41.5, 29., 135.));
#3691 = LINE('', #3690, #3689);
#3692 = DIRECTION('', (1., -0., 0.));
#3693 = DIRECTION('', (-0., -0., 1.));
#3694 = CARTESIAN_POINT('', (34., 29., 135.));
#3695 = AXIS2_PLACEMENT_3D('', #3694, #3693, #3692);
#3696 = CIRCLE('', #3695, 7.5);
#3697 = DIRECTION('', (0., -0., 1.));
#3698 = VECTOR('', #3697, 1.);
#3699 = CARTESIAN_POINT('', (34., 36.5, 135.));
#3700 = LINE('', #3699, #3698);
#3701 = DIRECTION('', (-1., 0., 0.));
#3702 = VECTOR('', #3701, 1.);
#3703 = CARTESIAN_POINT('', (34., 36.5, 135.));
#3704 = LINE('', #3703, #3702);
#3705 = DIRECTION('', (0., -0., 1.));
#3706 = VECTOR('', #3705, 1.);
#3707 = CARTESIAN_POINT('', (-34., 36.5, 135.));
#3708 = LINE('', #3707, #3706);
#3709 = DIRECTION('', (0., 1., 0.));
#3710 = DIRECTION('', (0., -0., 1.));
#3711 = CARTESIAN_POINT('', (-34., 29., 135.));
#3712 = AXIS2_PLACEMENT_3D('', #3711, #3710, #3709);
#3713 = CIRCLE('', #3712, 7.5);
#3714 = DIRECTION('', (0., -0., 1.));
#3715 = VECTOR('', #3714, 1.);
#3716 = CARTESIAN_POINT('', (-41.5, 29., 135.));
#3717 = LINE('', #3716, #3715);
#3718 = DIRECTION('', (0., -1., 0.));
#3719 = VECTOR('', #3718, 1.);
#3720 = CARTESIAN_POINT('', (-41.5, 29., 135.));
#3721 = LINE('', #3720, #3719);
#3722 = DIRECTION('', (0., -0., 1.));
#3723 = VECTOR('', #3722, 1.);
#3724 = CARTESIAN_POINT('', (-41.5, -23., 135.));
#3725 = LINE('', #3724, #3723);
#3726 = DIRECTION('', (-1., 0., 0.));
#3727 = DIRECTION('', (0., 0., 1.));
#3728 = CARTESIAN_POINT('', (-34., -23., 135.));
#3729 = AXIS2_PLACEMENT_3D('', #3728, #3727, #3726);
#3730 = CIRCLE('', #3729, 7.5);
#3731 = DIRECTION('', (0., -0., 1.));
#3732 = VECTOR('', #3731, 1.);
#3733 = CARTESIAN_POINT('', (-34., -30.5, 135.));
#3734 = LINE('', #3733, #3732);
#3735 = DIRECTION('', (1., 0., 0.));
#3736 = VECTOR('', #3735, 1.);
#3737 = CARTESIAN_POINT('', (-34., -30.5, 135.));
#3738 = LINE('', #3737, #3736);
#3739 = DIRECTION('', (1., -0., -0.));
#3740 = DIRECTION('', (-0., 0., -1.));
#3741 = CARTESIAN_POINT('', (34., -23., 176.));
#3742 = AXIS2_PLACEMENT_3D('', #3741, #3740, #3739);
#3743 = CIRCLE('', #3742, 7.5);
#3744 = DIRECTION('', (-0., 1., 0.));
#3745 = VECTOR('', #3744, 1.);
#3746 = CARTESIAN_POINT('', (41.5, -23., 176.));
#3747 = LINE('', #3746, #3745);
#3748 = DIRECTION('', (1., -0., 0.));
#3749 = DIRECTION('', (-0., -0., 1.));
#3750 = CARTESIAN_POINT('', (34., 29., 176.));
#3751 = AXIS2_PLACEMENT_3D('', #3750, #3749, #3748);
#3752 = CIRCLE('', #3751, 7.5);
#3753 = DIRECTION('', (-1., 0., 0.));
#3754 = VECTOR('', #3753, 1.);
#3755 = CARTESIAN_POINT('', (34., 36.5, 176.));
#3756 = LINE('', #3755, #3754);
#3757 = DIRECTION('', (-0., 1., 0.));
#3758 = DIRECTION('', (0., -0., 1.));
#3759 = CARTESIAN_POINT('', (-34., 29., 176.));
#3760 = AXIS2_PLACEMENT_3D('', #3759, #3758, #3757);
#3761 = CIRCLE('', #3760, 7.5);
#3762 = DIRECTION('', (0., -1., 0.));
#3763 = VECTOR('', #3762, 1.);
#3764 = CARTESIAN_POINT('', (-41.5, 29., 176.));
#3765 = LINE('', #3764, #3763);
#3766 = DIRECTION('', (0., -1., 0.));
#3767 = DIRECTION('', (-0., -0., -1.));
#3768 = CARTESIAN_POINT('', (-34., -23., 176.));
#3769 = AXIS2_PLACEMENT_3D('', #3768, #3767, #3766);
#3770 = CIRCLE('', #3769, 7.5);
#3771 = DIRECTION('', (1., -0., 0.));
#3772 = VECTOR('', #3771, 1.);
#3773 = CARTESIAN_POINT('', (-34., -30.5, 176.));
#3774 = LINE('', #3773, #3772);
#3775 = DIRECTION('', (1., 0., 0.));
#3776 = DIRECTION('', (0., -0., 1.));
#3777 = CARTESIAN_POINT('', (0., 3., 132.));
#3778 = AXIS2_PLACEMENT_3D('', #3777, #3776, #3775);
#3779 = CIRCLE('', #3778, 11.00000001);
#3780 = DIRECTION('', (1., -0., 0.));
#3781 = DIRECTION('', (0., -0., -1.));
#3782 = CARTESIAN_POINT('', (0., 3., 132.));
#3783 = AXIS2_PLACEMENT_3D('', #3782, #3781, #3780);
#3784 = CIRCLE('', #3783, 11.00000001);
#3785 = DIRECTION('', (1., 0., 0.));
#3786 = DIRECTION('', (0., -0., 1.));
#3787 = CARTESIAN_POINT('', (0., 3., 135.));
#3788 = AXIS2_PLACEMENT_3D('', #3787, #3786, #3785);
#3789 = CIRCLE('', #3788, 11.00000001);
#3790 = DIRECTION('', (1., -0., 0.));
#3791 = DIRECTION('', (0., -0., -1.));
#3792 = CARTESIAN_POINT('', (0., 3., 135.));
#3793 = AXIS2_PLACEMENT_3D('', #3792, #3791, #3790);
#3794 = CIRCLE('', #3793, 11.00000001);
#3795 = DIRECTION('', (0.00000018, -1., 0.));
#3796 = DIRECTION('', (-0., -0., -1.));
#3797 = CARTESIAN_POINT('', (0., 3., 132.));
#3798 = AXIS2_PLACEMENT_3D('', #3797, #3796, #3795);
#3799 = CIRCLE('', #3798, 11.00000001);
#3800 = DIRECTION('', (-0.00000018, 1., 0.));
#3801 = DIRECTION('', (0., -0., 1.));
#3802 = CARTESIAN_POINT('', (0., 3., 132.));
#3803 = AXIS2_PLACEMENT_3D('', #3802, #3801, #3800);
#3804 = CIRCLE('', #3803, 11.00000001);
#3805 = DIRECTION('', (0., -1., 0.));
#3806 = DIRECTION('', (0., -0., -1.));
#3807 = CARTESIAN_POINT('', (0., 3., 135.));
#3808 = AXIS2_PLACEMENT_3D('', #3807, #3806, #3805);
#3809 = CIRCLE('', #3808, 11.00000001);
#3810 = DIRECTION('', (-0., 1., -0.));
#3811 = DIRECTION('', (-0., 0., 1.));
#3812 = CARTESIAN_POINT('', (0., 3., 135.));
#3813 = AXIS2_PLACEMENT_3D('', #3812, #3811, #3810);
#3814 = CIRCLE('', #3813, 11.00000001);
#3815 = DIRECTION('', (0., -0., 1.));
#3816 = VECTOR('', #3815, 1.);
#3817 = CARTESIAN_POINT('', (-11.00000001, 3., 132.));
#3818 = LINE('', #3817, #3816);
#3819 = DIRECTION('', (0., -0., 1.));
#3820 = VECTOR('', #3819, 1.);
#3821 = CARTESIAN_POINT('', (11.00000002, 3., 132.));
#3822 = LINE('', #3821, #3820);
#3823 = DIRECTION('', (0., -1., 0.));
#3824 = DIRECTION('', (-0., -0., 1.));
#3825 = CARTESIAN_POINT('', (58., -37., 176.));
#3826 = AXIS2_PLACEMENT_3D('', #3825, #3824, #3823);
#3827 = CIRCLE('', #3826, 10.);
#3828 = DIRECTION('', (0., -0., 1.));
#3829 = VECTOR('', #3828, 1.);
#3830 = CARTESIAN_POINT('', (68., -37., 176.));
#3831 = LINE('', #3830, #3829);
#3832 = DIRECTION('', (0., -1., 0.));
#3833 = DIRECTION('', (-0., 0., 1.));
#3834 = CARTESIAN_POINT('', (58., -37., 203.));
#3835 = AXIS2_PLACEMENT_3D('', #3834, #3833, #3832);
#3836 = CIRCLE('', #3835, 10.);
#3837 = DIRECTION('', (0., -0., 1.));
#3838 = VECTOR('', #3837, 1.);
#3839 = CARTESIAN_POINT('', (58., -47., 176.));
#3840 = LINE('', #3839, #3838);
#3841 = DIRECTION('', (0., 1., 0.));
#3842 = VECTOR('', #3841, 1.);
#3843 = CARTESIAN_POINT('', (68., -37., 176.));
#3844 = LINE('', #3843, #3842);
#3845 = DIRECTION('', (0., -0., 1.));
#3846 = VECTOR('', #3845, 1.);
#3847 = CARTESIAN_POINT('', (68., 43., 176.));
#3848 = LINE('', #3847, #3846);
#3849 = DIRECTION('', (0., 1., 0.));
#3850 = VECTOR('', #3849, 1.);
#3851 = CARTESIAN_POINT('', (68., -37., 203.));
#3852 = LINE('', #3851, #3850);
#3853 = DIRECTION('', (1., 0., 0.));
#3854 = DIRECTION('', (0., -0., 1.));
#3855 = CARTESIAN_POINT('', (58., 43., 176.));
#3856 = AXIS2_PLACEMENT_3D('', #3855, #3854, #3853);
#3857 = CIRCLE('', #3856, 10.);
#3858 = DIRECTION('', (0., -0., 1.));
#3859 = VECTOR('', #3858, 1.);
#3860 = CARTESIAN_POINT('', (58., 53., 176.));
#3861 = LINE('', #3860, #3859);
#3862 = DIRECTION('', (1., 0., 0.));
#3863 = DIRECTION('', (-0., -0., 1.));
#3864 = CARTESIAN_POINT('', (58., 43., 203.));
#3865 = AXIS2_PLACEMENT_3D('', #3864, #3863, #3862);
#3866 = CIRCLE('', #3865, 10.);
#3867 = DIRECTION('', (-1., -0., 0.));
#3868 = VECTOR('', #3867, 1.);
#3869 = CARTESIAN_POINT('', (58., 53., 176.));
#3870 = LINE('', #3869, #3868);
#3871 = DIRECTION('', (0., -0., 1.));
#3872 = VECTOR('', #3871, 1.);
#3873 = CARTESIAN_POINT('', (-58., 53., 176.));
#3874 = LINE('', #3873, #3872);
#3875 = DIRECTION('', (-1., -0., 0.));
#3876 = VECTOR('', #3875, 1.);
#3877 = CARTESIAN_POINT('', (58., 53., 203.));
#3878 = LINE('', #3877, #3876);
#3879 = DIRECTION('', (0., 1., 0.));
#3880 = DIRECTION('', (0., -0., 1.));
#3881 = CARTESIAN_POINT('', (-58., 43., 176.));
#3882 = AXIS2_PLACEMENT_3D('', #3881, #3880, #3879);
#3883 = CIRCLE('', #3882, 10.);
#3884 = DIRECTION('', (0., -0., 1.));
#3885 = VECTOR('', #3884, 1.);
#3886 = CARTESIAN_POINT('', (-68., 43., 176.));
#3887 = LINE('', #3886, #3885);
#3888 = DIRECTION('', (0., 1., 0.));
#3889 = DIRECTION('', (0., -0., 1.));
#3890 = CARTESIAN_POINT('', (-58., 43., 203.));
#3891 = AXIS2_PLACEMENT_3D('', #3890, #3889, #3888);
#3892 = CIRCLE('', #3891, 10.);
#3893 = DIRECTION('', (0., -1., 0.));
#3894 = VECTOR('', #3893, 1.);
#3895 = CARTESIAN_POINT('', (-68., 43., 176.));
#3896 = LINE('', #3895, #3894);
#3897 = DIRECTION('', (0., -0., 1.));
#3898 = VECTOR('', #3897, 1.);
#3899 = CARTESIAN_POINT('', (-68., -37., 176.));
#3900 = LINE('', #3899, #3898);
#3901 = DIRECTION('', (0., -1., 0.));
#3902 = VECTOR('', #3901, 1.);
#3903 = CARTESIAN_POINT('', (-68., 43., 203.));
#3904 = LINE('', #3903, #3902);
#3905 = DIRECTION('', (-1., 0., 0.));
#3906 = DIRECTION('', (0., 0., 1.));
#3907 = CARTESIAN_POINT('', (-58., -37., 176.));
#3908 = AXIS2_PLACEMENT_3D('', #3907, #3906, #3905);
#3909 = CIRCLE('', #3908, 10.);
#3910 = DIRECTION('', (0., -0., 1.));
#3911 = VECTOR('', #3910, 1.);
#3912 = CARTESIAN_POINT('', (-58., -47., 176.));
#3913 = LINE('', #3912, #3911);
#3914 = DIRECTION('', (-1., 0., 0.));
#3915 = DIRECTION('', (0., 0., 1.));
#3916 = CARTESIAN_POINT('', (-58., -37., 203.));
#3917 = AXIS2_PLACEMENT_3D('', #3916, #3915, #3914);
#3918 = CIRCLE('', #3917, 10.);
#3919 = DIRECTION('', (1., -0., 0.));
#3920 = VECTOR('', #3919, 1.);
#3921 = CARTESIAN_POINT('', (-58., -47., 176.));
#3922 = LINE('', #3921, #3920);
#3923 = DIRECTION('', (1., -0., 0.));
#3924 = VECTOR('', #3923, 1.);
#3925 = CARTESIAN_POINT('', (-58., -47., 203.));
#3926 = LINE('', #3925, #3924);
#3927 = DIRECTION('', (-0., -1., 0.));
#3928 = DIRECTION('', (0., 0., 1.));
#3929 = CARTESIAN_POINT('', (-49.5, -38.5, 178.));
#3930 = AXIS2_PLACEMENT_3D('', #3929, #3928, #3927);
#3931 = CIRCLE('', #3930, 2.);
#3932 = DIRECTION('', (0., -0., 1.));
#3933 = VECTOR('', #3932, 1.);
#3934 = CARTESIAN_POINT('', (-47.5, -38.5, 178.));
#3935 = LINE('', #3934, #3933);
#3936 = DIRECTION('', (0., -0., 1.));
#3937 = VECTOR('', #3936, 1.);
#3938 = CARTESIAN_POINT('', (-49.5, -40.5, 178.));
#3939 = LINE('', #3938, #3937);
#3940 = DIRECTION('', (-0., 1., 0.));
#3941 = VECTOR('', #3940, 1.);
#3942 = CARTESIAN_POINT('', (-47.5, -38.5, 178.));
#3943 = LINE('', #3942, #3941);
#3944 = DIRECTION('', (0., -0., 1.));
#3945 = VECTOR('', #3944, 1.);
#3946 = CARTESIAN_POINT('', (-47.5, 44.5, 178.));
#3947 = LINE('', #3946, #3945);
#3948 = DIRECTION('', (1., -0., 0.));
#3949 = DIRECTION('', (-0., -0., 1.));
#3950 = CARTESIAN_POINT('', (-49.5, 44.5, 178.));
#3951 = AXIS2_PLACEMENT_3D('', #3950, #3949, #3948);
#3952 = CIRCLE('', #3951, 2.);
#3953 = DIRECTION('', (0., -0., 1.));
#3954 = VECTOR('', #3953, 1.);
#3955 = CARTESIAN_POINT('', (-49.5, 46.5, 178.));
#3956 = LINE('', #3955, #3954);
#3957 = DIRECTION('', (-1., 0., 0.));
#3958 = VECTOR('', #3957, 1.);
#3959 = CARTESIAN_POINT('', (-49.5, 46.5, 178.));
#3960 = LINE('', #3959, #3958);
#3961 = DIRECTION('', (0., -0., 1.));
#3962 = VECTOR('', #3961, 1.);
#3963 = CARTESIAN_POINT('', (-61.5, 46.5, 178.));
#3964 = LINE('', #3963, #3962);
#3965 = DIRECTION('', (-0., 1., 0.));
#3966 = DIRECTION('', (0., -0., 1.));
#3967 = CARTESIAN_POINT('', (-61.5, 44.5, 178.));
#3968 = AXIS2_PLACEMENT_3D('', #3967, #3966, #3965);
#3969 = CIRCLE('', #3968, 2.);
#3970 = DIRECTION('', (0., -0., 1.));
#3971 = VECTOR('', #3970, 1.);
#3972 = CARTESIAN_POINT('', (-63.5, 44.5, 178.));
#3973 = LINE('', #3972, #3971);
#3974 = DIRECTION('', (0., -1., 0.));
#3975 = VECTOR('', #3974, 1.);
#3976 = CARTESIAN_POINT('', (-63.5, 44.5, 178.));
#3977 = LINE('', #3976, #3975);
#3978 = DIRECTION('', (0., -0., 1.));
#3979 = VECTOR('', #3978, 1.);
#3980 = CARTESIAN_POINT('', (-63.5, -38.5, 178.));
#3981 = LINE('', #3980, #3979);
#3982 = DIRECTION('', (-1., -0., 0.));
#3983 = DIRECTION('', (0., 0., 1.));
#3984 = CARTESIAN_POINT('', (-61.5, -38.5, 178.));
#3985 = AXIS2_PLACEMENT_3D('', #3984, #3983, #3982);
#3986 = CIRCLE('', #3985, 2.);
#3987 = DIRECTION('', (0., -0., 1.));
#3988 = VECTOR('', #3987, 1.);
#3989 = CARTESIAN_POINT('', (-61.5, -40.5, 178.));
#3990 = LINE('', #3989, #3988);
#3991 = DIRECTION('', (1., -0., 0.));
#3992 = VECTOR('', #3991, 1.);
#3993 = CARTESIAN_POINT('', (-61.5, -40.5, 178.));
#3994 = LINE('', #3993, #3992);
#3995 = DIRECTION('', (1., -0., -0.));
#3996 = DIRECTION('', (-0., 0., -1.));
#3997 = CARTESIAN_POINT('', (-49.5, -38.5, 203.));
#3998 = AXIS2_PLACEMENT_3D('', #3997, #3996, #3995);
#3999 = CIRCLE('', #3998, 2.);
#4000 = DIRECTION('', (-0., 1., 0.));
#4001 = VECTOR('', #4000, 1.);
#4002 = CARTESIAN_POINT('', (-47.5, -38.5, 203.));
#4003 = LINE('', #4002, #4001);
#4004 = DIRECTION('', (1., -0., 0.));
#4005 = DIRECTION('', (-0., -0., 1.));
#4006 = CARTESIAN_POINT('', (-49.5, 44.5, 203.));
#4007 = AXIS2_PLACEMENT_3D('', #4006, #4005, #4004);
#4008 = CIRCLE('', #4007, 2.);
#4009 = DIRECTION('', (-1., 0., 0.));
#4010 = VECTOR('', #4009, 1.);
#4011 = CARTESIAN_POINT('', (-49.5, 46.5, 203.));
#4012 = LINE('', #4011, #4010);
#4013 = DIRECTION('', (-0., 1., 0.));
#4014 = DIRECTION('', (0., -0., 1.));
#4015 = CARTESIAN_POINT('', (-61.5, 44.5, 203.));
#4016 = AXIS2_PLACEMENT_3D('', #4015, #4014, #4013);
#4017 = CIRCLE('', #4016, 2.);
#4018 = DIRECTION('', (0., -1., 0.));
#4019 = VECTOR('', #4018, 1.);
#4020 = CARTESIAN_POINT('', (-63.5, 44.5, 203.));
#4021 = LINE('', #4020, #4019);
#4022 = DIRECTION('', (-0., -1., -0.));
#4023 = DIRECTION('', (0., 0., -1.));
#4024 = CARTESIAN_POINT('', (-61.5, -38.5, 203.));
#4025 = AXIS2_PLACEMENT_3D('', #4024, #4023, #4022);
#4026 = CIRCLE('', #4025, 2.);
#4027 = DIRECTION('', (1., -0., 0.));
#4028 = VECTOR('', #4027, 1.);
#4029 = CARTESIAN_POINT('', (-61.5, -40.5, 203.));
#4030 = LINE('', #4029, #4028);
#4031 = DIRECTION('', (-0., -1., 0.));
#4032 = DIRECTION('', (0., 0., 1.));
#4033 = CARTESIAN_POINT('', (-31., -38.5, 178.));
#4034 = AXIS2_PLACEMENT_3D('', #4033, #4032, #4031);
#4035 = CIRCLE('', #4034, 2.);
#4036 = DIRECTION('', (0., -0., 1.));
#4037 = VECTOR('', #4036, 1.);
#4038 = CARTESIAN_POINT('', (-29., -38.5, 178.));
#4039 = LINE('', #4038, #4037);
#4040 = DIRECTION('', (0., -0., 1.));
#4041 = VECTOR('', #4040, 1.);
#4042 = CARTESIAN_POINT('', (-31., -40.5, 178.));
#4043 = LINE('', #4042, #4041);
#4044 = DIRECTION('', (-0., 1., 0.));
#4045 = VECTOR('', #4044, 1.);
#4046 = CARTESIAN_POINT('', (-29., -38.5, 178.));
#4047 = LINE('', #4046, #4045);
#4048 = DIRECTION('', (0., -0., 1.));
#4049 = VECTOR('', #4048, 1.);
#4050 = CARTESIAN_POINT('', (-29., 44.5, 178.));
#4051 = LINE('', #4050, #4049);
#4052 = DIRECTION('', (1., -0., 0.));
#4053 = DIRECTION('', (-0., -0., 1.));
#4054 = CARTESIAN_POINT('', (-31., 44.5, 178.));
#4055 = AXIS2_PLACEMENT_3D('', #4054, #4053, #4052);
#4056 = CIRCLE('', #4055, 2.);
#4057 = DIRECTION('', (0., -0., 1.));
#4058 = VECTOR('', #4057, 1.);
#4059 = CARTESIAN_POINT('', (-31., 46.5, 178.));
#4060 = LINE('', #4059, #4058);
#4061 = DIRECTION('', (-1., 0., 0.));
#4062 = VECTOR('', #4061, 1.);
#4063 = CARTESIAN_POINT('', (-31., 46.5, 178.));
#4064 = LINE('', #4063, #4062);
#4065 = DIRECTION('', (0., -0., 1.));
#4066 = VECTOR('', #4065, 1.);
#4067 = CARTESIAN_POINT('', (-43., 46.5, 178.));
#4068 = LINE('', #4067, #4066);
#4069 = DIRECTION('', (-0., 1., 0.));
#4070 = DIRECTION('', (0., -0., 1.));
#4071 = CARTESIAN_POINT('', (-43., 44.5, 178.));
#4072 = AXIS2_PLACEMENT_3D('', #4071, #4070, #4069);
#4073 = CIRCLE('', #4072, 2.);
#4074 = DIRECTION('', (0., -0., 1.));
#4075 = VECTOR('', #4074, 1.);
#4076 = CARTESIAN_POINT('', (-45., 44.5, 178.));
#4077 = LINE('', #4076, #4075);
#4078 = DIRECTION('', (0., -1., 0.));
#4079 = VECTOR('', #4078, 1.);
#4080 = CARTESIAN_POINT('', (-45., 44.5, 178.));
#4081 = LINE('', #4080, #4079);
#4082 = DIRECTION('', (0., -0., 1.));
#4083 = VECTOR('', #4082, 1.);
#4084 = CARTESIAN_POINT('', (-45., -38.5, 178.));
#4085 = LINE('', #4084, #4083);
#4086 = DIRECTION('', (-1., -0., 0.));
#4087 = DIRECTION('', (0., 0., 1.));
#4088 = CARTESIAN_POINT('', (-43., -38.5, 178.));
#4089 = AXIS2_PLACEMENT_3D('', #4088, #4087, #4086);
#4090 = CIRCLE('', #4089, 2.);
#4091 = DIRECTION('', (0., -0., 1.));
#4092 = VECTOR('', #4091, 1.);
#4093 = CARTESIAN_POINT('', (-43., -40.5, 178.));
#4094 = LINE('', #4093, #4092);
#4095 = DIRECTION('', (1., -0., 0.));
#4096 = VECTOR('', #4095, 1.);
#4097 = CARTESIAN_POINT('', (-43., -40.5, 178.));
#4098 = LINE('', #4097, #4096);
#4099 = DIRECTION('', (1., -0., 0.));
#4100 = DIRECTION('', (0., -0., -1.));
#4101 = CARTESIAN_POINT('', (-31., -38.5, 203.));
#4102 = AXIS2_PLACEMENT_3D('', #4101, #4100, #4099);
#4103 = CIRCLE('', #4102, 2.);
#4104 = DIRECTION('', (-0., 1., 0.));
#4105 = VECTOR('', #4104, 1.);
#4106 = CARTESIAN_POINT('', (-29., -38.5, 203.));
#4107 = LINE('', #4106, #4105);
#4108 = DIRECTION('', (1., -0., 0.));
#4109 = DIRECTION('', (-0., -0., 1.));
#4110 = CARTESIAN_POINT('', (-31., 44.5, 203.));
#4111 = AXIS2_PLACEMENT_3D('', #4110, #4109, #4108);
#4112 = CIRCLE('', #4111, 2.);
#4113 = DIRECTION('', (-1., 0., 0.));
#4114 = VECTOR('', #4113, 1.);
#4115 = CARTESIAN_POINT('', (-31., 46.5, 203.));
#4116 = LINE('', #4115, #4114);
#4117 = DIRECTION('', (0., 1., 0.));
#4118 = DIRECTION('', (0., -0., 1.));
#4119 = CARTESIAN_POINT('', (-43., 44.5, 203.));
#4120 = AXIS2_PLACEMENT_3D('', #4119, #4118, #4117);
#4121 = CIRCLE('', #4120, 2.);
#4122 = DIRECTION('', (0., -1., 0.));
#4123 = VECTOR('', #4122, 1.);
#4124 = CARTESIAN_POINT('', (-45., 44.5, 203.));
#4125 = LINE('', #4124, #4123);
#4126 = DIRECTION('', (-0., -1., -0.));
#4127 = DIRECTION('', (0., 0., -1.));
#4128 = CARTESIAN_POINT('', (-43., -38.5, 203.));
#4129 = AXIS2_PLACEMENT_3D('', #4128, #4127, #4126);
#4130 = CIRCLE('', #4129, 2.);
#4131 = DIRECTION('', (1., -0., 0.));
#4132 = VECTOR('', #4131, 1.);
#4133 = CARTESIAN_POINT('', (-43., -40.5, 203.));
#4134 = LINE('', #4133, #4132);
#4135 = DIRECTION('', (-0., -1., 0.));
#4136 = DIRECTION('', (0., 0., 1.));
#4137 = CARTESIAN_POINT('', (-12.5, -38.5, 178.));
#4138 = AXIS2_PLACEMENT_3D('', #4137, #4136, #4135);
#4139 = CIRCLE('', #4138, 2.);
#4140 = DIRECTION('', (0., -0., 1.));
#4141 = VECTOR('', #4140, 1.);
#4142 = CARTESIAN_POINT('', (-10.5, -38.5, 178.));
#4143 = LINE('', #4142, #4141);
#4144 = DIRECTION('', (0., -0., 1.));
#4145 = VECTOR('', #4144, 1.);
#4146 = CARTESIAN_POINT('', (-12.5, -40.5, 178.));
#4147 = LINE('', #4146, #4145);
#4148 = DIRECTION('', (-0., 1., 0.));
#4149 = VECTOR('', #4148, 1.);
#4150 = CARTESIAN_POINT('', (-10.5, -38.5, 178.));
#4151 = LINE('', #4150, #4149);
#4152 = DIRECTION('', (0., -0., 1.));
#4153 = VECTOR('', #4152, 1.);
#4154 = CARTESIAN_POINT('', (-10.5, 44.5, 178.));
#4155 = LINE('', #4154, #4153);
#4156 = DIRECTION('', (1., -0., 0.));
#4157 = DIRECTION('', (-0., -0., 1.));
#4158 = CARTESIAN_POINT('', (-12.5, 44.5, 178.));
#4159 = AXIS2_PLACEMENT_3D('', #4158, #4157, #4156);
#4160 = CIRCLE('', #4159, 2.);
#4161 = DIRECTION('', (0., -0., 1.));
#4162 = VECTOR('', #4161, 1.);
#4163 = CARTESIAN_POINT('', (-12.5, 46.5, 178.));
#4164 = LINE('', #4163, #4162);
#4165 = DIRECTION('', (-1., 0., 0.));
#4166 = VECTOR('', #4165, 1.);
#4167 = CARTESIAN_POINT('', (-12.5, 46.5, 178.));
#4168 = LINE('', #4167, #4166);
#4169 = DIRECTION('', (0., -0., 1.));
#4170 = VECTOR('', #4169, 1.);
#4171 = CARTESIAN_POINT('', (-24.5, 46.5, 178.));
#4172 = LINE('', #4171, #4170);
#4173 = DIRECTION('', (-0., 1., 0.));
#4174 = DIRECTION('', (0., -0., 1.));
#4175 = CARTESIAN_POINT('', (-24.5, 44.5, 178.));
#4176 = AXIS2_PLACEMENT_3D('', #4175, #4174, #4173);
#4177 = CIRCLE('', #4176, 2.);
#4178 = DIRECTION('', (0., -0., 1.));
#4179 = VECTOR('', #4178, 1.);
#4180 = CARTESIAN_POINT('', (-26.5, 44.5, 178.));
#4181 = LINE('', #4180, #4179);
#4182 = DIRECTION('', (0., -1., 0.));
#4183 = VECTOR('', #4182, 1.);
#4184 = CARTESIAN_POINT('', (-26.5, 44.5, 178.));
#4185 = LINE('', #4184, #4183);
#4186 = DIRECTION('', (0., -0., 1.));
#4187 = VECTOR('', #4186, 1.);
#4188 = CARTESIAN_POINT('', (-26.5, -38.5, 178.));
#4189 = LINE('', #4188, #4187);
#4190 = DIRECTION('', (-1., -0., 0.));
#4191 = DIRECTION('', (0., 0., 1.));
#4192 = CARTESIAN_POINT('', (-24.5, -38.5, 178.));
#4193 = AXIS2_PLACEMENT_3D('', #4192, #4191, #4190);
#4194 = CIRCLE('', #4193, 2.);
#4195 = DIRECTION('', (0., -0., 1.));
#4196 = VECTOR('', #4195, 1.);
#4197 = CARTESIAN_POINT('', (-24.5, -40.5, 178.));
#4198 = LINE('', #4197, #4196);
#4199 = DIRECTION('', (1., -0., 0.));
#4200 = VECTOR('', #4199, 1.);
#4201 = CARTESIAN_POINT('', (-24.5, -40.5, 178.));
#4202 = LINE('', #4201, #4200);
#4203 = DIRECTION('', (1., -0., 0.));
#4204 = DIRECTION('', (0., -0., -1.));
#4205 = CARTESIAN_POINT('', (-12.5, -38.5, 203.));
#4206 = AXIS2_PLACEMENT_3D('', #4205, #4204, #4203);
#4207 = CIRCLE('', #4206, 2.);
#4208 = DIRECTION('', (-0., 1., 0.));
#4209 = VECTOR('', #4208, 1.);
#4210 = CARTESIAN_POINT('', (-10.5, -38.5, 203.));
#4211 = LINE('', #4210, #4209);
#4212 = DIRECTION('', (1., -0., 0.));
#4213 = DIRECTION('', (-0., -0., 1.));
#4214 = CARTESIAN_POINT('', (-12.5, 44.5, 203.));
#4215 = AXIS2_PLACEMENT_3D('', #4214, #4213, #4212);
#4216 = CIRCLE('', #4215, 2.);
#4217 = DIRECTION('', (-1., 0., 0.));
#4218 = VECTOR('', #4217, 1.);
#4219 = CARTESIAN_POINT('', (-12.5, 46.5, 203.));
#4220 = LINE('', #4219, #4218);
#4221 = DIRECTION('', (0., 1., 0.));
#4222 = DIRECTION('', (0., -0., 1.));
#4223 = CARTESIAN_POINT('', (-24.5, 44.5, 203.));
#4224 = AXIS2_PLACEMENT_3D('', #4223, #4222, #4221);
#4225 = CIRCLE('', #4224, 2.);
#4226 = DIRECTION('', (0., -1., 0.));
#4227 = VECTOR('', #4226, 1.);
#4228 = CARTESIAN_POINT('', (-26.5, 44.5, 203.));
#4229 = LINE('', #4228, #4227);
#4230 = DIRECTION('', (-0., -1., -0.));
#4231 = DIRECTION('', (0., 0., -1.));
#4232 = CARTESIAN_POINT('', (-24.5, -38.5, 203.));
#4233 = AXIS2_PLACEMENT_3D('', #4232, #4231, #4230);
#4234 = CIRCLE('', #4233, 2.);
#4235 = DIRECTION('', (1., -0., 0.));
#4236 = VECTOR('', #4235, 1.);
#4237 = CARTESIAN_POINT('', (-24.5, -40.5, 203.));
#4238 = LINE('', #4237, #4236);
#4239 = DIRECTION('', (-0., -1., 0.));
#4240 = DIRECTION('', (0., 0., 1.));
#4241 = CARTESIAN_POINT('', (6., -38.5, 178.));
#4242 = AXIS2_PLACEMENT_3D('', #4241, #4240, #4239);
#4243 = CIRCLE('', #4242, 2.);
#4244 = DIRECTION('', (0., -0., 1.));
#4245 = VECTOR('', #4244, 1.);
#4246 = CARTESIAN_POINT('', (8., -38.5, 178.));
#4247 = LINE('', #4246, #4245);
#4248 = DIRECTION('', (0., -0., 1.));
#4249 = VECTOR('', #4248, 1.);
#4250 = CARTESIAN_POINT('', (6., -40.5, 178.));
#4251 = LINE('', #4250, #4249);
#4252 = DIRECTION('', (-0., 1., 0.));
#4253 = VECTOR('', #4252, 1.);
#4254 = CARTESIAN_POINT('', (8., -38.5, 178.));
#4255 = LINE('', #4254, #4253);
#4256 = DIRECTION('', (0., -0., 1.));
#4257 = VECTOR('', #4256, 1.);
#4258 = CARTESIAN_POINT('', (8., 44.5, 178.));
#4259 = LINE('', #4258, #4257);
#4260 = DIRECTION('', (1., -0., 0.));
#4261 = DIRECTION('', (-0., -0., 1.));
#4262 = CARTESIAN_POINT('', (6., 44.5, 178.));
#4263 = AXIS2_PLACEMENT_3D('', #4262, #4261, #4260);
#4264 = CIRCLE('', #4263, 2.);
#4265 = DIRECTION('', (0., -0., 1.));
#4266 = VECTOR('', #4265, 1.);
#4267 = CARTESIAN_POINT('', (6., 46.5, 178.));
#4268 = LINE('', #4267, #4266);
#4269 = DIRECTION('', (-1., 0., 0.));
#4270 = VECTOR('', #4269, 1.);
#4271 = CARTESIAN_POINT('', (6., 46.5, 178.));
#4272 = LINE('', #4271, #4270);
#4273 = DIRECTION('', (0., -0., 1.));
#4274 = VECTOR('', #4273, 1.);
#4275 = CARTESIAN_POINT('', (-6., 46.5, 178.));
#4276 = LINE('', #4275, #4274);
#4277 = DIRECTION('', (-0., 1., 0.));
#4278 = DIRECTION('', (0., -0., 1.));
#4279 = CARTESIAN_POINT('', (-6., 44.5, 178.));
#4280 = AXIS2_PLACEMENT_3D('', #4279, #4278, #4277);
#4281 = CIRCLE('', #4280, 2.);
#4282 = DIRECTION('', (0., -0., 1.));
#4283 = VECTOR('', #4282, 1.);
#4284 = CARTESIAN_POINT('', (-8., 44.5, 178.));
#4285 = LINE('', #4284, #4283);
#4286 = DIRECTION('', (0., -1., 0.));
#4287 = VECTOR('', #4286, 1.);
#4288 = CARTESIAN_POINT('', (-8., 44.5, 178.));
#4289 = LINE('', #4288, #4287);
#4290 = DIRECTION('', (0., -0., 1.));
#4291 = VECTOR('', #4290, 1.);
#4292 = CARTESIAN_POINT('', (-8., -38.5, 178.));
#4293 = LINE('', #4292, #4291);
#4294 = DIRECTION('', (-1., -0., 0.));
#4295 = DIRECTION('', (0., 0., 1.));
#4296 = CARTESIAN_POINT('', (-6., -38.5, 178.));
#4297 = AXIS2_PLACEMENT_3D('', #4296, #4295, #4294);
#4298 = CIRCLE('', #4297, 2.);
#4299 = DIRECTION('', (0., -0., 1.));
#4300 = VECTOR('', #4299, 1.);
#4301 = CARTESIAN_POINT('', (-6., -40.5, 178.));
#4302 = LINE('', #4301, #4300);
#4303 = DIRECTION('', (1., -0., 0.));
#4304 = VECTOR('', #4303, 1.);
#4305 = CARTESIAN_POINT('', (-6., -40.5, 178.));
#4306 = LINE('', #4305, #4304);
#4307 = DIRECTION('', (1., -0., -0.));
#4308 = DIRECTION('', (-0., 0., -1.));
#4309 = CARTESIAN_POINT('', (6., -38.5, 203.));
#4310 = AXIS2_PLACEMENT_3D('', #4309, #4308, #4307);
#4311 = CIRCLE('', #4310, 2.);
#4312 = DIRECTION('', (-0., 1., 0.));
#4313 = VECTOR('', #4312, 1.);
#4314 = CARTESIAN_POINT('', (8., -38.5, 203.));
#4315 = LINE('', #4314, #4313);
#4316 = DIRECTION('', (1., 0., 0.));
#4317 = DIRECTION('', (-0., -0., 1.));
#4318 = CARTESIAN_POINT('', (6., 44.5, 203.));
#4319 = AXIS2_PLACEMENT_3D('', #4318, #4317, #4316);
#4320 = CIRCLE('', #4319, 2.);
#4321 = DIRECTION('', (-1., 0., 0.));
#4322 = VECTOR('', #4321, 1.);
#4323 = CARTESIAN_POINT('', (6., 46.5, 203.));
#4324 = LINE('', #4323, #4322);
#4325 = DIRECTION('', (0., 1., 0.));
#4326 = DIRECTION('', (0., -0., 1.));
#4327 = CARTESIAN_POINT('', (-6., 44.5, 203.));
#4328 = AXIS2_PLACEMENT_3D('', #4327, #4326, #4325);
#4329 = CIRCLE('', #4328, 2.);
#4330 = DIRECTION('', (0., -1., 0.));
#4331 = VECTOR('', #4330, 1.);
#4332 = CARTESIAN_POINT('', (-8., 44.5, 203.));
#4333 = LINE('', #4332, #4331);
#4334 = DIRECTION('', (-0., -1., -0.));
#4335 = DIRECTION('', (0., 0., -1.));
#4336 = CARTESIAN_POINT('', (-6., -38.5, 203.));
#4337 = AXIS2_PLACEMENT_3D('', #4336, #4335, #4334);
#4338 = CIRCLE('', #4337, 2.);
#4339 = DIRECTION('', (1., -0., 0.));
#4340 = VECTOR('', #4339, 1.);
#4341 = CARTESIAN_POINT('', (-6., -40.5, 203.));
#4342 = LINE('', #4341, #4340);
#4343 = DIRECTION('', (-0., -1., 0.));
#4344 = DIRECTION('', (0., 0., 1.));
#4345 = CARTESIAN_POINT('', (24.5, -38.5, 178.));
#4346 = AXIS2_PLACEMENT_3D('', #4345, #4344, #4343);
#4347 = CIRCLE('', #4346, 2.);
#4348 = DIRECTION('', (0., -0., 1.));
#4349 = VECTOR('', #4348, 1.);
#4350 = CARTESIAN_POINT('', (26.5, -38.5, 178.));
#4351 = LINE('', #4350, #4349);
#4352 = DIRECTION('', (0., -0., 1.));
#4353 = VECTOR('', #4352, 1.);
#4354 = CARTESIAN_POINT('', (24.5, -40.5, 178.));
#4355 = LINE('', #4354, #4353);
#4356 = DIRECTION('', (-0., 1., 0.));
#4357 = VECTOR('', #4356, 1.);
#4358 = CARTESIAN_POINT('', (26.5, -38.5, 178.));
#4359 = LINE('', #4358, #4357);
#4360 = DIRECTION('', (0., -0., 1.));
#4361 = VECTOR('', #4360, 1.);
#4362 = CARTESIAN_POINT('', (26.5, 44.5, 178.));
#4363 = LINE('', #4362, #4361);
#4364 = DIRECTION('', (1., -0., 0.));
#4365 = DIRECTION('', (-0., -0., 1.));
#4366 = CARTESIAN_POINT('', (24.5, 44.5, 178.));
#4367 = AXIS2_PLACEMENT_3D('', #4366, #4365, #4364);
#4368 = CIRCLE('', #4367, 2.);
#4369 = DIRECTION('', (0., -0., 1.));
#4370 = VECTOR('', #4369, 1.);
#4371 = CARTESIAN_POINT('', (24.5, 46.5, 178.));
#4372 = LINE('', #4371, #4370);
#4373 = DIRECTION('', (-1., 0., 0.));
#4374 = VECTOR('', #4373, 1.);
#4375 = CARTESIAN_POINT('', (24.5, 46.5, 178.));
#4376 = LINE('', #4375, #4374);
#4377 = DIRECTION('', (0., -0., 1.));
#4378 = VECTOR('', #4377, 1.);
#4379 = CARTESIAN_POINT('', (12.5, 46.5, 178.));
#4380 = LINE('', #4379, #4378);
#4381 = DIRECTION('', (-0., 1., 0.));
#4382 = DIRECTION('', (0., -0., 1.));
#4383 = CARTESIAN_POINT('', (12.5, 44.5, 178.));
#4384 = AXIS2_PLACEMENT_3D('', #4383, #4382, #4381);
#4385 = CIRCLE('', #4384, 2.);
#4386 = DIRECTION('', (0., -0., 1.));
#4387 = VECTOR('', #4386, 1.);
#4388 = CARTESIAN_POINT('', (10.5, 44.5, 178.));
#4389 = LINE('', #4388, #4387);
#4390 = DIRECTION('', (0., -1., 0.));
#4391 = VECTOR('', #4390, 1.);
#4392 = CARTESIAN_POINT('', (10.5, 44.5, 178.));
#4393 = LINE('', #4392, #4391);
#4394 = DIRECTION('', (0., -0., 1.));
#4395 = VECTOR('', #4394, 1.);
#4396 = CARTESIAN_POINT('', (10.5, -38.5, 178.));
#4397 = LINE('', #4396, #4395);
#4398 = DIRECTION('', (-1., -0., 0.));
#4399 = DIRECTION('', (0., 0., 1.));
#4400 = CARTESIAN_POINT('', (12.5, -38.5, 178.));
#4401 = AXIS2_PLACEMENT_3D('', #4400, #4399, #4398);
#4402 = CIRCLE('', #4401, 2.);
#4403 = DIRECTION('', (0., -0., 1.));
#4404 = VECTOR('', #4403, 1.);
#4405 = CARTESIAN_POINT('', (12.5, -40.5, 178.));
#4406 = LINE('', #4405, #4404);
#4407 = DIRECTION('', (1., -0., 0.));
#4408 = VECTOR('', #4407, 1.);
#4409 = CARTESIAN_POINT('', (12.5, -40.5, 178.));
#4410 = LINE('', #4409, #4408);
#4411 = DIRECTION('', (1., -0., -0.));
#4412 = DIRECTION('', (-0., 0., -1.));
#4413 = CARTESIAN_POINT('', (24.5, -38.5, 203.));
#4414 = AXIS2_PLACEMENT_3D('', #4413, #4412, #4411);
#4415 = CIRCLE('', #4414, 2.);
#4416 = DIRECTION('', (-0., 1., 0.));
#4417 = VECTOR('', #4416, 1.);
#4418 = CARTESIAN_POINT('', (26.5, -38.5, 203.));
#4419 = LINE('', #4418, #4417);
#4420 = DIRECTION('', (1., 0., -0.));
#4421 = DIRECTION('', (0., 0., 1.));
#4422 = CARTESIAN_POINT('', (24.5, 44.5, 203.));
#4423 = AXIS2_PLACEMENT_3D('', #4422, #4421, #4420);
#4424 = CIRCLE('', #4423, 2.);
#4425 = DIRECTION('', (-1., 0., 0.));
#4426 = VECTOR('', #4425, 1.);
#4427 = CARTESIAN_POINT('', (24.5, 46.5, 203.));
#4428 = LINE('', #4427, #4426);
#4429 = DIRECTION('', (0., 1., 0.));
#4430 = DIRECTION('', (0., -0., 1.));
#4431 = CARTESIAN_POINT('', (12.5, 44.5, 203.));
#4432 = AXIS2_PLACEMENT_3D('', #4431, #4430, #4429);
#4433 = CIRCLE('', #4432, 2.);
#4434 = DIRECTION('', (0., -1., 0.));
#4435 = VECTOR('', #4434, 1.);
#4436 = CARTESIAN_POINT('', (10.5, 44.5, 203.));
#4437 = LINE('', #4436, #4435);
#4438 = DIRECTION('', (-0., -1., 0.));
#4439 = DIRECTION('', (-0., -0., -1.));
#4440 = CARTESIAN_POINT('', (12.5, -38.5, 203.));
#4441 = AXIS2_PLACEMENT_3D('', #4440, #4439, #4438);
#4442 = CIRCLE('', #4441, 2.);
#4443 = DIRECTION('', (1., -0., 0.));
#4444 = VECTOR('', #4443, 1.);
#4445 = CARTESIAN_POINT('', (12.5, -40.5, 203.));
#4446 = LINE('', #4445, #4444);
#4447 = DIRECTION('', (-0., -1., 0.));
#4448 = DIRECTION('', (0., 0., 1.));
#4449 = CARTESIAN_POINT('', (43., -38.5, 178.));
#4450 = AXIS2_PLACEMENT_3D('', #4449, #4448, #4447);
#4451 = CIRCLE('', #4450, 2.);
#4452 = DIRECTION('', (0., -0., 1.));
#4453 = VECTOR('', #4452, 1.);
#4454 = CARTESIAN_POINT('', (45., -38.5, 178.));
#4455 = LINE('', #4454, #4453);
#4456 = DIRECTION('', (0., -0., 1.));
#4457 = VECTOR('', #4456, 1.);
#4458 = CARTESIAN_POINT('', (43., -40.5, 178.));
#4459 = LINE('', #4458, #4457);
#4460 = DIRECTION('', (-0., 1., 0.));
#4461 = VECTOR('', #4460, 1.);
#4462 = CARTESIAN_POINT('', (45., -38.5, 178.));
#4463 = LINE('', #4462, #4461);
#4464 = DIRECTION('', (0., -0., 1.));
#4465 = VECTOR('', #4464, 1.);
#4466 = CARTESIAN_POINT('', (45., 44.5, 178.));
#4467 = LINE('', #4466, #4465);
#4468 = DIRECTION('', (1., -0., 0.));
#4469 = DIRECTION('', (-0., -0., 1.));
#4470 = CARTESIAN_POINT('', (43., 44.5, 178.));
#4471 = AXIS2_PLACEMENT_3D('', #4470, #4469, #4468);
#4472 = CIRCLE('', #4471, 2.);
#4473 = DIRECTION('', (0., -0., 1.));
#4474 = VECTOR('', #4473, 1.);
#4475 = CARTESIAN_POINT('', (43., 46.5, 178.));
#4476 = LINE('', #4475, #4474);
#4477 = DIRECTION('', (-1., 0., 0.));
#4478 = VECTOR('', #4477, 1.);
#4479 = CARTESIAN_POINT('', (43., 46.5, 178.));
#4480 = LINE('', #4479, #4478);
#4481 = DIRECTION('', (0., -0., 1.));
#4482 = VECTOR('', #4481, 1.);
#4483 = CARTESIAN_POINT('', (31., 46.5, 178.));
#4484 = LINE('', #4483, #4482);
#4485 = DIRECTION('', (-0., 1., 0.));
#4486 = DIRECTION('', (0., -0., 1.));
#4487 = CARTESIAN_POINT('', (31., 44.5, 178.));
#4488 = AXIS2_PLACEMENT_3D('', #4487, #4486, #4485);
#4489 = CIRCLE('', #4488, 2.);
#4490 = DIRECTION('', (0., -0., 1.));
#4491 = VECTOR('', #4490, 1.);
#4492 = CARTESIAN_POINT('', (29., 44.5, 178.));
#4493 = LINE('', #4492, #4491);
#4494 = DIRECTION('', (0., -1., 0.));
#4495 = VECTOR('', #4494, 1.);
#4496 = CARTESIAN_POINT('', (29., 44.5, 178.));
#4497 = LINE('', #4496, #4495);
#4498 = DIRECTION('', (0., -0., 1.));
#4499 = VECTOR('', #4498, 1.);
#4500 = CARTESIAN_POINT('', (29., -38.5, 178.));
#4501 = LINE('', #4500, #4499);
#4502 = DIRECTION('', (-1., -0., 0.));
#4503 = DIRECTION('', (0., 0., 1.));
#4504 = CARTESIAN_POINT('', (31., -38.5, 178.));
#4505 = AXIS2_PLACEMENT_3D('', #4504, #4503, #4502);
#4506 = CIRCLE('', #4505, 2.);
#4507 = DIRECTION('', (0., -0., 1.));
#4508 = VECTOR('', #4507, 1.);
#4509 = CARTESIAN_POINT('', (31., -40.5, 178.));
#4510 = LINE('', #4509, #4508);
#4511 = DIRECTION('', (1., -0., 0.));
#4512 = VECTOR('', #4511, 1.);
#4513 = CARTESIAN_POINT('', (31., -40.5, 178.));
#4514 = LINE('', #4513, #4512);
#4515 = DIRECTION('', (1., -0., -0.));
#4516 = DIRECTION('', (-0., 0., -1.));
#4517 = CARTESIAN_POINT('', (43., -38.5, 203.));
#4518 = AXIS2_PLACEMENT_3D('', #4517, #4516, #4515);
#4519 = CIRCLE('', #4518, 2.);
#4520 = DIRECTION('', (-0., 1., 0.));
#4521 = VECTOR('', #4520, 1.);
#4522 = CARTESIAN_POINT('', (45., -38.5, 203.));
#4523 = LINE('', #4522, #4521);
#4524 = DIRECTION('', (1., 0., 0.));
#4525 = DIRECTION('', (-0., -0., 1.));
#4526 = CARTESIAN_POINT('', (43., 44.5, 203.));
#4527 = AXIS2_PLACEMENT_3D('', #4526, #4525, #4524);
#4528 = CIRCLE('', #4527, 2.);
#4529 = DIRECTION('', (-1., 0., 0.));
#4530 = VECTOR('', #4529, 1.);
#4531 = CARTESIAN_POINT('', (43., 46.5, 203.));
#4532 = LINE('', #4531, #4530);
#4533 = DIRECTION('', (0., 1., -0.));
#4534 = DIRECTION('', (-0., 0., 1.));
#4535 = CARTESIAN_POINT('', (31., 44.5, 203.));
#4536 = AXIS2_PLACEMENT_3D('', #4535, #4534, #4533);
#4537 = CIRCLE('', #4536, 2.);
#4538 = DIRECTION('', (0., -1., 0.));
#4539 = VECTOR('', #4538, 1.);
#4540 = CARTESIAN_POINT('', (29., 44.5, 203.));
#4541 = LINE('', #4540, #4539);
#4542 = DIRECTION('', (0., -1., 0.));
#4543 = DIRECTION('', (-0., -0., -1.));
#4544 = CARTESIAN_POINT('', (31., -38.5, 203.));
#4545 = AXIS2_PLACEMENT_3D('', #4544, #4543, #4542);
#4546 = CIRCLE('', #4545, 2.);
#4547 = DIRECTION('', (1., -0., 0.));
#4548 = VECTOR('', #4547, 1.);
#4549 = CARTESIAN_POINT('', (31., -40.5, 203.));
#4550 = LINE('', #4549, #4548);
#4551 = DIRECTION('', (-0., -1., 0.));
#4552 = DIRECTION('', (0., 0., 1.));
#4553 = CARTESIAN_POINT('', (61.5, -38.5, 178.));
#4554 = AXIS2_PLACEMENT_3D('', #4553, #4552, #4551);
#4555 = CIRCLE('', #4554, 2.);
#4556 = DIRECTION('', (0., -0., 1.));
#4557 = VECTOR('', #4556, 1.);
#4558 = CARTESIAN_POINT('', (63.5, -38.5, 178.));
#4559 = LINE('', #4558, #4557);
#4560 = DIRECTION('', (0., -0., 1.));
#4561 = VECTOR('', #4560, 1.);
#4562 = CARTESIAN_POINT('', (61.5, -40.5, 178.));
#4563 = LINE('', #4562, #4561);
#4564 = DIRECTION('', (-0., 1., 0.));
#4565 = VECTOR('', #4564, 1.);
#4566 = CARTESIAN_POINT('', (63.5, -38.5, 178.));
#4567 = LINE('', #4566, #4565);
#4568 = DIRECTION('', (0., -0., 1.));
#4569 = VECTOR('', #4568, 1.);
#4570 = CARTESIAN_POINT('', (63.5, 44.5, 178.));
#4571 = LINE('', #4570, #4569);
#4572 = DIRECTION('', (1., -0., 0.));
#4573 = DIRECTION('', (-0., -0., 1.));
#4574 = CARTESIAN_POINT('', (61.5, 44.5, 178.));
#4575 = AXIS2_PLACEMENT_3D('', #4574, #4573, #4572);
#4576 = CIRCLE('', #4575, 2.);
#4577 = DIRECTION('', (0., -0., 1.));
#4578 = VECTOR('', #4577, 1.);
#4579 = CARTESIAN_POINT('', (61.5, 46.5, 178.));
#4580 = LINE('', #4579, #4578);
#4581 = DIRECTION('', (-1., 0., 0.));
#4582 = VECTOR('', #4581, 1.);
#4583 = CARTESIAN_POINT('', (61.5, 46.5, 178.));
#4584 = LINE('', #4583, #4582);
#4585 = DIRECTION('', (0., -0., 1.));
#4586 = VECTOR('', #4585, 1.);
#4587 = CARTESIAN_POINT('', (49.5, 46.5, 178.));
#4588 = LINE('', #4587, #4586);
#4589 = DIRECTION('', (-0., 1., 0.));
#4590 = DIRECTION('', (0., -0., 1.));
#4591 = CARTESIAN_POINT('', (49.5, 44.5, 178.));
#4592 = AXIS2_PLACEMENT_3D('', #4591, #4590, #4589);
#4593 = CIRCLE('', #4592, 2.);
#4594 = DIRECTION('', (0., -0., 1.));
#4595 = VECTOR('', #4594, 1.);
#4596 = CARTESIAN_POINT('', (47.5, 44.5, 178.));
#4597 = LINE('', #4596, #4595);
#4598 = DIRECTION('', (0., -1., 0.));
#4599 = VECTOR('', #4598, 1.);
#4600 = CARTESIAN_POINT('', (47.5, 44.5, 178.));
#4601 = LINE('', #4600, #4599);
#4602 = DIRECTION('', (0., -0., 1.));
#4603 = VECTOR('', #4602, 1.);
#4604 = CARTESIAN_POINT('', (47.5, -38.5, 178.));
#4605 = LINE('', #4604, #4603);
#4606 = DIRECTION('', (-1., -0., 0.));
#4607 = DIRECTION('', (0., 0., 1.));
#4608 = CARTESIAN_POINT('', (49.5, -38.5, 178.));
#4609 = AXIS2_PLACEMENT_3D('', #4608, #4607, #4606);
#4610 = CIRCLE('', #4609, 2.);
#4611 = DIRECTION('', (0., -0., 1.));
#4612 = VECTOR('', #4611, 1.);
#4613 = CARTESIAN_POINT('', (49.5, -40.5, 178.));
#4614 = LINE('', #4613, #4612);
#4615 = DIRECTION('', (1., -0., 0.));
#4616 = VECTOR('', #4615, 1.);
#4617 = CARTESIAN_POINT('', (49.5, -40.5, 178.));
#4618 = LINE('', #4617, #4616);
#4619 = DIRECTION('', (1., -0., -0.));
#4620 = DIRECTION('', (-0., 0., -1.));
#4621 = CARTESIAN_POINT('', (61.5, -38.5, 203.));
#4622 = AXIS2_PLACEMENT_3D('', #4621, #4620, #4619);
#4623 = CIRCLE('', #4622, 2.);
#4624 = DIRECTION('', (-0., 1., 0.));
#4625 = VECTOR('', #4624, 1.);
#4626 = CARTESIAN_POINT('', (63.5, -38.5, 203.));
#4627 = LINE('', #4626, #4625);
#4628 = DIRECTION('', (1., 0., 0.));
#4629 = DIRECTION('', (0., -0., 1.));
#4630 = CARTESIAN_POINT('', (61.5, 44.5, 203.));
#4631 = AXIS2_PLACEMENT_3D('', #4630, #4629, #4628);
#4632 = CIRCLE('', #4631, 2.);
#4633 = DIRECTION('', (-1., 0., 0.));
#4634 = VECTOR('', #4633, 1.);
#4635 = CARTESIAN_POINT('', (61.5, 46.5, 203.));
#4636 = LINE('', #4635, #4634);
#4637 = DIRECTION('', (0., 1., -0.));
#4638 = DIRECTION('', (-0., 0., 1.));
#4639 = CARTESIAN_POINT('', (49.5, 44.5, 203.));
#4640 = AXIS2_PLACEMENT_3D('', #4639, #4638, #4637);
#4641 = CIRCLE('', #4640, 2.);
#4642 = DIRECTION('', (0., -1., 0.));
#4643 = VECTOR('', #4642, 1.);
#4644 = CARTESIAN_POINT('', (47.5, 44.5, 203.));
#4645 = LINE('', #4644, #4643);
#4646 = DIRECTION('', (-0., -1., 0.));
#4647 = DIRECTION('', (-0., -0., -1.));
#4648 = CARTESIAN_POINT('', (49.5, -38.5, 203.));
#4649 = AXIS2_PLACEMENT_3D('', #4648, #4647, #4646);
#4650 = CIRCLE('', #4649, 2.);
#4651 = DIRECTION('', (1., -0., 0.));
#4652 = VECTOR('', #4651, 1.);
#4653 = CARTESIAN_POINT('', (49.5, -40.5, 203.));
#4654 = LINE('', #4653, #4652);
#4655 = DIRECTION('', (0., -1., 0.));
#4656 = DIRECTION('', (-0., -0., 1.));
#4657 = CARTESIAN_POINT('', (34., -23., 171.));
#4658 = AXIS2_PLACEMENT_3D('', #4657, #4656, #4655);
#4659 = CIRCLE('', #4658, 7.);
#4660 = DIRECTION('', (0., 0., 1.));
#4661 = VECTOR('', #4660, 1.);
#4662 = CARTESIAN_POINT('', (41., -23., 171.));
#4663 = LINE('', #4662, #4661);
#4664 = DIRECTION('', (0., -0., 1.));
#4665 = VECTOR('', #4664, 1.);
#4666 = CARTESIAN_POINT('', (34., -30., 171.));
#4667 = LINE('', #4666, #4665);
#4668 = DIRECTION('', (0., 1., 0.));
#4669 = VECTOR('', #4668, 1.);
#4670 = CARTESIAN_POINT('', (41., -23., 171.));
#4671 = LINE('', #4670, #4669);
#4672 = DIRECTION('', (0., -0., 1.));
#4673 = VECTOR('', #4672, 1.);
#4674 = CARTESIAN_POINT('', (41., 29., 171.));
#4675 = LINE('', #4674, #4673);
#4676 = DIRECTION('', (1., 0., -0.));
#4677 = DIRECTION('', (0., 0., 1.));
#4678 = CARTESIAN_POINT('', (34., 29., 171.));
#4679 = AXIS2_PLACEMENT_3D('', #4678, #4677, #4676);
#4680 = CIRCLE('', #4679, 7.);
#4681 = DIRECTION('', (0., -0., 1.));
#4682 = VECTOR('', #4681, 1.);
#4683 = CARTESIAN_POINT('', (34., 36., 171.));
#4684 = LINE('', #4683, #4682);
#4685 = DIRECTION('', (-1., 0., 0.));
#4686 = VECTOR('', #4685, 1.);
#4687 = CARTESIAN_POINT('', (34., 36., 171.));
#4688 = LINE('', #4687, #4686);
#4689 = DIRECTION('', (0., -0., 1.));
#4690 = VECTOR('', #4689, 1.);
#4691 = CARTESIAN_POINT('', (-34., 36., 171.));
#4692 = LINE('', #4691, #4690);
#4693 = DIRECTION('', (-0., 1., -0.));
#4694 = DIRECTION('', (-0., 0., 1.));
#4695 = CARTESIAN_POINT('', (-34., 29., 171.));
#4696 = AXIS2_PLACEMENT_3D('', #4695, #4694, #4693);
#4697 = CIRCLE('', #4696, 7.);
#4698 = DIRECTION('', (0., -0., 1.));
#4699 = VECTOR('', #4698, 1.);
#4700 = CARTESIAN_POINT('', (-41., 29., 171.));
#4701 = LINE('', #4700, #4699);
#4702 = DIRECTION('', (0., -1., 0.));
#4703 = VECTOR('', #4702, 1.);
#4704 = CARTESIAN_POINT('', (-41., 29., 171.));
#4705 = LINE('', #4704, #4703);
#4706 = DIRECTION('', (0., -0., 1.));
#4707 = VECTOR('', #4706, 1.);
#4708 = CARTESIAN_POINT('', (-41., -23., 171.));
#4709 = LINE('', #4708, #4707);
#4710 = DIRECTION('', (-1., -0., -0.));
#4711 = DIRECTION('', (-0., -0., 1.));
#4712 = CARTESIAN_POINT('', (-34., -23., 171.));
#4713 = AXIS2_PLACEMENT_3D('', #4712, #4711, #4710);
#4714 = CIRCLE('', #4713, 7.);
#4715 = DIRECTION('', (0., -0., 1.));
#4716 = VECTOR('', #4715, 1.);
#4717 = CARTESIAN_POINT('', (-34., -30., 171.));
#4718 = LINE('', #4717, #4716);
#4719 = DIRECTION('', (1., 0., 0.));
#4720 = VECTOR('', #4719, 1.);
#4721 = CARTESIAN_POINT('', (-34., -30., 171.));
#4722 = LINE('', #4721, #4720);
#4723 = DIRECTION('', (1., -0., 0.));
#4724 = DIRECTION('', (0., -0., -1.));
#4725 = CARTESIAN_POINT('', (34., -23., 171.));
#4726 = AXIS2_PLACEMENT_3D('', #4725, #4724, #4723);
#4727 = CIRCLE('', #4726, 5.);
#4728 = DIRECTION('', (-0., 1., 0.));
#4729 = VECTOR('', #4728, 1.);
#4730 = CARTESIAN_POINT('', (39., -23., 171.));
#4731 = LINE('', #4730, #4729);
#4732 = DIRECTION('', (1., 0., 0.));
#4733 = DIRECTION('', (0., -0., 1.));
#4734 = CARTESIAN_POINT('', (34., 29., 171.));
#4735 = AXIS2_PLACEMENT_3D('', #4734, #4733, #4732);
#4736 = CIRCLE('', #4735, 5.);
#4737 = DIRECTION('', (-1., -0., 0.));
#4738 = VECTOR('', #4737, 1.);
#4739 = CARTESIAN_POINT('', (34., 34., 171.));
#4740 = LINE('', #4739, #4738);
#4741 = DIRECTION('', (-0., 1., 0.));
#4742 = DIRECTION('', (0., -0., 1.));
#4743 = CARTESIAN_POINT('', (-34., 29., 171.));
#4744 = AXIS2_PLACEMENT_3D('', #4743, #4742, #4741);
#4745 = CIRCLE('', #4744, 5.);
#4746 = DIRECTION('', (0., -1., 0.));
#4747 = VECTOR('', #4746, 1.);
#4748 = CARTESIAN_POINT('', (-39., 29., 171.));
#4749 = LINE('', #4748, #4747);
#4750 = DIRECTION('', (-0., -1., -0.));
#4751 = DIRECTION('', (0., 0., -1.));
#4752 = CARTESIAN_POINT('', (-34., -23., 171.));
#4753 = AXIS2_PLACEMENT_3D('', #4752, #4751, #4750);
#4754 = CIRCLE('', #4753, 5.);
#4755 = DIRECTION('', (1., -0., 0.));
#4756 = VECTOR('', #4755, 1.);
#4757 = CARTESIAN_POINT('', (-34., -28., 171.));
#4758 = LINE('', #4757, #4756);
#4759 = DIRECTION('', (0., 0., 1.));
#4760 = VECTOR('', #4759, 1.);
#4761 = CARTESIAN_POINT('', (39., -23., 171.));
#4762 = LINE('', #4761, #4760);
#4763 = DIRECTION('', (0., -0., 1.));
#4764 = VECTOR('', #4763, 1.);
#4765 = CARTESIAN_POINT('', (34., -28., 171.));
#4766 = LINE('', #4765, #4764);
#4767 = DIRECTION('', (0., -0., 1.));
#4768 = VECTOR('', #4767, 1.);
#4769 = CARTESIAN_POINT('', (39., 29., 171.));
#4770 = LINE('', #4769, #4768);
#4771 = DIRECTION('', (0., -0., 1.));
#4772 = VECTOR('', #4771, 1.);
#4773 = CARTESIAN_POINT('', (34., 34., 171.));
#4774 = LINE('', #4773, #4772);
#4775 = DIRECTION('', (0., -0., 1.));
#4776 = VECTOR('', #4775, 1.);
#4777 = CARTESIAN_POINT('', (-34., 34., 171.));
#4778 = LINE('', #4777, #4776);
#4779 = DIRECTION('', (0., -0., 1.));
#4780 = VECTOR('', #4779, 1.);
#4781 = CARTESIAN_POINT('', (-39., 29., 171.));
#4782 = LINE('', #4781, #4780);
#4783 = DIRECTION('', (0., -0., 1.));
#4784 = VECTOR('', #4783, 1.);
#4785 = CARTESIAN_POINT('', (-39., -23., 171.));
#4786 = LINE('', #4785, #4784);
#4787 = DIRECTION('', (0., -0., 1.));
#4788 = VECTOR('', #4787, 1.);
#4789 = CARTESIAN_POINT('', (-34., -28., 171.));
#4790 = LINE('', #4789, #4788);
#4791 = DIRECTION('', (1., -0., 0.));
#4792 = DIRECTION('', (0., -0., -1.));
#4793 = CARTESIAN_POINT('', (34., -23., 176.));
#4794 = AXIS2_PLACEMENT_3D('', #4793, #4792, #4791);
#4795 = CIRCLE('', #4794, 7.);
#4796 = DIRECTION('', (0., 1., 0.));
#4797 = VECTOR('', #4796, 1.);
#4798 = CARTESIAN_POINT('', (41., -23., 176.));
#4799 = LINE('', #4798, #4797);
#4800 = DIRECTION('', (1., -0., 0.));
#4801 = DIRECTION('', (-0., -0., 1.));
#4802 = CARTESIAN_POINT('', (34., 29., 176.));
#4803 = AXIS2_PLACEMENT_3D('', #4802, #4801, #4800);
#4804 = CIRCLE('', #4803, 7.);
#4805 = DIRECTION('', (-1., -0., 0.));
#4806 = VECTOR('', #4805, 1.);
#4807 = CARTESIAN_POINT('', (34., 36., 176.));
#4808 = LINE('', #4807, #4806);
#4809 = DIRECTION('', (-0., 1., -0.));
#4810 = DIRECTION('', (-0., 0., 1.));
#4811 = CARTESIAN_POINT('', (-34., 29., 176.));
#4812 = AXIS2_PLACEMENT_3D('', #4811, #4810, #4809);
#4813 = CIRCLE('', #4812, 7.);
#4814 = DIRECTION('', (0., -1., 0.));
#4815 = VECTOR('', #4814, 1.);
#4816 = CARTESIAN_POINT('', (-41., 29., 176.));
#4817 = LINE('', #4816, #4815);
#4818 = DIRECTION('', (0., -1., 0.));
#4819 = DIRECTION('', (0., -0., -1.));
#4820 = CARTESIAN_POINT('', (-34., -23., 176.));
#4821 = AXIS2_PLACEMENT_3D('', #4820, #4819, #4818);
#4822 = CIRCLE('', #4821, 7.);
#4823 = DIRECTION('', (1., -0., 0.));
#4824 = VECTOR('', #4823, 1.);
#4825 = CARTESIAN_POINT('', (-34., -30., 176.));
#4826 = LINE('', #4825, #4824);
#4827 = DIRECTION('', (1., -0., 0.));
#4828 = VECTOR('', #4827, 1.);
#4829 = CARTESIAN_POINT('', (-34., -28., 176.));
#4830 = LINE('', #4829, #4828);
#4831 = DIRECTION('', (-0., -1., 0.));
#4832 = DIRECTION('', (-0., -0., -1.));
#4833 = CARTESIAN_POINT('', (-34., -23., 176.));
#4834 = AXIS2_PLACEMENT_3D('', #4833, #4832, #4831);
#4835 = CIRCLE('', #4834, 5.);
#4836 = DIRECTION('', (0., -1., 0.));
#4837 = VECTOR('', #4836, 1.);
#4838 = CARTESIAN_POINT('', (-39., 29., 176.));
#4839 = LINE('', #4838, #4837);
#4840 = DIRECTION('', (-0., 1., 0.));
#4841 = DIRECTION('', (0., -0., 1.));
#4842 = CARTESIAN_POINT('', (-34., 29., 176.));
#4843 = AXIS2_PLACEMENT_3D('', #4842, #4841, #4840);
#4844 = CIRCLE('', #4843, 5.);
#4845 = DIRECTION('', (-1., -0., 0.));
#4846 = VECTOR('', #4845, 1.);
#4847 = CARTESIAN_POINT('', (34., 34., 176.));
#4848 = LINE('', #4847, #4846);
#4849 = DIRECTION('', (1., -0., 0.));
#4850 = DIRECTION('', (-0., -0., 1.));
#4851 = CARTESIAN_POINT('', (34., 29., 176.));
#4852 = AXIS2_PLACEMENT_3D('', #4851, #4850, #4849);
#4853 = CIRCLE('', #4852, 5.);
#4854 = DIRECTION('', (-0., 1., 0.));
#4855 = VECTOR('', #4854, 1.);
#4856 = CARTESIAN_POINT('', (39., -23., 176.));
#4857 = LINE('', #4856, #4855);
#4858 = DIRECTION('', (1., -0., 0.));
#4859 = DIRECTION('', (0., -0., -1.));
#4860 = CARTESIAN_POINT('', (34., -23., 176.));
#4861 = AXIS2_PLACEMENT_3D('', #4860, #4859, #4858);
#4862 = CIRCLE('', #4861, 5.);
#4863 = DIRECTION('', (0., 0.25881905, 0.96592583));
#4864 = DIRECTION('', (0., 0.96592583, -0.25881905));
#4865 = CARTESIAN_POINT('', (60., 85.76058417, 307.26681724));
#4866 = AXIS2_PLACEMENT_3D('', #4865, #4864, #4863);
#4867 = CIRCLE('', #4866, 15.);
#4868 = DIRECTION('', (0., 0.96592583, -0.25881905));
#4869 = VECTOR('', #4868, 1.);
#4870 = CARTESIAN_POINT('', (75., 85.76058417, 307.26681724));
#4871 = LINE('', #4870, #4869);
#4872 = DIRECTION('', (-0., 0.25881905, 0.96592583));
#4873 = DIRECTION('', (0., 0.96592583, -0.25881905));
#4874 = CARTESIAN_POINT('', (60., 91.55613912, 305.71390297));
#4875 = AXIS2_PLACEMENT_3D('', #4874, #4873, #4872);
#4876 = CIRCLE('', #4875, 15.);
#4877 = DIRECTION('', (0., 0.96592583, -0.25881905));
#4878 = VECTOR('', #4877, 1.);
#4879 = CARTESIAN_POINT('', (60., 89.64286984, 321.75570464));
#4880 = LINE('', #4879, #4878);
#4881 = DIRECTION('', (0., -0.25881905, -0.96592583));
#4882 = VECTOR('', #4881, 1.);
#4883 = CARTESIAN_POINT('', (75., 85.76058417, 307.26681724));
#4884 = LINE('', #4883, #4882);
#4885 = DIRECTION('', (0., 0.96592583, -0.25881905));
#4886 = VECTOR('', #4885, 1.);
#4887 = CARTESIAN_POINT('', (75., 63.50214629, 224.19719618));
#4888 = LINE('', #4887, #4886);
#4889 = DIRECTION('', (0., -0.25881905, -0.96592583));
#4890 = VECTOR('', #4889, 1.);
#4891 = CARTESIAN_POINT('', (75., 91.55613912, 305.71390297));
#4892 = LINE('', #4891, #4890);
#4893 = DIRECTION('', (1., 0., 0.));
#4894 = DIRECTION('', (-0., 0.96592583, -0.25881905));
#4895 = CARTESIAN_POINT('', (60., 63.50214629, 224.19719618));
#4896 = AXIS2_PLACEMENT_3D('', #4895, #4894, #4893);
#4897 = CIRCLE('', #4896, 15.);
#4898 = DIRECTION('', (0., 0.96592583, -0.25881905));
#4899 = VECTOR('', #4898, 1.);
#4900 = CARTESIAN_POINT('', (60., 59.61986061, 209.70830879));
#4901 = LINE('', #4900, #4899);
#4902 = DIRECTION('', (1., -0., 0.));
#4903 = DIRECTION('', (0., 0.96592583, -0.25881905));
#4904 = CARTESIAN_POINT('', (60., 69.29770125, 222.64428191));
#4905 = AXIS2_PLACEMENT_3D('', #4904, #4903, #4902);
#4906 = CIRCLE('', #4905, 15.);
#4907 = DIRECTION('', (-1., -0., 0.));
#4908 = VECTOR('', #4907, 1.);
#4909 = CARTESIAN_POINT('', (60., 59.61986061, 209.70830879));
#4910 = LINE('', #4909, #4908);
#4911 = DIRECTION('', (0., 0.96592583, -0.25881905));
#4912 = VECTOR('', #4911, 1.);
#4913 = CARTESIAN_POINT('', (-60., 59.61986061, 209.70830879));
#4914 = LINE('', #4913, #4912);
#4915 = DIRECTION('', (-1., -0., 0.));
#4916 = VECTOR('', #4915, 1.);
#4917 = CARTESIAN_POINT('', (60., 65.41541557, 208.15539452));
#4918 = LINE('', #4917, #4916);
#4919 = DIRECTION('', (0., -0.25881905, -0.96592583));
#4920 = DIRECTION('', (0., 0.96592583, -0.25881905));
#4921 = CARTESIAN_POINT('', (-60., 63.50214629, 224.19719618));
#4922 = AXIS2_PLACEMENT_3D('', #4921, #4920, #4919);
#4923 = CIRCLE('', #4922, 15.);
#4924 = DIRECTION('', (0., 0.96592583, -0.25881905));
#4925 = VECTOR('', #4924, 1.);
#4926 = CARTESIAN_POINT('', (-75., 63.50214629, 224.19719618));
#4927 = LINE('', #4926, #4925);
#4928 = DIRECTION('', (-0., -0.25881905, -0.96592583));
#4929 = DIRECTION('', (-0., 0.96592583, -0.25881905));
#4930 = CARTESIAN_POINT('', (-60., 69.29770125, 222.64428191));
#4931 = AXIS2_PLACEMENT_3D('', #4930, #4929, #4928);
#4932 = CIRCLE('', #4931, 15.);
#4933 = DIRECTION('', (0., 0.25881905, 0.96592583));
#4934 = VECTOR('', #4933, 1.);
#4935 = CARTESIAN_POINT('', (-75., 63.50214629, 224.19719618));
#4936 = LINE('', #4935, #4934);
#4937 = DIRECTION('', (0., 0.96592583, -0.25881905));
#4938 = VECTOR('', #4937, 1.);
#4939 = CARTESIAN_POINT('', (-75., 85.76058417, 307.26681724));
#4940 = LINE('', #4939, #4938);
#4941 = DIRECTION('', (0., 0.25881905, 0.96592583));
#4942 = VECTOR('', #4941, 1.);
#4943 = CARTESIAN_POINT('', (-75., 69.29770125, 222.64428191));
#4944 = LINE('', #4943, #4942);
#4945 = DIRECTION('', (-1., 0., 0.));
#4946 = DIRECTION('', (-0., 0.96592583, -0.25881905));
#4947 = CARTESIAN_POINT('', (-60., 85.76058417, 307.26681724));
#4948 = AXIS2_PLACEMENT_3D('', #4947, #4946, #4945);
#4949 = CIRCLE('', #4948, 15.);
#4950 = DIRECTION('', (0., 0.96592583, -0.25881905));
#4951 = VECTOR('', #4950, 1.);
#4952 = CARTESIAN_POINT('', (-60., 89.64286984, 321.75570464));
#4953 = LINE('', #4952, #4951);
#4954 = DIRECTION('', (-1., 0., 0.));
#4955 = DIRECTION('', (0., 0.96592583, -0.25881905));
#4956 = CARTESIAN_POINT('', (-60., 91.55613912, 305.71390297));
#4957 = AXIS2_PLACEMENT_3D('', #4956, #4955, #4954);
#4958 = CIRCLE('', #4957, 15.);
#4959 = DIRECTION('', (1., -0., 0.));
#4960 = VECTOR('', #4959, 1.);
#4961 = CARTESIAN_POINT('', (-60., 89.64286984, 321.75570464));
#4962 = LINE('', #4961, #4960);
#4963 = DIRECTION('', (1., -0., 0.));
#4964 = VECTOR('', #4963, 1.);
#4965 = CARTESIAN_POINT('', (-60., 95.4384248, 320.20279037));
#4966 = LINE('', #4965, #4964);
#4967 = DIRECTION('', (0., -0.96592583, 0.25881905));
#4968 = VECTOR('', #4967, 1.);
#4969 = CARTESIAN_POINT('', (-12.4, 65.41541557, 208.15539452));
#4970 = LINE('', #4969, #4968);
#4971 = DIRECTION('', (0., 0.96592583, -0.25881905));
#4972 = VECTOR('', #4971, 1.);
#4973 = CARTESIAN_POINT('', (-35.6, 59.61986061, 209.70830879));
#4974 = LINE('', #4973, #4972);
#4975 = DIRECTION('', (1., -0., -0.));
#4976 = DIRECTION('', (-0., -0.96592583, 0.25881905));
#4977 = CARTESIAN_POINT('', (-12.9, 61.04336536, 215.02090083));
#4978 = AXIS2_PLACEMENT_3D('', #4977, #4976, #4975);
#4979 = CIRCLE('', #4978, 0.5);
#4980 = DIRECTION('', (-0., -0.25881905, -0.96592583));
#4981 = VECTOR('', #4980, 1.);
#4982 = CARTESIAN_POINT('', (-12.4, 61.04336536, 215.02090083));
#4983 = LINE('', #4982, #4981);
#4984 = DIRECTION('', (0., 0.25881905, 0.96592583));
#4985 = VECTOR('', #4984, 1.);
#4986 = CARTESIAN_POINT('', (-35.6, 59.61986061, 209.70830879));
#4987 = LINE('', #4986, #4985);
#4988 = DIRECTION('', (-0., 0.25881905, 0.96592583));
#4989 = DIRECTION('', (0., -0.96592583, 0.25881905));
#4990 = CARTESIAN_POINT('', (-35.1, 61.04336536, 215.02090083));
#4991 = AXIS2_PLACEMENT_3D('', #4990, #4989, #4988);
#4992 = CIRCLE('', #4991, 0.5);
#4993 = DIRECTION('', (1., -0., 0.));
#4994 = VECTOR('', #4993, 1.);
#4995 = CARTESIAN_POINT('', (-35.1, 61.17277488, 215.50386375));
#4996 = LINE('', #4995, #4994);
#4997 = DIRECTION('', (1., 0., 0.));
#4998 = DIRECTION('', (-0., -0.96592583, 0.25881905));
#4999 = CARTESIAN_POINT('', (-12.9, 66.83892032, 213.46798656));
#5000 = AXIS2_PLACEMENT_3D('', #4999, #4998, #4997);
#5001 = CIRCLE('', #5000, 0.5);
#5002 = DIRECTION('', (-0., -0.25881905, -0.96592583));
#5003 = VECTOR('', #5002, 1.);
#5004 = CARTESIAN_POINT('', (-12.4, 66.83892032, 213.46798656));
#5005 = LINE('', #5004, #5003);
#5006 = DIRECTION('', (0., 0.25881905, 0.96592583));
#5007 = VECTOR('', #5006, 1.);
#5008 = CARTESIAN_POINT('', (-35.6, 65.41541557, 208.15539452));
#5009 = LINE('', #5008, #5007);
#5010 = DIRECTION('', (-0., 0.25881905, 0.96592583));
#5011 = DIRECTION('', (0., -0.96592583, 0.25881905));
#5012 = CARTESIAN_POINT('', (-35.1, 66.83892032, 213.46798656));
#5013 = AXIS2_PLACEMENT_3D('', #5012, #5011, #5010);
#5014 = CIRCLE('', #5013, 0.5);
#5015 = DIRECTION('', (1., -0., 0.));
#5016 = VECTOR('', #5015, 1.);
#5017 = CARTESIAN_POINT('', (-35.1, 66.96832984, 213.95094948));
#5018 = LINE('', #5017, #5016);
#5019 = DIRECTION('', (0., 0.96592583, -0.25881905));
#5020 = VECTOR('', #5019, 1.);
#5021 = CARTESIAN_POINT('', (-35.1, 61.17277488, 215.50386375));
#5022 = LINE('', #5021, #5020);
#5023 = DIRECTION('', (0., 0.96592583, -0.25881905));
#5024 = VECTOR('', #5023, 1.);
#5025 = CARTESIAN_POINT('', (-35.6, 61.04336536, 215.02090083));
#5026 = LINE('', #5025, #5024);
#5027 = DIRECTION('', (0., 0.96592583, -0.25881905));
#5028 = VECTOR('', #5027, 1.);
#5029 = CARTESIAN_POINT('', (-12.9, 61.17277488, 215.50386375));
#5030 = LINE('', #5029, #5028);
#5031 = DIRECTION('', (0., 0.96592583, -0.25881905));
#5032 = VECTOR('', #5031, 1.);
#5033 = CARTESIAN_POINT('', (-12.4, 61.04336536, 215.02090083));
#5034 = LINE('', #5033, #5032);
#5035 = DIRECTION('', (-1., -0., 0.));
#5036 = VECTOR('', #5035, 1.);
#5037 = CARTESIAN_POINT('', (-35.6, 65.41541557, 208.15539452));
#5038 = LINE('', #5037, #5036);
#5039 = DIRECTION('', (-1., -0., 0.));
#5040 = VECTOR('', #5039, 1.);
#5041 = CARTESIAN_POINT('', (-35.6, 59.61986061, 209.70830879));
#5042 = LINE('', #5041, #5040);
#5043 = DIRECTION('', (0., -0.96592583, 0.25881905));
#5044 = VECTOR('', #5043, 1.);
#5045 = CARTESIAN_POINT('', (35.6, 65.41541557, 208.15539452));
#5046 = LINE('', #5045, #5044);
#5047 = DIRECTION('', (0., 0.96592583, -0.25881905));
#5048 = VECTOR('', #5047, 1.);
#5049 = CARTESIAN_POINT('', (12.4, 59.61986061, 209.70830879));
#5050 = LINE('', #5049, #5048);
#5051 = DIRECTION('', (1., -0., -0.));
#5052 = DIRECTION('', (-0., -0.96592583, 0.25881905));
#5053 = CARTESIAN_POINT('', (35.1, 61.04336536, 215.02090083));
#5054 = AXIS2_PLACEMENT_3D('', #5053, #5052, #5051);
#5055 = CIRCLE('', #5054, 0.5);
#5056 = DIRECTION('', (-0., -0.25881905, -0.96592583));
#5057 = VECTOR('', #5056, 1.);
#5058 = CARTESIAN_POINT('', (35.6, 61.04336536, 215.02090083));
#5059 = LINE('', #5058, #5057);
#5060 = DIRECTION('', (0., 0.25881905, 0.96592583));
#5061 = VECTOR('', #5060, 1.);
#5062 = CARTESIAN_POINT('', (12.4, 59.61986061, 209.70830879));
#5063 = LINE('', #5062, #5061);
#5064 = DIRECTION('', (-0., 0.25881905, 0.96592583));
#5065 = DIRECTION('', (-0., -0.96592583, 0.25881905));
#5066 = CARTESIAN_POINT('', (12.9, 61.04336536, 215.02090083));
#5067 = AXIS2_PLACEMENT_3D('', #5066, #5065, #5064);
#5068 = CIRCLE('', #5067, 0.5);
#5069 = DIRECTION('', (1., -0., 0.));
#5070 = VECTOR('', #5069, 1.);
#5071 = CARTESIAN_POINT('', (12.9, 61.17277488, 215.50386375));
#5072 = LINE('', #5071, #5070);
#5073 = DIRECTION('', (1., 0., 0.));
#5074 = DIRECTION('', (-0., -0.96592583, 0.25881905));
#5075 = CARTESIAN_POINT('', (35.1, 66.83892032, 213.46798656));
#5076 = AXIS2_PLACEMENT_3D('', #5075, #5074, #5073);
#5077 = CIRCLE('', #5076, 0.5);
#5078 = DIRECTION('', (-0., -0.25881905, -0.96592583));
#5079 = VECTOR('', #5078, 1.);
#5080 = CARTESIAN_POINT('', (35.6, 66.83892032, 213.46798656));
#5081 = LINE('', #5080, #5079);
#5082 = DIRECTION('', (0., 0.25881905, 0.96592583));
#5083 = VECTOR('', #5082, 1.);
#5084 = CARTESIAN_POINT('', (12.4, 65.41541557, 208.15539452));
#5085 = LINE('', #5084, #5083);
#5086 = DIRECTION('', (-0., 0.25881905, 0.96592583));
#5087 = DIRECTION('', (-0., -0.96592583, 0.25881905));
#5088 = CARTESIAN_POINT('', (12.9, 66.83892032, 213.46798656));
#5089 = AXIS2_PLACEMENT_3D('', #5088, #5087, #5086);
#5090 = CIRCLE('', #5089, 0.5);
#5091 = DIRECTION('', (1., -0., 0.));
#5092 = VECTOR('', #5091, 1.);
#5093 = CARTESIAN_POINT('', (12.9, 66.96832984, 213.95094948));
#5094 = LINE('', #5093, #5092);
#5095 = DIRECTION('', (0., 0.96592583, -0.25881905));
#5096 = VECTOR('', #5095, 1.);
#5097 = CARTESIAN_POINT('', (12.9, 61.17277488, 215.50386375));
#5098 = LINE('', #5097, #5096);
#5099 = DIRECTION('', (0., 0.96592583, -0.25881905));
#5100 = VECTOR('', #5099, 1.);
#5101 = CARTESIAN_POINT('', (12.4, 61.04336536, 215.02090083));
#5102 = LINE('', #5101, #5100);
#5103 = DIRECTION('', (0., 0.96592583, -0.25881905));
#5104 = VECTOR('', #5103, 1.);
#5105 = CARTESIAN_POINT('', (35.1, 61.17277488, 215.50386375));
#5106 = LINE('', #5105, #5104);
#5107 = DIRECTION('', (0., 0.96592583, -0.25881905));
#5108 = VECTOR('', #5107, 1.);
#5109 = CARTESIAN_POINT('', (35.6, 61.04336536, 215.02090083));
#5110 = LINE('', #5109, #5108);
#5111 = DIRECTION('', (-1., -0., 0.));
#5112 = VECTOR('', #5111, 1.);
#5113 = CARTESIAN_POINT('', (12.4, 65.41541557, 208.15539452));
#5114 = LINE('', #5113, #5112);
#5115 = DIRECTION('', (-1., -0., 0.));
#5116 = VECTOR('', #5115, 1.);
#5117 = CARTESIAN_POINT('', (12.4, 59.61986061, 209.70830879));
#5118 = LINE('', #5117, #5116);
#5119 = DIRECTION('', (0., -0.96592583, 0.25881905));
#5120 = DIRECTION('', (1., 0., 0.));
#5121 = CARTESIAN_POINT('', (-12., 62., 207.));
#5122 = AXIS2_PLACEMENT_3D('', #5121, #5120, #5119);
#5123 = CIRCLE('', #5122, 3.);
#5124 = DIRECTION('', (1., 0., 0.));
#5125 = VECTOR('', #5124, 1.);
#5126 = CARTESIAN_POINT('', (-12., 59.10222252, 207.77645714));
#5127 = LINE('', #5126, #5125);
#5128 = DIRECTION('', (0., -0.96592583, 0.25881905));
#5129 = DIRECTION('', (1., 0., 0.));
#5130 = CARTESIAN_POINT('', (12., 62., 207.));
#5131 = AXIS2_PLACEMENT_3D('', #5130, #5129, #5128);
#5132 = CIRCLE('', #5131, 3.);
#5133 = DIRECTION('', (0., 0.96592583, -0.25881905));
#5134 = DIRECTION('', (1., -0., -0.));
#5135 = CARTESIAN_POINT('', (-12., 62., 207.));
#5136 = AXIS2_PLACEMENT_3D('', #5135, #5134, #5133);
#5137 = CIRCLE('', #5136, 3.);
#5138 = DIRECTION('', (-0., 0.96592583, -0.25881905));
#5139 = DIRECTION('', (1., 0., 0.));
#5140 = CARTESIAN_POINT('', (12., 62., 207.));
#5141 = AXIS2_PLACEMENT_3D('', #5140, #5139, #5138);
#5142 = CIRCLE('', #5141, 3.);
#5143 = DIRECTION('', (1., 0., 0.));
#5144 = VECTOR('', #5143, 1.);
#5145 = CARTESIAN_POINT('', (-12., 64.89777748, 206.22354286));
#5146 = LINE('', #5145, #5144);
#5147 = DIRECTION('', (0., -0.96592583, 0.25881905));
#5148 = VECTOR('', #5147, 1.);
#5149 = CARTESIAN_POINT('', (-12., 64.67751387, 208.35311468));
#5150 = LINE('', #5149, #5148);
#5151 = DIRECTION('', (0., -0.96592583, 0.25881905));
#5152 = VECTOR('', #5151, 1.);
#5153 = CARTESIAN_POINT('', (12., 64.67751387, 208.35311468));
#5154 = LINE('', #5153, #5152);
#5155 = DIRECTION('', (-1., -0., 0.));
#5156 = VECTOR('', #5155, 1.);
#5157 = CARTESIAN_POINT('', (12., 64.6775139, 208.35311467));
#5158 = LINE('', #5157, #5156);
#5159 = DIRECTION('', (-1., -0., 0.));
#5160 = VECTOR('', #5159, 1.);
#5161 = CARTESIAN_POINT('', (12., 60.35776228, 209.51058863));
#5162 = LINE('', #5161, #5160);
#5163 = DIRECTION('', (-0., -0.54741257, 0.83686288));
#5164 = DIRECTION('', (1., -0., 0.));
#5165 = CARTESIAN_POINT('', (12., 62., 207.));
#5166 = AXIS2_PLACEMENT_3D('', #5165, #5164, #5163);
#5167 = CIRCLE('', #5166, 3.);
#5168 = DIRECTION('', (0., -0.54741257, 0.83686288));
#5169 = DIRECTION('', (1., 0., -0.));
#5170 = CARTESIAN_POINT('', (-12., 62., 207.));
#5171 = AXIS2_PLACEMENT_3D('', #5170, #5169, #5168);
#5172 = CIRCLE('', #5171, 3.);
#5173 = DIRECTION('', (-0., 0.96592583, -0.25881905));
#5174 = DIRECTION('', (-1., -0., -0.));
#5175 = CARTESIAN_POINT('', (-12., 62., 207.));
#5176 = AXIS2_PLACEMENT_3D('', #5175, #5174, #5173);
#5177 = CIRCLE('', #5176, 1.2);
#5178 = DIRECTION('', (0., 0.96592583, -0.25881905));
#5179 = DIRECTION('', (1., -0., -0.));
#5180 = CARTESIAN_POINT('', (-12., 62., 207.));
#5181 = AXIS2_PLACEMENT_3D('', #5180, #5179, #5178);
#5182 = CIRCLE('', #5181, 1.2);
#5183 = DIRECTION('', (-0., 0.96592583, -0.25881905));
#5184 = DIRECTION('', (-1., -0., 0.));
#5185 = CARTESIAN_POINT('', (12., 62., 207.));
#5186 = AXIS2_PLACEMENT_3D('', #5185, #5184, #5183);
#5187 = CIRCLE('', #5186, 1.2);
#5188 = DIRECTION('', (-0., 0.96592583, -0.25881905));
#5189 = DIRECTION('', (1., 0., 0.));
#5190 = CARTESIAN_POINT('', (12., 62., 207.));
#5191 = AXIS2_PLACEMENT_3D('', #5190, #5189, #5188);
#5192 = CIRCLE('', #5191, 1.2);
#5193 = DIRECTION('', (0., 0.25881905, 0.96592583));
#5194 = DIRECTION('', (1., 0., -0.));
#5195 = CARTESIAN_POINT('', (-12., 62., 207.));
#5196 = AXIS2_PLACEMENT_3D('', #5195, #5194, #5193);
#5197 = CIRCLE('', #5196, 1.2);
#5198 = DIRECTION('', (0., -0.25881905, -0.96592583));
#5199 = DIRECTION('', (-1., -0., -0.));
#5200 = CARTESIAN_POINT('', (-12., 62., 207.));
#5201 = AXIS2_PLACEMENT_3D('', #5200, #5199, #5198);
#5202 = CIRCLE('', #5201, 1.2);
#5203 = DIRECTION('', (-0., 0.25881972, 0.96592564));
#5204 = DIRECTION('', (1., -0., 0.));
#5205 = CARTESIAN_POINT('', (12., 62., 207.));
#5206 = AXIS2_PLACEMENT_3D('', #5205, #5204, #5203);
#5207 = CIRCLE('', #5206, 1.2);
#5208 = DIRECTION('', (-0., -0.25881905, -0.96592583));
#5209 = DIRECTION('', (-1., 0., 0.));
#5210 = CARTESIAN_POINT('', (12., 62., 207.));
#5211 = AXIS2_PLACEMENT_3D('', #5210, #5209, #5208);
#5212 = CIRCLE('', #5211, 1.2);
#5213 = DIRECTION('', (1., 0., 0.));
#5214 = VECTOR('', #5213, 1.);
#5215 = CARTESIAN_POINT('', (-12., 60.84088901, 207.31058285));
#5216 = LINE('', #5215, #5214);
#5217 = DIRECTION('', (1., 0., 0.));
#5218 = VECTOR('', #5217, 1.);
#5219 = CARTESIAN_POINT('', (-12., 63.15911099, 206.68941715));
#5220 = LINE('', #5219, #5218);
#5221 = DIRECTION('', (0., -1., 0.));
#5222 = DIRECTION('', (-0., -0., 1.));
#5223 = CARTESIAN_POINT('', (60., -41., 0.));
#5224 = AXIS2_PLACEMENT_3D('', #5223, #5222, #5221);
#5225 = CIRCLE('', #5224, 15.);
#5226 = DIRECTION('', (0., -0., 1.));
#5227 = VECTOR('', #5226, 1.);
#5228 = CARTESIAN_POINT('', (75., -41., 0.));
#5229 = LINE('', #5228, #5227);
#5230 = DIRECTION('', (0., -1., -0.));
#5231 = DIRECTION('', (0., -0., 1.));
#5232 = CARTESIAN_POINT('', (60., -41., 204.));
#5233 = AXIS2_PLACEMENT_3D('', #5232, #5231, #5230);
#5234 = CIRCLE('', #5233, 15.);
#5235 = DIRECTION('', (0., -0., 1.));
#5236 = VECTOR('', #5235, 1.);
#5237 = CARTESIAN_POINT('', (60., -56., 0.));
#5238 = LINE('', #5237, #5236);
#5239 = DIRECTION('', (0., 1., 0.));
#5240 = VECTOR('', #5239, 1.);
#5241 = CARTESIAN_POINT('', (75., -41., 0.));
#5242 = LINE('', #5241, #5240);
#5243 = DIRECTION('', (0., -0., 1.));
#5244 = VECTOR('', #5243, 1.);
#5245 = CARTESIAN_POINT('', (75., 45., 0.));
#5246 = LINE('', #5245, #5244);
#5247 = DIRECTION('', (0., 1., 0.));
#5248 = VECTOR('', #5247, 1.);
#5249 = CARTESIAN_POINT('', (75., -41., 204.));
#5250 = LINE('', #5249, #5248);
#5251 = DIRECTION('', (1., 0., 0.));
#5252 = DIRECTION('', (0., -0., 1.));
#5253 = CARTESIAN_POINT('', (60., 45., 0.));
#5254 = AXIS2_PLACEMENT_3D('', #5253, #5252, #5251);
#5255 = CIRCLE('', #5254, 15.);
#5256 = DIRECTION('', (0., -0., 1.));
#5257 = VECTOR('', #5256, 1.);
#5258 = CARTESIAN_POINT('', (60., 60., 0.));
#5259 = LINE('', #5258, #5257);
#5260 = DIRECTION('', (1., 0., 0.));
#5261 = DIRECTION('', (0., -0., 1.));
#5262 = CARTESIAN_POINT('', (60., 45., 204.));
#5263 = AXIS2_PLACEMENT_3D('', #5262, #5261, #5260);
#5264 = CIRCLE('', #5263, 15.);
#5265 = DIRECTION('', (-1., -0., 0.));
#5266 = VECTOR('', #5265, 1.);
#5267 = CARTESIAN_POINT('', (60., 60., 0.));
#5268 = LINE('', #5267, #5266);
#5269 = DIRECTION('', (0., -0., 1.));
#5270 = VECTOR('', #5269, 1.);
#5271 = CARTESIAN_POINT('', (-60., 60., 0.));
#5272 = LINE('', #5271, #5270);
#5273 = DIRECTION('', (-1., -0., 0.));
#5274 = VECTOR('', #5273, 1.);
#5275 = CARTESIAN_POINT('', (60., 60., 204.));
#5276 = LINE('', #5275, #5274);
#5277 = DIRECTION('', (-0., 1., 0.));
#5278 = DIRECTION('', (0., -0., 1.));
#5279 = CARTESIAN_POINT('', (-60., 45., 0.));
#5280 = AXIS2_PLACEMENT_3D('', #5279, #5278, #5277);
#5281 = CIRCLE('', #5280, 15.);
#5282 = DIRECTION('', (0., -0., 1.));
#5283 = VECTOR('', #5282, 1.);
#5284 = CARTESIAN_POINT('', (-75., 45., 0.));
#5285 = LINE('', #5284, #5283);
#5286 = DIRECTION('', (-0., 1., -0.));
#5287 = DIRECTION('', (-0., 0., 1.));
#5288 = CARTESIAN_POINT('', (-60., 45., 204.));
#5289 = AXIS2_PLACEMENT_3D('', #5288, #5287, #5286);
#5290 = CIRCLE('', #5289, 15.);
#5291 = DIRECTION('', (0., -1., 0.));
#5292 = VECTOR('', #5291, 1.);
#5293 = CARTESIAN_POINT('', (-75., 45., 0.));
#5294 = LINE('', #5293, #5292);
#5295 = DIRECTION('', (0., -0., 1.));
#5296 = VECTOR('', #5295, 1.);
#5297 = CARTESIAN_POINT('', (-75., -41., 0.));
#5298 = LINE('', #5297, #5296);
#5299 = DIRECTION('', (0., -1., 0.));
#5300 = VECTOR('', #5299, 1.);
#5301 = CARTESIAN_POINT('', (-75., 45., 204.));
#5302 = LINE('', #5301, #5300);
#5303 = DIRECTION('', (-1., -0., 0.));
#5304 = DIRECTION('', (0., 0., 1.));
#5305 = CARTESIAN_POINT('', (-60., -41., 0.));
#5306 = AXIS2_PLACEMENT_3D('', #5305, #5304, #5303);
#5307 = CIRCLE('', #5306, 15.);
#5308 = DIRECTION('', (0., -0., 1.));
#5309 = VECTOR('', #5308, 1.);
#5310 = CARTESIAN_POINT('', (-60., -56., 0.));
#5311 = LINE('', #5310, #5309);
#5312 = DIRECTION('', (-1., -0., 0.));
#5313 = DIRECTION('', (0., 0., 1.));
#5314 = CARTESIAN_POINT('', (-60., -41., 204.));
#5315 = AXIS2_PLACEMENT_3D('', #5314, #5313, #5312);
#5316 = CIRCLE('', #5315, 15.);
#5317 = DIRECTION('', (1., -0., 0.));
#5318 = VECTOR('', #5317, 1.);
#5319 = CARTESIAN_POINT('', (-60., -56., 0.));
#5320 = LINE('', #5319, #5318);
#5321 = DIRECTION('', (1., -0., 0.));
#5322 = VECTOR('', #5321, 1.);
#5323 = CARTESIAN_POINT('', (-60., -56., 204.));
#5324 = LINE('', #5323, #5322);
#5325 = DIRECTION('', (-0., -1., 0.));
#5326 = DIRECTION('', (-0., 0., 1.));
#5327 = CARTESIAN_POINT('', (60., -41., 3.));
#5328 = AXIS2_PLACEMENT_3D('', #5327, #5326, #5325);
#5329 = CIRCLE('', #5328, 12.);
#5330 = DIRECTION('', (0., -0., 1.));
#5331 = VECTOR('', #5330, 1.);
#5332 = CARTESIAN_POINT('', (72., -41., 3.));
#5333 = LINE('', #5332, #5331);
#5334 = DIRECTION('', (0., -0., 1.));
#5335 = VECTOR('', #5334, 1.);
#5336 = CARTESIAN_POINT('', (60., -53., 3.));
#5337 = LINE('', #5336, #5335);
#5338 = DIRECTION('', (0., 1., 0.));
#5339 = VECTOR('', #5338, 1.);
#5340 = CARTESIAN_POINT('', (72., -41., 3.));
#5341 = LINE('', #5340, #5339);
#5342 = DIRECTION('', (0., -0., 1.));
#5343 = VECTOR('', #5342, 1.);
#5344 = CARTESIAN_POINT('', (72., 45., 3.));
#5345 = LINE('', #5344, #5343);
#5346 = DIRECTION('', (1., -0., 0.));
#5347 = DIRECTION('', (-0., -0., 1.));
#5348 = CARTESIAN_POINT('', (60., 45., 3.));
#5349 = AXIS2_PLACEMENT_3D('', #5348, #5347, #5346);
#5350 = CIRCLE('', #5349, 12.);
#5351 = DIRECTION('', (0., -0., 1.));
#5352 = VECTOR('', #5351, 1.);
#5353 = CARTESIAN_POINT('', (60., 57., 3.));
#5354 = LINE('', #5353, #5352);
#5355 = DIRECTION('', (-1., -0., 0.));
#5356 = VECTOR('', #5355, 1.);
#5357 = CARTESIAN_POINT('', (60., 57., 3.));
#5358 = LINE('', #5357, #5356);
#5359 = DIRECTION('', (0., -0., 1.));
#5360 = VECTOR('', #5359, 1.);
#5361 = CARTESIAN_POINT('', (-60., 57., 3.));
#5362 = LINE('', #5361, #5360);
#5363 = DIRECTION('', (-0., 1., -0.));
#5364 = DIRECTION('', (-0., 0., 1.));
#5365 = CARTESIAN_POINT('', (-60., 45., 3.));
#5366 = AXIS2_PLACEMENT_3D('', #5365, #5364, #5363);
#5367 = CIRCLE('', #5366, 12.);
#5368 = DIRECTION('', (0., -0., 1.));
#5369 = VECTOR('', #5368, 1.);
#5370 = CARTESIAN_POINT('', (-72., 45., 3.));
#5371 = LINE('', #5370, #5369);
#5372 = DIRECTION('', (0., -1., 0.));
#5373 = VECTOR('', #5372, 1.);
#5374 = CARTESIAN_POINT('', (-72., 45., 3.));
#5375 = LINE('', #5374, #5373);
#5376 = DIRECTION('', (0., -0., 1.));
#5377 = VECTOR('', #5376, 1.);
#5378 = CARTESIAN_POINT('', (-72., -41., 3.));
#5379 = LINE('', #5378, #5377);
#5380 = DIRECTION('', (-1., 0., 0.));
#5381 = DIRECTION('', (0., 0., 1.));
#5382 = CARTESIAN_POINT('', (-60., -41., 3.));
#5383 = AXIS2_PLACEMENT_3D('', #5382, #5381, #5380);
#5384 = CIRCLE('', #5383, 12.);
#5385 = DIRECTION('', (0., -0., 1.));
#5386 = VECTOR('', #5385, 1.);
#5387 = CARTESIAN_POINT('', (-60., -53., 3.));
#5388 = LINE('', #5387, #5386);
#5389 = DIRECTION('', (1., -0., 0.));
#5390 = VECTOR('', #5389, 1.);
#5391 = CARTESIAN_POINT('', (-60., -53., 3.));
#5392 = LINE('', #5391, #5390);
#5393 = DIRECTION('', (1., 0., 0.));
#5394 = DIRECTION('', (0., -0., -1.));
#5395 = CARTESIAN_POINT('', (60., -41., 204.));
#5396 = AXIS2_PLACEMENT_3D('', #5395, #5394, #5393);
#5397 = CIRCLE('', #5396, 12.);
#5398 = DIRECTION('', (0., 1., 0.));
#5399 = VECTOR('', #5398, 1.);
#5400 = CARTESIAN_POINT('', (72., -41., 204.));
#5401 = LINE('', #5400, #5399);
#5402 = DIRECTION('', (1., 0., -0.));
#5403 = DIRECTION('', (0., 0., 1.));
#5404 = CARTESIAN_POINT('', (60., 45., 204.));
#5405 = AXIS2_PLACEMENT_3D('', #5404, #5403, #5402);
#5406 = CIRCLE('', #5405, 12.);
#5407 = DIRECTION('', (-1., -0., 0.));
#5408 = VECTOR('', #5407, 1.);
#5409 = CARTESIAN_POINT('', (60., 57., 204.));
#5410 = LINE('', #5409, #5408);
#5411 = DIRECTION('', (0., 1., 0.));
#5412 = DIRECTION('', (0., -0., 1.));
#5413 = CARTESIAN_POINT('', (-60., 45., 204.));
#5414 = AXIS2_PLACEMENT_3D('', #5413, #5412, #5411);
#5415 = CIRCLE('', #5414, 12.);
#5416 = DIRECTION('', (0., -1., 0.));
#5417 = VECTOR('', #5416, 1.);
#5418 = CARTESIAN_POINT('', (-72., 45., 204.));
#5419 = LINE('', #5418, #5417);
#5420 = DIRECTION('', (-0., -1., 0.));
#5421 = DIRECTION('', (-0., -0., -1.));
#5422 = CARTESIAN_POINT('', (-60., -41., 204.));
#5423 = AXIS2_PLACEMENT_3D('', #5422, #5421, #5420);
#5424 = CIRCLE('', #5423, 12.);
#5425 = DIRECTION('', (1., -0., 0.));
#5426 = VECTOR('', #5425, 1.);
#5427 = CARTESIAN_POINT('', (-60., -53., 204.));
#5428 = LINE('', #5427, #5426);
#5429 = DIRECTION('', (1., -0., 0.));
#5430 = DIRECTION('', (0., 1., -0.));
#5431 = CARTESIAN_POINT('', (46., -56., 10.));
#5432 = AXIS2_PLACEMENT_3D('', #5431, #5430, #5429);
#5433 = CIRCLE('', #5432, 6.);
#5434 = DIRECTION('', (0., -0., 1.));
#5435 = VECTOR('', #5434, 1.);
#5436 = CARTESIAN_POINT('', (52., -56., 10.));
#5437 = LINE('', #5436, #5435);
#5438 = DIRECTION('', (1., -0., -0.));
#5439 = DIRECTION('', (-0., -1., -0.));
#5440 = CARTESIAN_POINT('', (46., -56., 66.));
#5441 = AXIS2_PLACEMENT_3D('', #5440, #5439, #5438);
#5442 = CIRCLE('', #5441, 6.);
#5443 = DIRECTION('', (-1., -0., 0.));
#5444 = VECTOR('', #5443, 1.);
#5445 = CARTESIAN_POINT('', (46., -56., 72.));
#5446 = LINE('', #5445, #5444);
#5447 = DIRECTION('', (-0., -0., 1.));
#5448 = DIRECTION('', (0., -1., -0.));
#5449 = CARTESIAN_POINT('', (-46., -56., 66.));
#5450 = AXIS2_PLACEMENT_3D('', #5449, #5448, #5447);
#5451 = CIRCLE('', #5450, 6.);
#5452 = DIRECTION('', (0., -0., -1.));
#5453 = VECTOR('', #5452, 1.);
#5454 = CARTESIAN_POINT('', (-52., -56., 66.));
#5455 = LINE('', #5454, #5453);
#5456 = DIRECTION('', (-0., -0., -1.));
#5457 = DIRECTION('', (-0., 1., -0.));
#5458 = CARTESIAN_POINT('', (-46., -56., 10.));
#5459 = AXIS2_PLACEMENT_3D('', #5458, #5457, #5456);
#5460 = CIRCLE('', #5459, 6.);
#5461 = DIRECTION('', (1., -0., 0.));
#5462 = VECTOR('', #5461, 1.);
#5463 = CARTESIAN_POINT('', (-46., -56., 4.));
#5464 = LINE('', #5463, #5462);
#5465 = DIRECTION('', (1., 0., -0.));
#5466 = DIRECTION('', (-0., 1., 0.));
#5467 = CARTESIAN_POINT('', (46., -53., 10.));
#5468 = AXIS2_PLACEMENT_3D('', #5467, #5466, #5465);
#5469 = CIRCLE('', #5468, 6.);
#5470 = DIRECTION('', (0., -0., 1.));
#5471 = VECTOR('', #5470, 1.);
#5472 = CARTESIAN_POINT('', (52., -53., 10.));
#5473 = LINE('', #5472, #5471);
#5474 = DIRECTION('', (1., 0., 0.));
#5475 = DIRECTION('', (0., -1., 0.));
#5476 = CARTESIAN_POINT('', (46., -53., 66.));
#5477 = AXIS2_PLACEMENT_3D('', #5476, #5475, #5474);
#5478 = CIRCLE('', #5477, 6.);
#5479 = DIRECTION('', (-1., -0., 0.));
#5480 = VECTOR('', #5479, 1.);
#5481 = CARTESIAN_POINT('', (46., -53., 72.));
#5482 = LINE('', #5481, #5480);
#5483 = DIRECTION('', (0., 0., 1.));
#5484 = DIRECTION('', (0., -1., 0.));
#5485 = CARTESIAN_POINT('', (-46., -53., 66.));
#5486 = AXIS2_PLACEMENT_3D('', #5485, #5484, #5483);
#5487 = CIRCLE('', #5486, 6.);
#5488 = DIRECTION('', (0., -0., -1.));
#5489 = VECTOR('', #5488, 1.);
#5490 = CARTESIAN_POINT('', (-52., -53., 66.));
#5491 = LINE('', #5490, #5489);
#5492 = DIRECTION('', (-0., 0., -1.));
#5493 = DIRECTION('', (0., 1., 0.));
#5494 = CARTESIAN_POINT('', (-46., -53., 10.));
#5495 = AXIS2_PLACEMENT_3D('', #5494, #5493, #5492);
#5496 = CIRCLE('', #5495, 6.);
#5497 = DIRECTION('', (1., -0., 0.));
#5498 = VECTOR('', #5497, 1.);
#5499 = CARTESIAN_POINT('', (-46., -53., 4.));
#5500 = LINE('', #5499, #5498);
#5501 = DIRECTION('', (0., -1., 0.));
#5502 = VECTOR('', #5501, 1.);
#5503 = CARTESIAN_POINT('', (-46., -53., 4.));
#5504 = LINE('', #5503, #5502);
#5505 = DIRECTION('', (0., -1., 0.));
#5506 = VECTOR('', #5505, 1.);
#5507 = CARTESIAN_POINT('', (-52., -53., 10.));
#5508 = LINE('', #5507, #5506);
#5509 = DIRECTION('', (0., -1., 0.));
#5510 = VECTOR('', #5509, 1.);
#5511 = CARTESIAN_POINT('', (-52., -53., 66.));
#5512 = LINE('', #5511, #5510);
#5513 = DIRECTION('', (-0., -1., 0.));
#5514 = VECTOR('', #5513, 1.);
#5515 = CARTESIAN_POINT('', (52., -53., 10.));
#5516 = LINE('', #5515, #5514);
#5517 = DIRECTION('', (0., -1., 0.));
#5518 = VECTOR('', #5517, 1.);
#5519 = CARTESIAN_POINT('', (46., -53., 4.));
#5520 = LINE('', #5519, #5518);
#5521 = DIRECTION('', (0., -1., 0.));
#5522 = VECTOR('', #5521, 1.);
#5523 = CARTESIAN_POINT('', (52., -53., 66.));
#5524 = LINE('', #5523, #5522);
#5525 = DIRECTION('', (0., -1., 0.));
#5526 = VECTOR('', #5525, 1.);
#5527 = CARTESIAN_POINT('', (46., -53., 72.));
#5528 = LINE('', #5527, #5526);
#5529 = DIRECTION('', (0., -1., 0.));
#5530 = VECTOR('', #5529, 1.);
#5531 = CARTESIAN_POINT('', (-46., -53., 72.));
#5532 = LINE('', #5531, #5530);
#5533 = DIRECTION('', (1., 0., -0.));
#5534 = DIRECTION('', (0., 1., 0.));
#5535 = CARTESIAN_POINT('', (43.2, -56., 127.8));
#5536 = AXIS2_PLACEMENT_3D('', #5535, #5534, #5533);
#5537 = CIRCLE('', #5536, 3.);
#5538 = DIRECTION('', (0., -0., 1.));
#5539 = VECTOR('', #5538, 1.);
#5540 = CARTESIAN_POINT('', (46.2, -56., 127.8));
#5541 = LINE('', #5540, #5539);
#5542 = DIRECTION('', (1., 0., 0.));
#5543 = DIRECTION('', (0., -1., 0.));
#5544 = CARTESIAN_POINT('', (43.2, -56., 166.2));
#5545 = AXIS2_PLACEMENT_3D('', #5544, #5543, #5542);
#5546 = CIRCLE('', #5545, 3.);
#5547 = DIRECTION('', (-1., -0., 0.));
#5548 = VECTOR('', #5547, 1.);
#5549 = CARTESIAN_POINT('', (43.2, -56., 169.2));
#5550 = LINE('', #5549, #5548);
#5551 = DIRECTION('', (-0., -0., 1.));
#5552 = DIRECTION('', (0., -1., -0.));
#5553 = CARTESIAN_POINT('', (-43.2, -56., 166.2));
#5554 = AXIS2_PLACEMENT_3D('', #5553, #5552, #5551);
#5555 = CIRCLE('', #5554, 3.);
#5556 = DIRECTION('', (0., -0., -1.));
#5557 = VECTOR('', #5556, 1.);
#5558 = CARTESIAN_POINT('', (-46.2, -56., 166.2));
#5559 = LINE('', #5558, #5557);
#5560 = DIRECTION('', (0., 0., -1.));
#5561 = DIRECTION('', (0., 1., 0.));
#5562 = CARTESIAN_POINT('', (-43.2, -56., 127.8));
#5563 = AXIS2_PLACEMENT_3D('', #5562, #5561, #5560);
#5564 = CIRCLE('', #5563, 3.);
#5565 = DIRECTION('', (1., -0., 0.));
#5566 = VECTOR('', #5565, 1.);
#5567 = CARTESIAN_POINT('', (-43.2, -56., 124.8));
#5568 = LINE('', #5567, #5566);
#5569 = DIRECTION('', (1., 0., -0.));
#5570 = DIRECTION('', (0., 1., 0.));
#5571 = CARTESIAN_POINT('', (43.2, -53., 127.8));
#5572 = AXIS2_PLACEMENT_3D('', #5571, #5570, #5569);
#5573 = CIRCLE('', #5572, 3.);
#5574 = DIRECTION('', (0., -0., 1.));
#5575 = VECTOR('', #5574, 1.);
#5576 = CARTESIAN_POINT('', (46.2, -53., 127.8));
#5577 = LINE('', #5576, #5575);
#5578 = DIRECTION('', (1., 0., 0.));
#5579 = DIRECTION('', (0., -1., 0.));
#5580 = CARTESIAN_POINT('', (43.2, -53., 166.2));
#5581 = AXIS2_PLACEMENT_3D('', #5580, #5579, #5578);
#5582 = CIRCLE('', #5581, 3.);
#5583 = DIRECTION('', (-1., -0., 0.));
#5584 = VECTOR('', #5583, 1.);
#5585 = CARTESIAN_POINT('', (43.2, -53., 169.2));
#5586 = LINE('', #5585, #5584);
#5587 = DIRECTION('', (-0., -0., 1.));
#5588 = DIRECTION('', (0., -1., -0.));
#5589 = CARTESIAN_POINT('', (-43.2, -53., 166.2));
#5590 = AXIS2_PLACEMENT_3D('', #5589, #5588, #5587);
#5591 = CIRCLE('', #5590, 3.);
#5592 = DIRECTION('', (0., -0., -1.));
#5593 = VECTOR('', #5592, 1.);
#5594 = CARTESIAN_POINT('', (-46.2, -53., 166.2));
#5595 = LINE('', #5594, #5593);
#5596 = DIRECTION('', (-0., 0., -1.));
#5597 = DIRECTION('', (0., 1., 0.));
#5598 = CARTESIAN_POINT('', (-43.2, -53., 127.8));
#5599 = AXIS2_PLACEMENT_3D('', #5598, #5597, #5596);
#5600 = CIRCLE('', #5599, 3.);
#5601 = DIRECTION('', (1., -0., 0.));
#5602 = VECTOR('', #5601, 1.);
#5603 = CARTESIAN_POINT('', (-43.2, -53., 124.8));
#5604 = LINE('', #5603, #5602);
#5605 = DIRECTION('', (0., -1., 0.));
#5606 = VECTOR('', #5605, 1.);
#5607 = CARTESIAN_POINT('', (-43.2, -53., 124.8));
#5608 = LINE('', #5607, #5606);
#5609 = DIRECTION('', (0., -1., 0.));
#5610 = VECTOR('', #5609, 1.);
#5611 = CARTESIAN_POINT('', (-46.2, -53., 127.8));
#5612 = LINE('', #5611, #5610);
#5613 = DIRECTION('', (0., -1., 0.));
#5614 = VECTOR('', #5613, 1.);
#5615 = CARTESIAN_POINT('', (-46.2, -53., 166.2));
#5616 = LINE('', #5615, #5614);
#5617 = DIRECTION('', (0., -1., 0.));
#5618 = VECTOR('', #5617, 1.);
#5619 = CARTESIAN_POINT('', (46.2, -53., 127.8));
#5620 = LINE('', #5619, #5618);
#5621 = DIRECTION('', (0., -1., 0.));
#5622 = VECTOR('', #5621, 1.);
#5623 = CARTESIAN_POINT('', (43.2, -53., 124.8));
#5624 = LINE('', #5623, #5622);
#5625 = DIRECTION('', (0., -1., 0.));
#5626 = VECTOR('', #5625, 1.);
#5627 = CARTESIAN_POINT('', (46.2, -53., 166.2));
#5628 = LINE('', #5627, #5626);
#5629 = DIRECTION('', (0., -1., 0.));
#5630 = VECTOR('', #5629, 1.);
#5631 = CARTESIAN_POINT('', (43.2, -53., 169.2));
#5632 = LINE('', #5631, #5630);
#5633 = DIRECTION('', (0., -1., 0.));
#5634 = VECTOR('', #5633, 1.);
#5635 = CARTESIAN_POINT('', (-43.2, -53., 169.2));
#5636 = LINE('', #5635, #5634);
#5637 = DIRECTION('', (1., 0., 0.));
#5638 = DIRECTION('', (0., -1., -0.));
#5639 = CARTESIAN_POINT('', (-28., -53., 94.));
#5640 = AXIS2_PLACEMENT_3D('', #5639, #5638, #5637);
#5641 = CIRCLE('', #5640, 12.50000001);
#5642 = DIRECTION('', (1., 0., -0.));
#5643 = DIRECTION('', (-0., 1., 0.));
#5644 = CARTESIAN_POINT('', (-28., -53., 94.));
#5645 = AXIS2_PLACEMENT_3D('', #5644, #5643, #5642);
#5646 = CIRCLE('', #5645, 12.50000001);
#5647 = DIRECTION('', (-0., 0., -1.));
#5648 = DIRECTION('', (0., 1., 0.));
#5649 = CARTESIAN_POINT('', (-28., -53., 94.));
#5650 = AXIS2_PLACEMENT_3D('', #5649, #5648, #5647);
#5651 = CIRCLE('', #5650, 12.50000001);
#5652 = DIRECTION('', (-0., 0., 1.));
#5653 = DIRECTION('', (-0., -1., 0.));
#5654 = CARTESIAN_POINT('', (-28., -53., 94.));
#5655 = AXIS2_PLACEMENT_3D('', #5654, #5653, #5652);
#5656 = CIRCLE('', #5655, 12.50000001);
#5657 = DIRECTION('', (0., -1., 0.));
#5658 = VECTOR('', #5657, 1.);
#5659 = CARTESIAN_POINT('', (-40.50000001, -53., 94.));
#5660 = LINE('', #5659, #5658);
#5661 = DIRECTION('', (0., -1., 0.));
#5662 = VECTOR('', #5661, 1.);
#5663 = CARTESIAN_POINT('', (-15.49999999, -53., 94.));
#5664 = LINE('', #5663, #5662);
#5665 = DIRECTION('', (1., 0., 0.));
#5666 = DIRECTION('', (0., -1., 0.));
#5667 = CARTESIAN_POINT('', (-28., -54.5, 94.));
#5668 = AXIS2_PLACEMENT_3D('', #5667, #5666, #5665);
#5669 = CIRCLE('', #5668, 15.4);
#5670 = DIRECTION('', (0., -1., 0.));
#5671 = VECTOR('', #5670, 1.);
#5672 = CARTESIAN_POINT('', (-12.6, -54.5, 94.));
#5673 = LINE('', #5672, #5671);
#5674 = DIRECTION('', (-1., 0., 0.));
#5675 = DIRECTION('', (-0., -1., -0.));
#5676 = CARTESIAN_POINT('', (-28., -54.5, 94.));
#5677 = AXIS2_PLACEMENT_3D('', #5676, #5675, #5674);
#5678 = CIRCLE('', #5677, 15.4);
#5679 = DIRECTION('', (0., -1., 0.));
#5680 = VECTOR('', #5679, 1.);
#5681 = CARTESIAN_POINT('', (-43.4, -54.5, 94.));
#5682 = LINE('', #5681, #5680);
#5683 = DIRECTION('', (1., 0., 0.));
#5684 = DIRECTION('', (0., -1., -0.));
#5685 = CARTESIAN_POINT('', (-28., -56., 94.));
#5686 = AXIS2_PLACEMENT_3D('', #5685, #5684, #5683);
#5687 = CIRCLE('', #5686, 15.4);
#5688 = DIRECTION('', (1., 0., 0.));
#5689 = DIRECTION('', (-0., 1., 0.));
#5690 = CARTESIAN_POINT('', (-28., -56., 94.));
#5691 = AXIS2_PLACEMENT_3D('', #5690, #5689, #5688);
#5692 = CIRCLE('', #5691, 15.4);
#5693 = DIRECTION('', (1., -0., 0.));
#5694 = DIRECTION('', (-0., -1., -0.));
#5695 = CARTESIAN_POINT('', (-28., -54.5, 94.));
#5696 = AXIS2_PLACEMENT_3D('', #5695, #5694, #5693);
#5697 = CIRCLE('', #5696, 12.50000001);
#5698 = DIRECTION('', (1., 0., -0.));
#5699 = DIRECTION('', (0., 1., 0.));
#5700 = CARTESIAN_POINT('', (-28., -54.5, 94.));
#5701 = AXIS2_PLACEMENT_3D('', #5700, #5699, #5698);
#5702 = CIRCLE('', #5701, 12.50000001);
#5703 = DIRECTION('', (0., 0., -1.));
#5704 = DIRECTION('', (0., 1., 0.));
#5705 = CARTESIAN_POINT('', (-28., -56., 94.));
#5706 = AXIS2_PLACEMENT_3D('', #5705, #5704, #5703);
#5707 = CIRCLE('', #5706, 15.4);
#5708 = DIRECTION('', (-0., 0., 1.));
#5709 = DIRECTION('', (-0., -1., 0.));
#5710 = CARTESIAN_POINT('', (-28., -56., 94.));
#5711 = AXIS2_PLACEMENT_3D('', #5710, #5709, #5708);
#5712 = CIRCLE('', #5711, 15.4);
#5713 = DIRECTION('', (-0., -0., -1.));
#5714 = DIRECTION('', (-0., 1., -0.));
#5715 = CARTESIAN_POINT('', (-28., -54.5, 94.));
#5716 = AXIS2_PLACEMENT_3D('', #5715, #5714, #5713);
#5717 = CIRCLE('', #5716, 12.50000001);
#5718 = DIRECTION('', (0., 0., 1.));
#5719 = DIRECTION('', (-0., -1., 0.));
#5720 = CARTESIAN_POINT('', (-28., -54.5, 94.));
#5721 = AXIS2_PLACEMENT_3D('', #5720, #5719, #5718);
#5722 = CIRCLE('', #5721, 12.50000001);
#5723 = DIRECTION('', (1., 0., -0.));
#5724 = DIRECTION('', (-0., 1., 0.));
#5725 = CARTESIAN_POINT('', (41., -56., 87.));
#5726 = AXIS2_PLACEMENT_3D('', #5725, #5724, #5723);
#5727 = CIRCLE('', #5726, 3.);
#5728 = DIRECTION('', (0., -0., 1.));
#5729 = VECTOR('', #5728, 1.);
#5730 = CARTESIAN_POINT('', (44., -56., 87.));
#5731 = LINE('', #5730, #5729);
#5732 = DIRECTION('', (1., 0., 0.));
#5733 = DIRECTION('', (0., -1., 0.));
#5734 = CARTESIAN_POINT('', (41., -56., 101.));
#5735 = AXIS2_PLACEMENT_3D('', #5734, #5733, #5732);
#5736 = CIRCLE('', #5735, 3.);
#5737 = DIRECTION('', (-1., -0., -0.));
#5738 = VECTOR('', #5737, 1.);
#5739 = CARTESIAN_POINT('', (41., -56., 104.));
#5740 = LINE('', #5739, #5738);
#5741 = DIRECTION('', (-0., 0., 1.));
#5742 = DIRECTION('', (-0., -1., 0.));
#5743 = CARTESIAN_POINT('', (15., -56., 101.));
#5744 = AXIS2_PLACEMENT_3D('', #5743, #5742, #5741);
#5745 = CIRCLE('', #5744, 3.);
#5746 = DIRECTION('', (0., -0., -1.));
#5747 = VECTOR('', #5746, 1.);
#5748 = CARTESIAN_POINT('', (12., -56., 101.));
#5749 = LINE('', #5748, #5747);
#5750 = DIRECTION('', (-0., -0., -1.));
#5751 = DIRECTION('', (-0., 1., -0.));
#5752 = CARTESIAN_POINT('', (15., -56., 87.));
#5753 = AXIS2_PLACEMENT_3D('', #5752, #5751, #5750);
#5754 = CIRCLE('', #5753, 3.);
#5755 = DIRECTION('', (1., -0., 0.));
#5756 = VECTOR('', #5755, 1.);
#5757 = CARTESIAN_POINT('', (15., -56., 84.));
#5758 = LINE('', #5757, #5756);
#5759 = DIRECTION('', (1., 0., -0.));
#5760 = DIRECTION('', (-0., 1., 0.));
#5761 = CARTESIAN_POINT('', (41., -53., 87.));
#5762 = AXIS2_PLACEMENT_3D('', #5761, #5760, #5759);
#5763 = CIRCLE('', #5762, 3.);
#5764 = DIRECTION('', (0., -0., 1.));
#5765 = VECTOR('', #5764, 1.);
#5766 = CARTESIAN_POINT('', (44., -53., 87.));
#5767 = LINE('', #5766, #5765);
#5768 = DIRECTION('', (1., -0., 0.));
#5769 = DIRECTION('', (-0., -1., -0.));
#5770 = CARTESIAN_POINT('', (41., -53., 101.));
#5771 = AXIS2_PLACEMENT_3D('', #5770, #5769, #5768);
#5772 = CIRCLE('', #5771, 3.);
#5773 = DIRECTION('', (-1., -0., -0.));
#5774 = VECTOR('', #5773, 1.);
#5775 = CARTESIAN_POINT('', (41., -53., 104.));
#5776 = LINE('', #5775, #5774);
#5777 = DIRECTION('', (-0., 0., 1.));
#5778 = DIRECTION('', (-0., -1., 0.));
#5779 = CARTESIAN_POINT('', (15., -53., 101.));
#5780 = AXIS2_PLACEMENT_3D('', #5779, #5778, #5777);
#5781 = CIRCLE('', #5780, 3.);
#5782 = DIRECTION('', (0., -0., -1.));
#5783 = VECTOR('', #5782, 1.);
#5784 = CARTESIAN_POINT('', (12., -53., 101.));
#5785 = LINE('', #5784, #5783);
#5786 = DIRECTION('', (-0., 0., -1.));
#5787 = DIRECTION('', (0., 1., 0.));
#5788 = CARTESIAN_POINT('', (15., -53., 87.));
#5789 = AXIS2_PLACEMENT_3D('', #5788, #5787, #5786);
#5790 = CIRCLE('', #5789, 3.);
#5791 = DIRECTION('', (1., -0., 0.));
#5792 = VECTOR('', #5791, 1.);
#5793 = CARTESIAN_POINT('', (15., -53., 84.));
#5794 = LINE('', #5793, #5792);
#5795 = DIRECTION('', (0., -1., 0.));
#5796 = VECTOR('', #5795, 1.);
#5797 = CARTESIAN_POINT('', (15., -53., 84.));
#5798 = LINE('', #5797, #5796);
#5799 = DIRECTION('', (0., -1., 0.));
#5800 = VECTOR('', #5799, 1.);
#5801 = CARTESIAN_POINT('', (12., -53., 87.));
#5802 = LINE('', #5801, #5800);
#5803 = DIRECTION('', (0., -1., 0.));
#5804 = VECTOR('', #5803, 1.);
#5805 = CARTESIAN_POINT('', (12., -53., 101.));
#5806 = LINE('', #5805, #5804);
#5807 = DIRECTION('', (0., -1., 0.));
#5808 = VECTOR('', #5807, 1.);
#5809 = CARTESIAN_POINT('', (44., -53., 87.));
#5810 = LINE('', #5809, #5808);
#5811 = DIRECTION('', (0., -1., 0.));
#5812 = VECTOR('', #5811, 1.);
#5813 = CARTESIAN_POINT('', (41., -53., 84.));
#5814 = LINE('', #5813, #5812);
#5815 = DIRECTION('', (0., -1., 0.));
#5816 = VECTOR('', #5815, 1.);
#5817 = CARTESIAN_POINT('', (44., -53., 101.));
#5818 = LINE('', #5817, #5816);
#5819 = DIRECTION('', (0., -1., 0.));
#5820 = VECTOR('', #5819, 1.);
#5821 = CARTESIAN_POINT('', (41., -53., 104.));
#5822 = LINE('', #5821, #5820);
#5823 = DIRECTION('', (0., -1., 0.));
#5824 = VECTOR('', #5823, 1.);
#5825 = CARTESIAN_POINT('', (15., -53., 104.));
#5826 = LINE('', #5825, #5824);
#5827 = DIRECTION('', (1., 0., 0.));
#5828 = DIRECTION('', (0., -1., 0.));
#5829 = CARTESIAN_POINT('', (0., -56., 188.));
#5830 = AXIS2_PLACEMENT_3D('', #5829, #5828, #5827);
#5831 = CIRCLE('', #5830, 5.);
#5832 = DIRECTION('', (1., -0., -0.));
#5833 = DIRECTION('', (0., 1., -0.));
#5834 = CARTESIAN_POINT('', (-0., -56., 188.));
#5835 = AXIS2_PLACEMENT_3D('', #5834, #5833, #5832);
#5836 = CIRCLE('', #5835, 5.);
#5837 = DIRECTION('', (1., -0., 0.));
#5838 = DIRECTION('', (-0., -1., -0.));
#5839 = CARTESIAN_POINT('', (-0., -53., 188.));
#5840 = AXIS2_PLACEMENT_3D('', #5839, #5838, #5837);
#5841 = CIRCLE('', #5840, 5.);
#5842 = DIRECTION('', (1., 0., -0.));
#5843 = DIRECTION('', (-0., 1., 0.));
#5844 = CARTESIAN_POINT('', (-0., -53., 188.));
#5845 = AXIS2_PLACEMENT_3D('', #5844, #5843, #5842);
#5846 = CIRCLE('', #5845, 5.);
#5847 = DIRECTION('', (0.00000001, 0., -1.));
#5848 = DIRECTION('', (-0., 1., -0.));
#5849 = CARTESIAN_POINT('', (0., -56., 188.));
#5850 = AXIS2_PLACEMENT_3D('', #5849, #5848, #5847);
#5851 = CIRCLE('', #5850, 5.);
#5852 = DIRECTION('', (0., -0., 1.));
#5853 = DIRECTION('', (0., -1., -0.));
#5854 = CARTESIAN_POINT('', (-0., -56., 188.));
#5855 = AXIS2_PLACEMENT_3D('', #5854, #5853, #5852);
#5856 = CIRCLE('', #5855, 5.);
#5857 = DIRECTION('', (0.00000001, -0., -1.));
#5858 = DIRECTION('', (-0., 1., -0.));
#5859 = CARTESIAN_POINT('', (0., -53., 188.));
#5860 = AXIS2_PLACEMENT_3D('', #5859, #5858, #5857);
#5861 = CIRCLE('', #5860, 5.);
#5862 = DIRECTION('', (0., 0., 1.));
#5863 = DIRECTION('', (-0., -1., 0.));
#5864 = CARTESIAN_POINT('', (0., -53., 188.));
#5865 = AXIS2_PLACEMENT_3D('', #5864, #5863, #5862);
#5866 = CIRCLE('', #5865, 5.);
#5867 = DIRECTION('', (0., -1., 0.));
#5868 = VECTOR('', #5867, 1.);
#5869 = CARTESIAN_POINT('', (-5., -53., 188.));
#5870 = LINE('', #5869, #5868);
#5871 = DIRECTION('', (0., -1., 0.));
#5872 = VECTOR('', #5871, 1.);
#5873 = CARTESIAN_POINT('', (5., -53., 188.));
#5874 = LINE('', #5873, #5872);
#5875 = DIRECTION('', (-0., -1., 0.));
#5876 = DIRECTION('', (0., 0., 1.));
#5877 = CARTESIAN_POINT('', (-29.5, -47., 5.));
#5878 = AXIS2_PLACEMENT_3D('', #5877, #5876, #5875);
#5879 = CIRCLE('', #5878, 2.);
#5880 = DIRECTION('', (-0., 1., 0.));
#5881 = VECTOR('', #5880, 1.);
#5882 = CARTESIAN_POINT('', (-27.5, -47., 5.));
#5883 = LINE('', #5882, #5881);
#5884 = DIRECTION('', (1., -0., 0.));
#5885 = DIRECTION('', (-0., -0., 1.));
#5886 = CARTESIAN_POINT('', (-29.5, -13., 5.));
#5887 = AXIS2_PLACEMENT_3D('', #5886, #5885, #5884);
#5888 = CIRCLE('', #5887, 2.);
#5889 = DIRECTION('', (-1., -0., 0.));
#5890 = VECTOR('', #5889, 1.);
#5891 = CARTESIAN_POINT('', (-29.5, -11., 5.));
#5892 = LINE('', #5891, #5890);
#5893 = DIRECTION('', (0., 1., 0.));
#5894 = DIRECTION('', (0., -0., 1.));
#5895 = CARTESIAN_POINT('', (-30.5, -13., 5.));
#5896 = AXIS2_PLACEMENT_3D('', #5895, #5894, #5893);
#5897 = CIRCLE('', #5896, 2.);
#5898 = DIRECTION('', (0., -1., 0.));
#5899 = VECTOR('', #5898, 1.);
#5900 = CARTESIAN_POINT('', (-32.5, -13., 5.));
#5901 = LINE('', #5900, #5899);
#5902 = DIRECTION('', (-1., -0., 0.));
#5903 = DIRECTION('', (0., 0., 1.));
#5904 = CARTESIAN_POINT('', (-30.5, -47., 5.));
#5905 = AXIS2_PLACEMENT_3D('', #5904, #5903, #5902);
#5906 = CIRCLE('', #5905, 2.);
#5907 = DIRECTION('', (1., 0., 0.));
#5908 = VECTOR('', #5907, 1.);
#5909 = CARTESIAN_POINT('', (-30.5, -49., 5.));
#5910 = LINE('', #5909, #5908);
#5911 = DIRECTION('', (1., -0., -0.));
#5912 = DIRECTION('', (-0., 0., -1.));
#5913 = CARTESIAN_POINT('', (-29.5, -47., 3.));
#5914 = AXIS2_PLACEMENT_3D('', #5913, #5912, #5911);
#5915 = CIRCLE('', #5914, 2.);
#5916 = DIRECTION('', (-0., 1., 0.));
#5917 = VECTOR('', #5916, 1.);
#5918 = CARTESIAN_POINT('', (-27.5, -47., 3.));
#5919 = LINE('', #5918, #5917);
#5920 = DIRECTION('', (1., 0., 0.));
#5921 = DIRECTION('', (-0., -0., 1.));
#5922 = CARTESIAN_POINT('', (-29.5, -13., 3.));
#5923 = AXIS2_PLACEMENT_3D('', #5922, #5921, #5920);
#5924 = CIRCLE('', #5923, 2.);
#5925 = DIRECTION('', (-1., -0., 0.));
#5926 = VECTOR('', #5925, 1.);
#5927 = CARTESIAN_POINT('', (-29.5, -11., 3.));
#5928 = LINE('', #5927, #5926);
#5929 = DIRECTION('', (0., 1., 0.));
#5930 = DIRECTION('', (0., -0., 1.));
#5931 = CARTESIAN_POINT('', (-30.5, -13., 3.));
#5932 = AXIS2_PLACEMENT_3D('', #5931, #5930, #5929);
#5933 = CIRCLE('', #5932, 2.);
#5934 = DIRECTION('', (0., -1., 0.));
#5935 = VECTOR('', #5934, 1.);
#5936 = CARTESIAN_POINT('', (-32.5, -13., 3.));
#5937 = LINE('', #5936, #5935);
#5938 = DIRECTION('', (-0., -1., -0.));
#5939 = DIRECTION('', (0., 0., -1.));
#5940 = CARTESIAN_POINT('', (-30.5, -47., 3.));
#5941 = AXIS2_PLACEMENT_3D('', #5940, #5939, #5938);
#5942 = CIRCLE('', #5941, 2.);
#5943 = DIRECTION('', (1., 0., 0.));
#5944 = VECTOR('', #5943, 1.);
#5945 = CARTESIAN_POINT('', (-30.5, -49., 3.));
#5946 = LINE('', #5945, #5944);
#5947 = DIRECTION('', (0., -0., 1.));
#5948 = VECTOR('', #5947, 1.);
#5949 = CARTESIAN_POINT('', (-30.5, -49., 3.));
#5950 = LINE('', #5949, #5948);
#5951 = DIRECTION('', (0., -0., 1.));
#5952 = VECTOR('', #5951, 1.);
#5953 = CARTESIAN_POINT('', (-32.5, -47., 3.));
#5954 = LINE('', #5953, #5952);
#5955 = DIRECTION('', (0., -0., 1.));
#5956 = VECTOR('', #5955, 1.);
#5957 = CARTESIAN_POINT('', (-32.5, -13., 3.));
#5958 = LINE('', #5957, #5956);
#5959 = DIRECTION('', (0., -0., 1.));
#5960 = VECTOR('', #5959, 1.);
#5961 = CARTESIAN_POINT('', (-30.5, -11., 3.));
#5962 = LINE('', #5961, #5960);
#5963 = DIRECTION('', (0., -0., 1.));
#5964 = VECTOR('', #5963, 1.);
#5965 = CARTESIAN_POINT('', (-29.5, -11., 3.));
#5966 = LINE('', #5965, #5964);
#5967 = DIRECTION('', (0., -0., 1.));
#5968 = VECTOR('', #5967, 1.);
#5969 = CARTESIAN_POINT('', (-27.5, -13., 3.));
#5970 = LINE('', #5969, #5968);
#5971 = DIRECTION('', (0., -0., 1.));
#5972 = VECTOR('', #5971, 1.);
#5973 = CARTESIAN_POINT('', (-29.5, -49., 3.));
#5974 = LINE('', #5973, #5972);
#5975 = DIRECTION('', (0., -0., 1.));
#5976 = VECTOR('', #5975, 1.);
#5977 = CARTESIAN_POINT('', (-27.5, -47., 3.));
#5978 = LINE('', #5977, #5976);
#5979 = DIRECTION('', (-0., -1., 0.));
#5980 = DIRECTION('', (0., 0., 1.));
#5981 = CARTESIAN_POINT('', (30.5, -47., 5.));
#5982 = AXIS2_PLACEMENT_3D('', #5981, #5980, #5979);
#5983 = CIRCLE('', #5982, 2.);
#5984 = DIRECTION('', (-0., 1., 0.));
#5985 = VECTOR('', #5984, 1.);
#5986 = CARTESIAN_POINT('', (32.5, -47., 5.));
#5987 = LINE('', #5986, #5985);
#5988 = DIRECTION('', (1., -0., 0.));
#5989 = DIRECTION('', (-0., -0., 1.));
#5990 = CARTESIAN_POINT('', (30.5, -13., 5.));
#5991 = AXIS2_PLACEMENT_3D('', #5990, #5989, #5988);
#5992 = CIRCLE('', #5991, 2.);
#5993 = DIRECTION('', (-1., -0., 0.));
#5994 = VECTOR('', #5993, 1.);
#5995 = CARTESIAN_POINT('', (30.5, -11., 5.));
#5996 = LINE('', #5995, #5994);
#5997 = DIRECTION('', (0., 1., 0.));
#5998 = DIRECTION('', (0., -0., 1.));
#5999 = CARTESIAN_POINT('', (29.5, -13., 5.));
#6000 = AXIS2_PLACEMENT_3D('', #5999, #5998, #5997);
#6001 = CIRCLE('', #6000, 2.);
#6002 = DIRECTION('', (0., -1., 0.));
#6003 = VECTOR('', #6002, 1.);
#6004 = CARTESIAN_POINT('', (27.5, -13., 5.));
#6005 = LINE('', #6004, #6003);
#6006 = DIRECTION('', (-1., -0., 0.));
#6007 = DIRECTION('', (0., 0., 1.));
#6008 = CARTESIAN_POINT('', (29.5, -47., 5.));
#6009 = AXIS2_PLACEMENT_3D('', #6008, #6007, #6006);
#6010 = CIRCLE('', #6009, 2.);
#6011 = DIRECTION('', (1., 0., 0.));
#6012 = VECTOR('', #6011, 1.);
#6013 = CARTESIAN_POINT('', (29.5, -49., 5.));
#6014 = LINE('', #6013, #6012);
#6015 = DIRECTION('', (1., -0., -0.));
#6016 = DIRECTION('', (-0., 0., -1.));
#6017 = CARTESIAN_POINT('', (30.5, -47., 3.));
#6018 = AXIS2_PLACEMENT_3D('', #6017, #6016, #6015);
#6019 = CIRCLE('', #6018, 2.);
#6020 = DIRECTION('', (-0., 1., 0.));
#6021 = VECTOR('', #6020, 1.);
#6022 = CARTESIAN_POINT('', (32.5, -47., 3.));
#6023 = LINE('', #6022, #6021);
#6024 = DIRECTION('', (1., 0., 0.));
#6025 = DIRECTION('', (-0., -0., 1.));
#6026 = CARTESIAN_POINT('', (30.5, -13., 3.));
#6027 = AXIS2_PLACEMENT_3D('', #6026, #6025, #6024);
#6028 = CIRCLE('', #6027, 2.);
#6029 = DIRECTION('', (-1., -0., 0.));
#6030 = VECTOR('', #6029, 1.);
#6031 = CARTESIAN_POINT('', (30.5, -11., 3.));
#6032 = LINE('', #6031, #6030);
#6033 = DIRECTION('', (0., 1., 0.));
#6034 = DIRECTION('', (0., -0., 1.));
#6035 = CARTESIAN_POINT('', (29.5, -13., 3.));
#6036 = AXIS2_PLACEMENT_3D('', #6035, #6034, #6033);
#6037 = CIRCLE('', #6036, 2.);
#6038 = DIRECTION('', (0., -1., 0.));
#6039 = VECTOR('', #6038, 1.);
#6040 = CARTESIAN_POINT('', (27.5, -13., 3.));
#6041 = LINE('', #6040, #6039);
#6042 = DIRECTION('', (-0., -1., 0.));
#6043 = DIRECTION('', (-0., -0., -1.));
#6044 = CARTESIAN_POINT('', (29.5, -47., 3.));
#6045 = AXIS2_PLACEMENT_3D('', #6044, #6043, #6042);
#6046 = CIRCLE('', #6045, 2.);
#6047 = DIRECTION('', (1., 0., 0.));
#6048 = VECTOR('', #6047, 1.);
#6049 = CARTESIAN_POINT('', (29.5, -49., 3.));
#6050 = LINE('', #6049, #6048);
#6051 = DIRECTION('', (0., -0., 1.));
#6052 = VECTOR('', #6051, 1.);
#6053 = CARTESIAN_POINT('', (29.5, -49., 3.));
#6054 = LINE('', #6053, #6052);
#6055 = DIRECTION('', (0., -0., 1.));
#6056 = VECTOR('', #6055, 1.);
#6057 = CARTESIAN_POINT('', (27.5, -47., 3.));
#6058 = LINE('', #6057, #6056);
#6059 = DIRECTION('', (0., -0., 1.));
#6060 = VECTOR('', #6059, 1.);
#6061 = CARTESIAN_POINT('', (27.5, -13., 3.));
#6062 = LINE('', #6061, #6060);
#6063 = DIRECTION('', (0., -0., 1.));
#6064 = VECTOR('', #6063, 1.);
#6065 = CARTESIAN_POINT('', (29.5, -11., 3.));
#6066 = LINE('', #6065, #6064);
#6067 = DIRECTION('', (0., -0., 1.));
#6068 = VECTOR('', #6067, 1.);
#6069 = CARTESIAN_POINT('', (30.5, -11., 3.));
#6070 = LINE('', #6069, #6068);
#6071 = DIRECTION('', (0., -0., 1.));
#6072 = VECTOR('', #6071, 1.);
#6073 = CARTESIAN_POINT('', (32.5, -13., 3.));
#6074 = LINE('', #6073, #6072);
#6075 = DIRECTION('', (0., -0., 1.));
#6076 = VECTOR('', #6075, 1.);
#6077 = CARTESIAN_POINT('', (30.5, -49., 3.));
#6078 = LINE('', #6077, #6076);
#6079 = DIRECTION('', (0., -0., 1.));
#6080 = VECTOR('', #6079, 1.);
#6081 = CARTESIAN_POINT('', (32.5, -47., 3.));
#6082 = LINE('', #6081, #6080);
#6083 = DIRECTION('', (-0., -1., 0.));
#6084 = DIRECTION('', (-0., 0., 1.));
#6085 = CARTESIAN_POINT('', (-30., -25., 113.));
#6086 = AXIS2_PLACEMENT_3D('', #6085, #6084, #6083);
#6087 = CIRCLE('', #6086, 3.);
#6088 = DIRECTION('', (0., -0., 1.));
#6089 = VECTOR('', #6088, 1.);
#6090 = CARTESIAN_POINT('', (-27., -25., 113.));
#6091 = LINE('', #6090, #6089);
#6092 = DIRECTION('', (-0., -1., 0.));
#6093 = DIRECTION('', (-0., 0., 1.));
#6094 = CARTESIAN_POINT('', (-30., -25., 116.));
#6095 = AXIS2_PLACEMENT_3D('', #6094, #6093, #6092);
#6096 = CIRCLE('', #6095, 3.);
#6097 = DIRECTION('', (0., -0., 1.));
#6098 = VECTOR('', #6097, 1.);
#6099 = CARTESIAN_POINT('', (-30., -28., 113.));
#6100 = LINE('', #6099, #6098);
#6101 = DIRECTION('', (-0., 1., 0.));
#6102 = VECTOR('', #6101, 1.);
#6103 = CARTESIAN_POINT('', (-27., -25., 113.));
#6104 = LINE('', #6103, #6102);
#6105 = DIRECTION('', (0., -0., 1.));
#6106 = VECTOR('', #6105, 1.);
#6107 = CARTESIAN_POINT('', (-27., 31., 113.));
#6108 = LINE('', #6107, #6106);
#6109 = DIRECTION('', (-0., 1., 0.));
#6110 = VECTOR('', #6109, 1.);
#6111 = CARTESIAN_POINT('', (-27., -25., 116.));
#6112 = LINE('', #6111, #6110);
#6113 = DIRECTION('', (1., -0., 0.));
#6114 = DIRECTION('', (-0., -0., 1.));
#6115 = CARTESIAN_POINT('', (-30., 31., 113.));
#6116 = AXIS2_PLACEMENT_3D('', #6115, #6114, #6113);
#6117 = CIRCLE('', #6116, 3.);
#6118 = DIRECTION('', (0., -0., 1.));
#6119 = VECTOR('', #6118, 1.);
#6120 = CARTESIAN_POINT('', (-30., 34., 113.));
#6121 = LINE('', #6120, #6119);
#6122 = DIRECTION('', (1., -0., 0.));
#6123 = DIRECTION('', (-0., -0., 1.));
#6124 = CARTESIAN_POINT('', (-30., 31., 116.));
#6125 = AXIS2_PLACEMENT_3D('', #6124, #6123, #6122);
#6126 = CIRCLE('', #6125, 3.);
#6127 = DIRECTION('', (-1., 0., 0.));
#6128 = VECTOR('', #6127, 1.);
#6129 = CARTESIAN_POINT('', (-30., 34., 113.));
#6130 = LINE('', #6129, #6128);
#6131 = DIRECTION('', (0., -0., 1.));
#6132 = VECTOR('', #6131, 1.);
#6133 = CARTESIAN_POINT('', (-70., 34., 113.));
#6134 = LINE('', #6133, #6132);
#6135 = DIRECTION('', (-1., 0., 0.));
#6136 = VECTOR('', #6135, 1.);
#6137 = CARTESIAN_POINT('', (-30., 34., 116.));
#6138 = LINE('', #6137, #6136);
#6139 = DIRECTION('', (-0., 1., 0.));
#6140 = DIRECTION('', (0., -0., 1.));
#6141 = CARTESIAN_POINT('', (-70., 31., 113.));
#6142 = AXIS2_PLACEMENT_3D('', #6141, #6140, #6139);
#6143 = CIRCLE('', #6142, 3.);
#6144 = DIRECTION('', (-0., 1., 0.));
#6145 = DIRECTION('', (0., -0., 1.));
#6146 = CARTESIAN_POINT('', (-70., 31., 116.));
#6147 = AXIS2_PLACEMENT_3D('', #6146, #6145, #6144);
#6148 = CIRCLE('', #6147, 3.);
#6149 = DIRECTION('', (0., -0., 1.));
#6150 = VECTOR('', #6149, 1.);
#6151 = CARTESIAN_POINT('', (-70., -28., 113.));
#6152 = LINE('', #6151, #6150);
#6153 = DIRECTION('', (1., -0., 0.));
#6154 = VECTOR('', #6153, 1.);
#6155 = CARTESIAN_POINT('', (-70., -28., 113.));
#6156 = LINE('', #6155, #6154);
#6157 = DIRECTION('', (1., -0., 0.));
#6158 = VECTOR('', #6157, 1.);
#6159 = CARTESIAN_POINT('', (-70., -28., 116.));
#6160 = LINE('', #6159, #6158);
#6161 = DIRECTION('', (0., -0., -1.));
#6162 = VECTOR('', #6161, 1.);
#6163 = CARTESIAN_POINT('', (-72., 33.23606798, 116.));
#6164 = LINE('', #6163, #6162);
#6165 = DIRECTION('', (0., -0., -1.));
#6166 = VECTOR('', #6165, 1.);
#6167 = CARTESIAN_POINT('', (-72., -27.23606798, 116.));
#6168 = LINE('', #6167, #6166);
#6169 = DIRECTION('', (0., 1., 0.));
#6170 = VECTOR('', #6169, 1.);
#6171 = CARTESIAN_POINT('', (-72., -27.23606798, 113.));
#6172 = LINE('', #6171, #6170);
#6173 = DIRECTION('', (0., 1., 0.));
#6174 = VECTOR('', #6173, 1.);
#6175 = CARTESIAN_POINT('', (-72., -27.23606798, 116.));
#6176 = LINE('', #6175, #6174);
#6177 = DIRECTION('', (-0.66666667, -0.74535599, 0.));
#6178 = DIRECTION('', (0., 0., 1.));
#6179 = CARTESIAN_POINT('', (-70., -25., 113.));
#6180 = AXIS2_PLACEMENT_3D('', #6179, #6178, #6177);
#6181 = CIRCLE('', #6180, 3.);
#6182 = DIRECTION('', (-0.66666667, -0.74535599, 0.));
#6183 = DIRECTION('', (0., 0., 1.));
#6184 = CARTESIAN_POINT('', (-70., -25., 116.));
#6185 = AXIS2_PLACEMENT_3D('', #6184, #6183, #6182);
#6186 = CIRCLE('', #6185, 3.);
#6187 = DIRECTION('', (0., -1., -0.));
#6188 = DIRECTION('', (0., -0., 1.));
#6189 = CARTESIAN_POINT('', (70., -25., 113.));
#6190 = AXIS2_PLACEMENT_3D('', #6189, #6188, #6187);
#6191 = CIRCLE('', #6190, 3.);
#6192 = DIRECTION('', (0., -1., -0.));
#6193 = DIRECTION('', (0., -0., 1.));
#6194 = CARTESIAN_POINT('', (70., -25., 116.));
#6195 = AXIS2_PLACEMENT_3D('', #6194, #6193, #6192);
#6196 = CIRCLE('', #6195, 3.);
#6197 = DIRECTION('', (0., -0., 1.));
#6198 = VECTOR('', #6197, 1.);
#6199 = CARTESIAN_POINT('', (70., -28., 113.));
#6200 = LINE('', #6199, #6198);
#6201 = DIRECTION('', (0., -0., 1.));
#6202 = VECTOR('', #6201, 1.);
#6203 = CARTESIAN_POINT('', (70., 34., 113.));
#6204 = LINE('', #6203, #6202);
#6205 = DIRECTION('', (-1., 0., 0.));
#6206 = VECTOR('', #6205, 1.);
#6207 = CARTESIAN_POINT('', (70., 34., 113.));
#6208 = LINE('', #6207, #6206);
#6209 = DIRECTION('', (0., -0., 1.));
#6210 = VECTOR('', #6209, 1.);
#6211 = CARTESIAN_POINT('', (30., 34., 113.));
#6212 = LINE('', #6211, #6210);
#6213 = DIRECTION('', (-1., 0., 0.));
#6214 = VECTOR('', #6213, 1.);
#6215 = CARTESIAN_POINT('', (70., 34., 116.));
#6216 = LINE('', #6215, #6214);
#6217 = DIRECTION('', (0., 1., 0.));
#6218 = DIRECTION('', (0., -0., 1.));
#6219 = CARTESIAN_POINT('', (30., 31., 113.));
#6220 = AXIS2_PLACEMENT_3D('', #6219, #6218, #6217);
#6221 = CIRCLE('', #6220, 3.);
#6222 = DIRECTION('', (0., -0., 1.));
#6223 = VECTOR('', #6222, 1.);
#6224 = CARTESIAN_POINT('', (27., 31., 113.));
#6225 = LINE('', #6224, #6223);
#6226 = DIRECTION('', (0., 1., 0.));
#6227 = DIRECTION('', (0., -0., 1.));
#6228 = CARTESIAN_POINT('', (30., 31., 116.));
#6229 = AXIS2_PLACEMENT_3D('', #6228, #6227, #6226);
#6230 = CIRCLE('', #6229, 3.);
#6231 = DIRECTION('', (0., -1., 0.));
#6232 = VECTOR('', #6231, 1.);
#6233 = CARTESIAN_POINT('', (27., 31., 113.));
#6234 = LINE('', #6233, #6232);
#6235 = DIRECTION('', (0., -0., 1.));
#6236 = VECTOR('', #6235, 1.);
#6237 = CARTESIAN_POINT('', (27., -25., 113.));
#6238 = LINE('', #6237, #6236);
#6239 = DIRECTION('', (0., -1., 0.));
#6240 = VECTOR('', #6239, 1.);
#6241 = CARTESIAN_POINT('', (27., 31., 116.));
#6242 = LINE('', #6241, #6240);
#6243 = DIRECTION('', (-1., -0., 0.));
#6244 = DIRECTION('', (0., 0., 1.));
#6245 = CARTESIAN_POINT('', (30., -25., 113.));
#6246 = AXIS2_PLACEMENT_3D('', #6245, #6244, #6243);
#6247 = CIRCLE('', #6246, 3.);
#6248 = DIRECTION('', (0., -0., 1.));
#6249 = VECTOR('', #6248, 1.);
#6250 = CARTESIAN_POINT('', (30., -28., 113.));
#6251 = LINE('', #6250, #6249);
#6252 = DIRECTION('', (-1., -0., 0.));
#6253 = DIRECTION('', (0., 0., 1.));
#6254 = CARTESIAN_POINT('', (30., -25., 116.));
#6255 = AXIS2_PLACEMENT_3D('', #6254, #6253, #6252);
#6256 = CIRCLE('', #6255, 3.);
#6257 = DIRECTION('', (1., -0., 0.));
#6258 = VECTOR('', #6257, 1.);
#6259 = CARTESIAN_POINT('', (30., -28., 113.));
#6260 = LINE('', #6259, #6258);
#6261 = DIRECTION('', (1., -0., 0.));
#6262 = VECTOR('', #6261, 1.);
#6263 = CARTESIAN_POINT('', (30., -28., 116.));
#6264 = LINE('', #6263, #6262);
#6265 = DIRECTION('', (0., -0., -1.));
#6266 = VECTOR('', #6265, 1.);
#6267 = CARTESIAN_POINT('', (72., -27.23606798, 116.));
#6268 = LINE('', #6267, #6266);
#6269 = DIRECTION('', (-0., -0., -1.));
#6270 = VECTOR('', #6269, 1.);
#6271 = CARTESIAN_POINT('', (72., 33.23606798, 116.));
#6272 = LINE('', #6271, #6270);
#6273 = DIRECTION('', (0., -1., 0.));
#6274 = VECTOR('', #6273, 1.);
#6275 = CARTESIAN_POINT('', (72., 33.23606798, 113.));
#6276 = LINE('', #6275, #6274);
#6277 = DIRECTION('', (0., -1., 0.));
#6278 = VECTOR('', #6277, 1.);
#6279 = CARTESIAN_POINT('', (72., 33.23606798, 116.));
#6280 = LINE('', #6279, #6278);
#6281 = DIRECTION('', (0.66666667, 0.74535599, -0.));
#6282 = DIRECTION('', (0., 0., 1.));
#6283 = CARTESIAN_POINT('', (70., 31., 113.));
#6284 = AXIS2_PLACEMENT_3D('', #6283, #6282, #6281);
#6285 = CIRCLE('', #6284, 3.);
#6286 = DIRECTION('', (0.66666667, 0.74535599, 0.));
#6287 = DIRECTION('', (-0., -0., 1.));
#6288 = CARTESIAN_POINT('', (70., 31., 116.));
#6289 = AXIS2_PLACEMENT_3D('', #6288, #6287, #6286);
#6290 = CIRCLE('', #6289, 3.);
#6291 = DIRECTION('', (0., -1., -0.));
#6292 = DIRECTION('', (0., -0., 1.));
#6293 = CARTESIAN_POINT('', (-13.8, 57.4, 200.));
#6294 = AXIS2_PLACEMENT_3D('', #6293, #6292, #6291);
#6295 = CIRCLE('', #6294, 0.6);
#6296 = DIRECTION('', (0., -1., 0.));
#6297 = DIRECTION('', (-0., 0., 1.));
#6298 = CARTESIAN_POINT('', (-13.8, 57.4, 207.));
#6299 = AXIS2_PLACEMENT_3D('', #6298, #6297, #6296);
#6300 = CIRCLE('', #6299, 0.6);
#6301 = DIRECTION('', (0., -0., 1.));
#6302 = VECTOR('', #6301, 1.);
#6303 = CARTESIAN_POINT('', (-13.8, 56.8, 200.));
#6304 = LINE('', #6303, #6302);
#6305 = DIRECTION('', (0., -0., 1.));
#6306 = VECTOR('', #6305, 1.);
#6307 = CARTESIAN_POINT('', (-13.2, 61.6, 200.));
#6308 = LINE('', #6307, #6306);
#6309 = DIRECTION('', (-0., 1., 0.));
#6310 = VECTOR('', #6309, 1.);
#6311 = CARTESIAN_POINT('', (-13.2, 57.4, 207.));
#6312 = LINE('', #6311, #6310);
#6313 = DIRECTION('', (1., -0., -0.));
#6314 = DIRECTION('', (0., 0., 1.));
#6315 = CARTESIAN_POINT('', (-13.8, 61.6, 200.));
#6316 = AXIS2_PLACEMENT_3D('', #6315, #6314, #6313);
#6317 = CIRCLE('', #6316, 0.6);
#6318 = DIRECTION('', (0., -0., 1.));
#6319 = VECTOR('', #6318, 1.);
#6320 = CARTESIAN_POINT('', (-13.8, 62.2, 200.));
#6321 = LINE('', #6320, #6319);
#6322 = DIRECTION('', (-1., -0., 0.));
#6323 = VECTOR('', #6322, 1.);
#6324 = CARTESIAN_POINT('', (-13.8, 62.2, 200.));
#6325 = LINE('', #6324, #6323);
#6326 = DIRECTION('', (0., -0., 1.));
#6327 = VECTOR('', #6326, 1.);
#6328 = CARTESIAN_POINT('', (-34.2, 62.2, 200.));
#6329 = LINE('', #6328, #6327);
#6330 = DIRECTION('', (-0., 1., 0.));
#6331 = DIRECTION('', (0., -0., 1.));
#6332 = CARTESIAN_POINT('', (-34.2, 61.6, 200.));
#6333 = AXIS2_PLACEMENT_3D('', #6332, #6331, #6330);
#6334 = CIRCLE('', #6333, 0.6);
#6335 = DIRECTION('', (0., -0., 1.));
#6336 = VECTOR('', #6335, 1.);
#6337 = CARTESIAN_POINT('', (-34.8, 61.6, 200.));
#6338 = LINE('', #6337, #6336);
#6339 = DIRECTION('', (0., -1., 0.));
#6340 = VECTOR('', #6339, 1.);
#6341 = CARTESIAN_POINT('', (-34.8, 61.6, 200.));
#6342 = LINE('', #6341, #6340);
#6343 = DIRECTION('', (0., -0., 1.));
#6344 = VECTOR('', #6343, 1.);
#6345 = CARTESIAN_POINT('', (-34.2, 56.8, 200.));
#6346 = LINE('', #6345, #6344);
#6347 = DIRECTION('', (-1., -0., 0.));
#6348 = DIRECTION('', (0., 0., 1.));
#6349 = CARTESIAN_POINT('', (-34.2, 57.4, 207.));
#6350 = AXIS2_PLACEMENT_3D('', #6349, #6348, #6347);
#6351 = CIRCLE('', #6350, 0.6);
#6352 = DIRECTION('', (1., 0., 0.));
#6353 = VECTOR('', #6352, 1.);
#6354 = CARTESIAN_POINT('', (-34.2, 56.8, 200.));
#6355 = LINE('', #6354, #6353);
#6356 = DIRECTION('', (1., 0., 0.));
#6357 = VECTOR('', #6356, 1.);
#6358 = CARTESIAN_POINT('', (-34.2, 56.8, 207.));
#6359 = LINE('', #6358, #6357);
#6360 = DIRECTION('', (0., -0., -1.));
#6361 = VECTOR('', #6360, 1.);
#6362 = CARTESIAN_POINT('', (-13.2, 60., 204.));
#6363 = LINE('', #6362, #6361);
#6364 = DIRECTION('', (0., -0., 1.));
#6365 = VECTOR('', #6364, 1.);
#6366 = CARTESIAN_POINT('', (-34.8, 60., 200.));
#6367 = LINE('', #6366, #6365);
#6368 = DIRECTION('', (1., -0., 0.));
#6369 = VECTOR('', #6368, 1.);
#6370 = CARTESIAN_POINT('', (-34.8, 60., 200.));
#6371 = LINE('', #6370, #6369);
#6372 = DIRECTION('', (1., 0., -0.));
#6373 = DIRECTION('', (-0., 0., -1.));
#6374 = CARTESIAN_POINT('', (-13.79999999, 57.4, 204.));
#6375 = AXIS2_PLACEMENT_3D('', #6374, #6373, #6372);
#6376 = CIRCLE('', #6375, 0.59999999);
#6377 = DIRECTION('', (-0., 1., 0.));
#6378 = VECTOR('', #6377, 1.);
#6379 = CARTESIAN_POINT('', (-13.2, 57.4, 204.));
#6380 = LINE('', #6379, #6378);
#6381 = DIRECTION('', (0., -1., 0.));
#6382 = VECTOR('', #6381, 1.);
#6383 = CARTESIAN_POINT('', (-34.8, 60., 204.));
#6384 = LINE('', #6383, #6382);
#6385 = DIRECTION('', (-0.74535599, -0.66666667, 0.));
#6386 = DIRECTION('', (-0., -0., -1.));
#6387 = CARTESIAN_POINT('', (-34.2, 57.4, 204.));
#6388 = AXIS2_PLACEMENT_3D('', #6387, #6386, #6385);
#6389 = CIRCLE('', #6388, 0.6);
#6390 = DIRECTION('', (0., -0., -1.));
#6391 = VECTOR('', #6390, 1.);
#6392 = CARTESIAN_POINT('', (-13.3527864, 57., 204.));
#6393 = LINE('', #6392, #6391);
#6394 = DIRECTION('', (0., 0., -1.));
#6395 = VECTOR('', #6394, 1.);
#6396 = CARTESIAN_POINT('', (-34.6472136, 57., 204.));
#6397 = LINE('', #6396, #6395);
#6398 = DIRECTION('', (1., -0., 0.));
#6399 = VECTOR('', #6398, 1.);
#6400 = CARTESIAN_POINT('', (-34.6472136, 57., 200.));
#6401 = LINE('', #6400, #6399);
#6402 = DIRECTION('', (-0.74535599, -0.66666667, 0.));
#6403 = DIRECTION('', (0., 0., 1.));
#6404 = CARTESIAN_POINT('', (-34.2, 57.4, 200.));
#6405 = AXIS2_PLACEMENT_3D('', #6404, #6403, #6402);
#6406 = CIRCLE('', #6405, 0.6);
#6407 = DIRECTION('', (-1., -0., 0.));
#6408 = VECTOR('', #6407, 1.);
#6409 = CARTESIAN_POINT('', (-34.64721359, 57., 204.));
#6410 = LINE('', #6409, #6408);
#6411 = DIRECTION('', (0., -0., 1.));
#6412 = VECTOR('', #6411, 1.);
#6413 = CARTESIAN_POINT('', (-34.8, 57.4, 204.));
#6414 = LINE('', #6413, #6412);
#6415 = DIRECTION('', (0., -0., 1.));
#6416 = VECTOR('', #6415, 1.);
#6417 = CARTESIAN_POINT('', (-13.2, 57.4, 204.));
#6418 = LINE('', #6417, #6416);
#6419 = DIRECTION('', (-1., 0., 0.));
#6420 = VECTOR('', #6419, 1.);
#6421 = CARTESIAN_POINT('', (-34.8, 60., 204.));
#6422 = LINE('', #6421, #6420);
#6423 = DIRECTION('', (-0., 1., 0.));
#6424 = VECTOR('', #6423, 1.);
#6425 = CARTESIAN_POINT('', (-13.2, 60., 200.));
#6426 = LINE('', #6425, #6424);
#6427 = DIRECTION('', (0., -1., -0.));
#6428 = DIRECTION('', (0., -0., 1.));
#6429 = CARTESIAN_POINT('', (34.2, 57.4, 200.));
#6430 = AXIS2_PLACEMENT_3D('', #6429, #6428, #6427);
#6431 = CIRCLE('', #6430, 0.6);
#6432 = DIRECTION('', (0., -1., 0.));
#6433 = DIRECTION('', (-0., 0., 1.));
#6434 = CARTESIAN_POINT('', (34.2, 57.4, 207.));
#6435 = AXIS2_PLACEMENT_3D('', #6434, #6433, #6432);
#6436 = CIRCLE('', #6435, 0.6);
#6437 = DIRECTION('', (0., -0., 1.));
#6438 = VECTOR('', #6437, 1.);
#6439 = CARTESIAN_POINT('', (34.2, 56.8, 200.));
#6440 = LINE('', #6439, #6438);
#6441 = DIRECTION('', (0., -0., 1.));
#6442 = VECTOR('', #6441, 1.);
#6443 = CARTESIAN_POINT('', (34.8, 61.6, 200.));
#6444 = LINE('', #6443, #6442);
#6445 = DIRECTION('', (-0., 1., 0.));
#6446 = VECTOR('', #6445, 1.);
#6447 = CARTESIAN_POINT('', (34.8, 57.4, 207.));
#6448 = LINE('', #6447, #6446);
#6449 = DIRECTION('', (1., -0., -0.));
#6450 = DIRECTION('', (0., 0., 1.));
#6451 = CARTESIAN_POINT('', (34.2, 61.6, 200.));
#6452 = AXIS2_PLACEMENT_3D('', #6451, #6450, #6449);
#6453 = CIRCLE('', #6452, 0.6);
#6454 = DIRECTION('', (0., -0., 1.));
#6455 = VECTOR('', #6454, 1.);
#6456 = CARTESIAN_POINT('', (34.2, 62.2, 200.));
#6457 = LINE('', #6456, #6455);
#6458 = DIRECTION('', (-1., -0., 0.));
#6459 = VECTOR('', #6458, 1.);
#6460 = CARTESIAN_POINT('', (34.2, 62.2, 200.));
#6461 = LINE('', #6460, #6459);
#6462 = DIRECTION('', (0., -0., 1.));
#6463 = VECTOR('', #6462, 1.);
#6464 = CARTESIAN_POINT('', (13.8, 62.2, 200.));
#6465 = LINE('', #6464, #6463);
#6466 = DIRECTION('', (-0., 1., 0.));
#6467 = DIRECTION('', (0., -0., 1.));
#6468 = CARTESIAN_POINT('', (13.8, 61.6, 200.));
#6469 = AXIS2_PLACEMENT_3D('', #6468, #6467, #6466);
#6470 = CIRCLE('', #6469, 0.6);
#6471 = DIRECTION('', (0., -0., 1.));
#6472 = VECTOR('', #6471, 1.);
#6473 = CARTESIAN_POINT('', (13.2, 61.6, 200.));
#6474 = LINE('', #6473, #6472);
#6475 = DIRECTION('', (0., -1., 0.));
#6476 = VECTOR('', #6475, 1.);
#6477 = CARTESIAN_POINT('', (13.2, 61.6, 200.));
#6478 = LINE('', #6477, #6476);
#6479 = DIRECTION('', (0., -0., 1.));
#6480 = VECTOR('', #6479, 1.);
#6481 = CARTESIAN_POINT('', (13.8, 56.8, 200.));
#6482 = LINE('', #6481, #6480);
#6483 = DIRECTION('', (-1., -0., 0.));
#6484 = DIRECTION('', (0., 0., 1.));
#6485 = CARTESIAN_POINT('', (13.8, 57.4, 207.));
#6486 = AXIS2_PLACEMENT_3D('', #6485, #6484, #6483);
#6487 = CIRCLE('', #6486, 0.6);
#6488 = DIRECTION('', (1., 0., 0.));
#6489 = VECTOR('', #6488, 1.);
#6490 = CARTESIAN_POINT('', (13.8, 56.8, 200.));
#6491 = LINE('', #6490, #6489);
#6492 = DIRECTION('', (1., 0., 0.));
#6493 = VECTOR('', #6492, 1.);
#6494 = CARTESIAN_POINT('', (13.8, 56.8, 207.));
#6495 = LINE('', #6494, #6493);
#6496 = DIRECTION('', (0., -0., -1.));
#6497 = VECTOR('', #6496, 1.);
#6498 = CARTESIAN_POINT('', (34.8, 60., 204.));
#6499 = LINE('', #6498, #6497);
#6500 = DIRECTION('', (0., -0., 1.));
#6501 = VECTOR('', #6500, 1.);
#6502 = CARTESIAN_POINT('', (13.2, 60., 200.));
#6503 = LINE('', #6502, #6501);
#6504 = DIRECTION('', (1., -0., 0.));
#6505 = VECTOR('', #6504, 1.);
#6506 = CARTESIAN_POINT('', (13.2, 60., 200.));
#6507 = LINE('', #6506, #6505);
#6508 = DIRECTION('', (1., 0., -0.));
#6509 = DIRECTION('', (-0., 0., -1.));
#6510 = CARTESIAN_POINT('', (34.20000001, 57.4, 204.));
#6511 = AXIS2_PLACEMENT_3D('', #6510, #6509, #6508);
#6512 = CIRCLE('', #6511, 0.59999999);
#6513 = DIRECTION('', (-0., 1., 0.));
#6514 = VECTOR('', #6513, 1.);
#6515 = CARTESIAN_POINT('', (34.8, 57.4, 204.));
#6516 = LINE('', #6515, #6514);
#6517 = DIRECTION('', (0., -1., 0.));
#6518 = VECTOR('', #6517, 1.);
#6519 = CARTESIAN_POINT('', (13.2, 60., 204.));
#6520 = LINE('', #6519, #6518);
#6521 = DIRECTION('', (-0.74535599, -0.66666667, 0.));
#6522 = DIRECTION('', (-0., -0., -1.));
#6523 = CARTESIAN_POINT('', (13.8, 57.4, 204.));
#6524 = AXIS2_PLACEMENT_3D('', #6523, #6522, #6521);
#6525 = CIRCLE('', #6524, 0.6);
#6526 = DIRECTION('', (0., -0., -1.));
#6527 = VECTOR('', #6526, 1.);
#6528 = CARTESIAN_POINT('', (34.6472136, 57., 204.));
#6529 = LINE('', #6528, #6527);
#6530 = DIRECTION('', (0., -0., -1.));
#6531 = VECTOR('', #6530, 1.);
#6532 = CARTESIAN_POINT('', (13.3527864, 57., 204.));
#6533 = LINE('', #6532, #6531);
#6534 = DIRECTION('', (1., -0., 0.));
#6535 = VECTOR('', #6534, 1.);
#6536 = CARTESIAN_POINT('', (13.3527864, 57., 200.));
#6537 = LINE('', #6536, #6535);
#6538 = DIRECTION('', (-0.74535599, -0.66666667, -0.));
#6539 = DIRECTION('', (-0., -0., 1.));
#6540 = CARTESIAN_POINT('', (13.8, 57.4, 200.));
#6541 = AXIS2_PLACEMENT_3D('', #6540, #6539, #6538);
#6542 = CIRCLE('', #6541, 0.6);
#6543 = DIRECTION('', (-1., -0., 0.));
#6544 = VECTOR('', #6543, 1.);
#6545 = CARTESIAN_POINT('', (13.35278641, 57., 204.));
#6546 = LINE('', #6545, #6544);
#6547 = DIRECTION('', (0., -0., 1.));
#6548 = VECTOR('', #6547, 1.);
#6549 = CARTESIAN_POINT('', (13.2, 57.4, 204.));
#6550 = LINE('', #6549, #6548);
#6551 = DIRECTION('', (0., -0., 1.));
#6552 = VECTOR('', #6551, 1.);
#6553 = CARTESIAN_POINT('', (34.8, 57.4, 204.));
#6554 = LINE('', #6553, #6552);
#6555 = DIRECTION('', (-1., -0., 0.));
#6556 = VECTOR('', #6555, 1.);
#6557 = CARTESIAN_POINT('', (13.2, 60., 204.));
#6558 = LINE('', #6557, #6556);
#6559 = DIRECTION('', (-0., 1., 0.));
#6560 = VECTOR('', #6559, 1.);
#6561 = CARTESIAN_POINT('', (34.8, 60., 200.));
#6562 = LINE('', #6561, #6560);
#6563 = DIRECTION('', (0., 0., -1.));
#6564 = DIRECTION('', (1., -0., 0.));
#6565 = CARTESIAN_POINT('', (-35., 62., 207.));
#6566 = AXIS2_PLACEMENT_3D('', #6565, #6564, #6563);
#6567 = CIRCLE('', #6566, 3.);
#6568 = DIRECTION('', (1., -0., 0.));
#6569 = VECTOR('', #6568, 1.);
#6570 = CARTESIAN_POINT('', (-35., 62., 204.));
#6571 = LINE('', #6570, #6569);
#6572 = DIRECTION('', (0., 0., -1.));
#6573 = DIRECTION('', (1., -0., 0.));
#6574 = CARTESIAN_POINT('', (-13., 62., 207.));
#6575 = AXIS2_PLACEMENT_3D('', #6574, #6573, #6572);
#6576 = CIRCLE('', #6575, 3.);
#6577 = DIRECTION('', (0., 0., 1.));
#6578 = DIRECTION('', (1., -0., -0.));
#6579 = CARTESIAN_POINT('', (-35., 62., 207.));
#6580 = AXIS2_PLACEMENT_3D('', #6579, #6578, #6577);
#6581 = CIRCLE('', #6580, 3.);
#6582 = DIRECTION('', (0., 0., 1.));
#6583 = DIRECTION('', (1., -0., -0.));
#6584 = CARTESIAN_POINT('', (-13., 62., 207.));
#6585 = AXIS2_PLACEMENT_3D('', #6584, #6583, #6582);
#6586 = CIRCLE('', #6585, 3.);
#6587 = DIRECTION('', (1., -0., 0.));
#6588 = VECTOR('', #6587, 1.);
#6589 = CARTESIAN_POINT('', (-35., 62., 210.));
#6590 = LINE('', #6589, #6588);
#6591 = DIRECTION('', (0., -1., 0.));
#6592 = DIRECTION('', (1., 0., -0.));
#6593 = CARTESIAN_POINT('', (-13.2, 61.99999999, 206.99999999));
#6594 = AXIS2_PLACEMENT_3D('', #6593, #6592, #6591);
#6595 = CIRCLE('', #6594, 2.99999999);
#6596 = CARTESIAN_POINT('', (-13.3527864, 62., 204.));
#6597 = CARTESIAN_POINT('', (-13.35839196, 62.00626722, 204.));
#6598 = CARTESIAN_POINT('', (-13.36699818, 62.01549147, 204.00002946));
#6599 = CARTESIAN_POINT('', (-13.37885454, 62.027422, 204.00012097));
#6600 = CARTESIAN_POINT('', (-13.38793622, 62.03618407, 204.00021405));
#6601 = CARTESIAN_POINT('', (-13.39720281, 62.04475561, 204.00032987));
#6602 = CARTESIAN_POINT('', (-13.40664805, 62.05313061, 204.00046671));
#6603 = CARTESIAN_POINT('', (-13.416266, 62.06130392, 204.00062281));
#6604 = CARTESIAN_POINT('', (-13.42605241, 62.06927208, 204.00079643));
#6605 = CARTESIAN_POINT('', (-13.43600326, 62.07703192, 204.00098589));
#6606 = CARTESIAN_POINT('', (-13.44611373, 62.08457978, 204.00118945));
#6607 = CARTESIAN_POINT('', (-13.45637994, 62.0919129, 204.00140543));
#6608 = CARTESIAN_POINT('', (-13.46680066, 62.09903037, 204.00163221));
#6609 = CARTESIAN_POINT('', (-13.47737496, 62.10593109, 204.00186825));
#6610 = CARTESIAN_POINT('', (-13.48809671, 62.11261052, 204.00211187));
#6611 = CARTESIAN_POINT('', (-13.49895292, 62.11906047, 204.00236126));
#6612 = CARTESIAN_POINT('', (-13.50993089, 62.12527409, 204.00261467));
#6613 = CARTESIAN_POINT('', (-13.52102805, 62.13125095, 204.0028706));
#6614 = CARTESIAN_POINT('', (-13.53225018, 62.13699446, 204.00312778));
#6615 = CARTESIAN_POINT('', (-13.5435973, 62.14250414, 204.00338486));
#6616 = CARTESIAN_POINT('', (-13.55505868, 62.14777438, 204.00364028));
#6617 = CARTESIAN_POINT('', (-13.56662636, 62.15280172, 204.00389258));
#6618 = CARTESIAN_POINT('', (-13.57830457, 62.15758793, 204.00414064));
#6619 = CARTESIAN_POINT('', (-13.59009704, 62.16213351, 204.00438332));
#6620 = CARTESIAN_POINT('', (-13.60199011, 62.16643217, 204.0046192));
#6621 = CARTESIAN_POINT('', (-13.61395842, 62.17047491, 204.00484668));
#6622 = CARTESIAN_POINT('', (-13.62598634, 62.17425789, 204.0050645));
#6623 = CARTESIAN_POINT('', (-13.63807784, 62.17778375, 204.00527183));
#6624 = CARTESIAN_POINT('', (-13.65024521, 62.18105635, 204.00546799));
#6625 = CARTESIAN_POINT('', (-13.66249136, 62.18407574, 204.00565217));
#6626 = CARTESIAN_POINT('', (-13.67480733, 62.18683892, 204.0058234));
#6627 = CARTESIAN_POINT('', (-13.68718473, 62.1893436, 204.00598081));
#6628 = CARTESIAN_POINT('', (-13.69962014, 62.19158868, 204.0061237));
#6629 = CARTESIAN_POINT('', (-13.71210334, 62.19357177, 204.00625133));
#6630 = CARTESIAN_POINT('', (-13.72461301, 62.19528972, 204.00636295));
#6631 = CARTESIAN_POINT('', (-13.73713467, 62.19674182, 204.00645808));
#6632 = CARTESIAN_POINT('', (-13.74967482, 62.19792998, 204.00653644));
#6633 = CARTESIAN_POINT('', (-13.76224556, 62.19885528, 204.00659779));
#6634 = CARTESIAN_POINT('', (-13.77901924, 62.1997359, 204.00665642));
#6635 = CARTESIAN_POINT('', (-13.79161336, 62.20000001, 204.0066741));
#6636 = CARTESIAN_POINT('', (-13.8, 62.2, 204.00667409));
#6637 = B_SPLINE_CURVE_WITH_KNOTS('', 3, (#6596, #6597, #6598, #6599, #6600, #6601, #6602, #6603, #6604, #6605, #6606, #6607, #6608, #6609, #6610, #6611, #6612, #6613, #6614, #6615, #6616, #6617, #6618, #6619, #6620, #6621, #6622, #6623, #6624, #6625, #6626, #6627, #6628, #6629, #6630, #6631, #6632, #6633, #6634, #6635, #6636), .UNSPECIFIED., .F., .F., (4, 1, 1, 1, 1, 1, 1, 1, 1, 1, 1, 1, 1, 1, 1, 1, 1, 1, 1, 1, 1, 1, 1, 1, 1, 1, 1, 1, 1, 1, 1, 1, 1, 1, 1, 1, 1, 1, 4), (0., 0.04998074, 0.07497302, 0.09997677, 0.12499101, 0.15000562, 0.1750135, 0.20001839, 0.22502438, 0.25002637, 0.27502251, 0.30002452, 0.32504647, 0.35008743, 0.37512202, 0.40011837, 0.42508117, 0.45005597, 0.47506526, 0.50007266, 0.5250532, 0.55004956, 0.57510422, 0.60018678, 0.62522913, 0.65020313, 0.67514282, 0.70010263, 0.72510356, 0.75012001, 0.7751336, 0.80017007, 0.82523399, 0.85026611, 0.87522655, 0.90016183, 0.92513825, 0.95014824, 1.), .UNSPECIFIED.);
#6638 = CARTESIAN_POINT('', (-13.2, 61.6, 204.02678625));
#6639 = CARTESIAN_POINT('', (-13.19999999, 61.60721204, 204.02581598));
#6640 = CARTESIAN_POINT('', (-13.20019535, 61.61805039, 204.024398));
#6641 = CARTESIAN_POINT('', (-13.20084895, 61.6325209, 204.02258515));
#6642 = CARTESIAN_POINT('', (-13.20153944, 61.64341451, 204.02126084));
#6643 = CARTESIAN_POINT('', (-13.20243004, 61.65431444, 204.01997624));
#6644 = CARTESIAN_POINT('', (-13.20351897, 61.6651933, 204.01873445));
#6645 = CARTESIAN_POINT('', (-13.20480418, 61.67603692, 204.01753669));
#6646 = CARTESIAN_POINT('', (-13.20628566, 61.68685043, 204.01638195));
#6647 = CARTESIAN_POINT('', (-13.20796428, 61.69763955, 204.01526931));
#6648 = CARTESIAN_POINT('', (-13.20983896, 61.70839589, 204.0141993));
#6649 = CARTESIAN_POINT('', (-13.21190737, 61.71910783, 204.01317259));
#6650 = CARTESIAN_POINT('', (-13.21416962, 61.72977837, 204.01218836));
#6651 = CARTESIAN_POINT('', (-13.21662903, 61.74042142, 204.01124492));
#6652 = CARTESIAN_POINT('', (-13.21928811, 61.75104227, 204.01034152));
#6653 = CARTESIAN_POINT('', (-13.22214514, 61.76162882, 204.00947887));
#6654 = CARTESIAN_POINT('', (-13.22519529, 61.77216154, 204.00865806));
#6655 = CARTESIAN_POINT('', (-13.22843483, 61.78262867, 204.00787932));
#6656 = CARTESIAN_POINT('', (-13.23186327, 61.79303013, 204.00714192));
#6657 = CARTESIAN_POINT('', (-13.23548138, 61.80336847, 204.00644499));
#6658 = CARTESIAN_POINT('', (-13.23928821, 61.81364058, 204.00578804));
#6659 = CARTESIAN_POINT('', (-13.24328126, 61.82383971, 204.00517078));
#6660 = CARTESIAN_POINT('', (-13.24745918, 61.83396286, 204.00459257));
#6661 = CARTESIAN_POINT('', (-13.25182291, 61.84401212, 204.00405252));
#6662 = CARTESIAN_POINT('', (-13.25637361, 61.85398913, 204.00354979));
#6663 = CARTESIAN_POINT('', (-13.26111037, 61.86389044, 204.00308381));
#6664 = CARTESIAN_POINT('', (-13.26602972, 61.87370777, 204.00265414));
#6665 = CARTESIAN_POINT('', (-13.2711272, 61.88343204, 204.00226033));
#6666 = CARTESIAN_POINT('', (-13.27639954, 61.89305748, 204.00190162));
#6667 = CARTESIAN_POINT('', (-13.2818457, 61.90258262, 204.00157712));
#6668 = CARTESIAN_POINT('', (-13.2874656, 61.91200744, 204.00128583));
#6669 = CARTESIAN_POINT('', (-13.29325795, 61.92132951, 204.00102691));
#6670 = CARTESIAN_POINT('', (-13.29921955, 61.93054361, 204.00079948));
#6671 = CARTESIAN_POINT('', (-13.30534725, 61.93964506, 204.00060264));
#6672 = CARTESIAN_POINT('', (-13.31163968, 61.94863206, 204.00043537));
#6673 = CARTESIAN_POINT('', (-13.31881427, 61.95849032, 204.00028127));
#6674 = CARTESIAN_POINT('', (-13.32693805, 61.96916637, 204.00015106));
#6675 = CARTESIAN_POINT('', (-13.33836821, 61.98345064, 204.00003181));
#6676 = CARTESIAN_POINT('', (-13.34709667, 61.99363869, 204.));
#6677 = CARTESIAN_POINT('', (-13.3527864, 62., 204.));
#6678 = B_SPLINE_CURVE_WITH_KNOTS('', 3, (#6638, #6639, #6640, #6641, #6642, #6643, #6644, #6645, #6646, #6647, #6648, #6649, #6650, #6651, #6652, #6653, #6654, #6655, #6656, #6657, #6658, #6659, #6660, #6661, #6662, #6663, #6664, #6665, #6666, #6667, #6668, #6669, #6670, #6671, #6672, #6673, #6674, #6675, #6676, #6677), .UNSPECIFIED., .F., .F., (4, 1, 1, 1, 1, 1, 1, 1, 1, 1, 1, 1, 1, 1, 1, 1, 1, 1, 1, 1, 1, 1, 1, 1, 1, 1, 1, 1, 1, 1, 1, 1, 1, 1, 1, 1, 1, 4), (0., 0.04972868, 0.07469635, 0.09975542, 0.12486517, 0.14994158, 0.17494654, 0.19992988, 0.22494084, 0.24994597, 0.27489733, 0.29982101, 0.32478528, 0.34981966, 0.37489148, 0.39994667, 0.42496038, 0.44995348, 0.47495457, 0.49995879, 0.52494633, 0.54991878, 0.57489802, 0.59990228, 0.62493109, 0.64996873, 0.67499616, 0.70000519, 0.72500381, 0.75000594, 0.77501537, 0.80002143, 0.82501514, 0.85000324, 0.87499852, 0.90833831, 0.94167837, 1.), .UNSPECIFIED.);
#6679 = DIRECTION('', (-1., -0., 0.));
#6680 = VECTOR('', #6679, 1.);
#6681 = CARTESIAN_POINT('', (-13.8, 62.2, 204.00667409));
#6682 = LINE('', #6681, #6680);
#6683 = CARTESIAN_POINT('', (-34.2, 62.2, 204.00667409));
#6684 = CARTESIAN_POINT('', (-34.20760027, 62.20000001, 204.0066741));
#6685 = CARTESIAN_POINT('', (-34.21902132, 62.19978296, 204.00665957));
#6686 = CARTESIAN_POINT('', (-34.23425963, 62.19905778, 204.00661126));
#6687 = CARTESIAN_POINT('', (-34.24572856, 62.19829178, 204.0065604));
#6688 = CARTESIAN_POINT('', (-34.25719323, 62.19730485, 204.00649517));
#6689 = CARTESIAN_POINT('', (-34.26862618, 62.19609934, 204.00641592));
#6690 = CARTESIAN_POINT('', (-34.2800148, 62.1946776, 204.0063231));
#6691 = CARTESIAN_POINT('', (-34.29136406, 62.19303999, 204.00621701));
#6692 = CARTESIAN_POINT('', (-34.30267817, 62.19118612, 204.00609801));
#6693 = CARTESIAN_POINT('', (-34.31394898, 62.18911744, 204.00596657));
#6694 = CARTESIAN_POINT('', (-34.32516845, 62.186836, 204.00582328));
#6695 = CARTESIAN_POINT('', (-34.33634344, 62.18434082, 204.00566857));
#6696 = CARTESIAN_POINT('', (-34.3474873, 62.18162828, 204.00550274));
#6697 = CARTESIAN_POINT('', (-34.35859923, 62.17869716, 204.00532633));
#6698 = CARTESIAN_POINT('', (-34.36965995, 62.17555154, 204.00514021));
#6699 = CARTESIAN_POINT('', (-34.38064795, 62.17219773, 204.00494542));
#6700 = CARTESIAN_POINT('', (-34.39155604, 62.16863882, 204.00474285));
#6701 = CARTESIAN_POINT('', (-34.40238941, 62.16487377, 204.00453315));
#6702 = CARTESIAN_POINT('', (-34.41314964, 62.16090204, 204.00431709));
#6703 = CARTESIAN_POINT('', (-34.42382771, 62.15672699, 204.00409567));
#6704 = CARTESIAN_POINT('', (-34.434415, 62.15235251, 204.00386993));
#6705 = CARTESIAN_POINT('', (-34.44491517, 62.1477776, 204.00364069));
#6706 = CARTESIAN_POINT('', (-34.45533828, 62.14299749, 204.00340866));
#6707 = CARTESIAN_POINT('', (-34.46568496, 62.13801074, 204.00317473));
#6708 = CARTESIAN_POINT('', (-34.47594125, 62.13282311, 204.00294022));
#6709 = CARTESIAN_POINT('', (-34.48608925, 62.1274437, 204.00270654));
#6710 = CARTESIAN_POINT('', (-34.49612065, 62.12187773, 204.00247494));
#6711 = CARTESIAN_POINT('', (-34.50603869, 62.11612415, 204.00224641));
#6712 = CARTESIAN_POINT('', (-34.51584794, 62.11018032, 204.00202194));
#6713 = CARTESIAN_POINT('', (-34.52554536, 62.10404773, 204.0018027));
#6714 = CARTESIAN_POINT('', (-34.53512236, 62.09773171, 204.00159005));
#6715 = CARTESIAN_POINT('', (-34.54457267, 62.09123668, 204.00138527));
#6716 = CARTESIAN_POINT('', (-34.55389523, 62.08456369, 204.00118953));
#6717 = CARTESIAN_POINT('', (-34.56309042, 62.07771246, 204.00100403));
#6718 = CARTESIAN_POINT('', (-34.57215595, 62.07068442, 204.00083002));
#6719 = CARTESIAN_POINT('', (-34.58108683, 62.06348322, 204.0006688));
#6720 = CARTESIAN_POINT('', (-34.58987804, 62.0561129, 204.00052174));
#6721 = CARTESIAN_POINT('', (-34.59852626, 62.04857628, 204.00039008));
#6722 = CARTESIAN_POINT('', (-34.60702896, 62.04087559, 204.00027512));
#6723 = CARTESIAN_POINT('', (-34.61538282, 62.03301383, 204.00017815));
#6724 = CARTESIAN_POINT('', (-34.62358386, 62.02499477, 204.00010048));
#6725 = CARTESIAN_POINT('', (-34.63431, 62.01409793, 204.00002435));
#6726 = CARTESIAN_POINT('', (-34.64211761, 62.0056975, 204.));
#6727 = CARTESIAN_POINT('', (-34.6472136, 62., 204.));
#6728 = B_SPLINE_CURVE_WITH_KNOTS('', 3, (#6683, #6684, #6685, #6686, #6687, #6688, #6689, #6690, #6691, #6692, #6693, #6694, #6695, #6696, #6697, #6698, #6699, #6700, #6701, #6702, #6703, #6704, #6705, #6706, #6707, #6708, #6709, #6710, #6711, #6712, #6713, #6714, #6715, #6716, #6717, #6718, #6719, #6720, #6721, #6722, #6723, #6724, #6725, #6726, #6727), .UNSPECIFIED., .F., .F., (4, 1, 1, 1, 1, 1, 1, 1, 1, 1, 1, 1, 1, 1, 1, 1, 1, 1, 1, 1, 1, 1, 1, 1, 1, 1, 1, 1, 1, 1, 1, 1, 1, 1, 1, 1, 1, 1, 1, 1, 1, 1, 4), (0., 0.04517739, 0.06788886, 0.09067813, 0.11350022, 0.13628689, 0.15901292, 0.18172081, 0.20444748, 0.22716341, 0.24983709, 0.27250515, 0.29522841, 0.31801643, 0.34082066, 0.36358829, 0.38631251, 0.40903166, 0.43177029, 0.45450027, 0.47719287, 0.49987363, 0.52259267, 0.5453653, 0.56815781, 0.59092387, 0.61364903, 0.63636084, 0.65909091, 0.68183603, 0.70457265, 0.72729232, 0.75000619, 0.77272763, 0.79545973, 0.81819495, 0.84092578, 0.86365394, 0.88638421, 0.90911509, 0.93184167, 0.95456277, 1.), .UNSPECIFIED.);
#6729 = CARTESIAN_POINT('', (-34.6472136, 62., 204.));
#6730 = CARTESIAN_POINT('', (-34.65263253, 61.99394147, 204.));
#6731 = CARTESIAN_POINT('', (-34.66057618, 61.98468846, 204.00002753));
#6732 = CARTESIAN_POINT('', (-34.67078562, 61.97203556, 204.00012525));
#6733 = CARTESIAN_POINT('', (-34.67824917, 61.96239111, 204.00023049));
#6734 = CARTESIAN_POINT('', (-34.68551552, 61.95259645, 204.00036913));
#6735 = CARTESIAN_POINT('', (-34.69258085, 61.94265677, 204.00054252));
#6736 = CARTESIAN_POINT('', (-34.69944278, 61.93257552, 204.00075205));
#6737 = CARTESIAN_POINT('', (-34.70610009, 61.92235433, 204.00099908));
#6738 = CARTESIAN_POINT('', (-34.71255033, 61.91199648, 204.001285));
#6739 = CARTESIAN_POINT('', (-34.71878851, 61.90150969, 204.00161097));
#6740 = CARTESIAN_POINT('', (-34.72480908, 61.89090371, 204.00197799));
#6741 = CARTESIAN_POINT('', (-34.73060881, 61.88018521, 204.00238709));
#6742 = CARTESIAN_POINT('', (-34.73618734, 61.86935587, 204.0028394));
#6743 = CARTESIAN_POINT('', (-34.7415448, 61.85841575, 204.00333614));
#6744 = CARTESIAN_POINT('', (-34.74667957, 61.84736799, 204.0038784));
#6745 = CARTESIAN_POINT('', (-34.75158891, 61.83621841, 204.00446707));
#6746 = CARTESIAN_POINT('', (-34.75627115, 61.82497085, 204.0051031));
#6747 = CARTESIAN_POINT('', (-34.76072552, 61.81362685, 204.0057875));
#6748 = CARTESIAN_POINT('', (-34.76494952, 61.80219194, 204.00652107));
#6749 = CARTESIAN_POINT('', (-34.76893844, 61.79067905, 204.00730399));
#6750 = CARTESIAN_POINT('', (-34.77268835, 61.77910149, 204.0081362));
#6751 = CARTESIAN_POINT('', (-34.77619863, 61.76746441, 204.00901808));
#6752 = CARTESIAN_POINT('', (-34.77947054, 61.75576605, 204.00995051));
#6753 = CARTESIAN_POINT('', (-34.78250473, 61.74400493, 204.01093439));
#6754 = CARTESIAN_POINT('', (-34.78530059, 61.73218324, 204.01197032));
#6755 = CARTESIAN_POINT('', (-34.78785723, 61.72030424, 204.01305876));
#6756 = CARTESIAN_POINT('', (-34.79017377, 61.70837067, 204.0142002));
#6757 = CARTESIAN_POINT('', (-34.79224857, 61.69638946, 204.01539464));
#6758 = CARTESIAN_POINT('', (-34.79407893, 61.68437653, 204.01664106));
#6759 = CARTESIAN_POINT('', (-34.79566289, 61.67235083, 204.01793783));
#6760 = CARTESIAN_POINT('', (-34.79700104, 61.66031989, 204.01928426));
#6761 = CARTESIAN_POINT('', (-34.79809552, 61.64827518, 204.02068149));
#6762 = CARTESIAN_POINT('', (-34.79894728, 61.63620754, 204.02213089));
#6763 = CARTESIAN_POINT('', (-34.79975747, 61.62011223, 204.02413031));
#6764 = CARTESIAN_POINT('', (-34.80000001, 61.6080377, 204.02570489));
#6765 = CARTESIAN_POINT('', (-34.8, 61.6, 204.02678625));
#6766 = B_SPLINE_CURVE_WITH_KNOTS('', 3, (#6729, #6730, #6731, #6732, #6733, #6734, #6735, #6736, #6737, #6738, #6739, #6740, #6741, #6742, #6743, #6744, #6745, #6746, #6747, #6748, #6749, #6750, #6751, #6752, #6753, #6754, #6755, #6756, #6757, #6758, #6759, #6760, #6761, #6762, #6763, #6764, #6765), .UNSPECIFIED., .F., .F., (4, 1, 1, 1, 1, 1, 1, 1, 1, 1, 1, 1, 1, 1, 1, 1, 1, 1, 1, 1, 1, 1, 1, 1, 1, 1, 1, 1, 1, 1, 1, 1, 1, 1, 4), (0., 0.05554652, 0.08331968, 0.1110989, 0.13888219, 0.16666189, 0.19443873, 0.22222633, 0.25003183, 0.27784187, 0.30563553, 0.33340598, 0.36116611, 0.38893416, 0.41671474, 0.44449662, 0.47227819, 0.50007953, 0.52790643, 0.55572751, 0.58351026, 0.61125966, 0.63900432, 0.6667605, 0.69452995, 0.72231508, 0.75012428, 0.77796303, 0.80580452, 0.83359515, 0.8613202, 0.88903248, 0.91678899, 0.94457827, 1.), .UNSPECIFIED.);
#6767 = DIRECTION('', (0., -0.13333333, -0.99107125));
#6768 = DIRECTION('', (-1., -0., 0.));
#6769 = CARTESIAN_POINT('', (-34.8, 61.99999999, 206.99999999));
#6770 = AXIS2_PLACEMENT_3D('', #6769, #6768, #6767);
#6771 = CIRCLE('', #6770, 2.99999999);
#6772 = DIRECTION('', (-1., 0., 0.));
#6773 = VECTOR('', #6772, 1.);
#6774 = CARTESIAN_POINT('', (-13.2, 59., 207.));
#6775 = LINE('', #6774, #6773);
#6776 = DIRECTION('', (0., -1., 0.));
#6777 = VECTOR('', #6776, 1.);
#6778 = CARTESIAN_POINT('', (-34.8, 59., 207.));
#6779 = LINE('', #6778, #6777);
#6780 = DIRECTION('', (1., 0., 0.));
#6781 = VECTOR('', #6780, 1.);
#6782 = CARTESIAN_POINT('', (-13.3527864, 62., 204.));
#6783 = LINE('', #6782, #6781);
#6784 = DIRECTION('', (0., 0., -1.));
#6785 = DIRECTION('', (1., -0., 0.));
#6786 = CARTESIAN_POINT('', (13., 62., 207.));
#6787 = AXIS2_PLACEMENT_3D('', #6786, #6785, #6784);
#6788 = CIRCLE('', #6787, 3.);
#6789 = DIRECTION('', (1., -0., 0.));
#6790 = VECTOR('', #6789, 1.);
#6791 = CARTESIAN_POINT('', (13., 62., 204.));
#6792 = LINE('', #6791, #6790);
#6793 = DIRECTION('', (0., 0., -1.));
#6794 = DIRECTION('', (1., -0., 0.));
#6795 = CARTESIAN_POINT('', (35., 62., 207.));
#6796 = AXIS2_PLACEMENT_3D('', #6795, #6794, #6793);
#6797 = CIRCLE('', #6796, 3.);
#6798 = DIRECTION('', (0., 0., 1.));
#6799 = DIRECTION('', (1., -0., -0.));
#6800 = CARTESIAN_POINT('', (13., 62., 207.));
#6801 = AXIS2_PLACEMENT_3D('', #6800, #6799, #6798);
#6802 = CIRCLE('', #6801, 3.);
#6803 = DIRECTION('', (0., 0., 1.));
#6804 = DIRECTION('', (1., -0., -0.));
#6805 = CARTESIAN_POINT('', (35., 62., 207.));
#6806 = AXIS2_PLACEMENT_3D('', #6805, #6804, #6803);
#6807 = CIRCLE('', #6806, 3.);
#6808 = DIRECTION('', (1., -0., 0.));
#6809 = VECTOR('', #6808, 1.);
#6810 = CARTESIAN_POINT('', (13., 62., 210.));
#6811 = LINE('', #6810, #6809);
#6812 = DIRECTION('', (-0., -0.13333333, -0.99107125));
#6813 = DIRECTION('', (-1., -0., 0.));
#6814 = CARTESIAN_POINT('', (34.8, 61.99999999, 206.99999999));
#6815 = AXIS2_PLACEMENT_3D('', #6814, #6813, #6812);
#6816 = CIRCLE('', #6815, 2.99999999);
#6817 = CARTESIAN_POINT('', (34.6472136, 62., 204.));
#6818 = CARTESIAN_POINT('', (34.64160804, 62.00626722, 204.));
#6819 = CARTESIAN_POINT('', (34.63300182, 62.01549147, 204.00002946));
#6820 = CARTESIAN_POINT('', (34.62114546, 62.027422, 204.00012097));
#6821 = CARTESIAN_POINT('', (34.61206378, 62.03618407, 204.00021405));
#6822 = CARTESIAN_POINT('', (34.60279719, 62.04475561, 204.00032987));
#6823 = CARTESIAN_POINT('', (34.59335195, 62.05313061, 204.00046671));
#6824 = CARTESIAN_POINT('', (34.583734, 62.06130392, 204.00062281));
#6825 = CARTESIAN_POINT('', (34.57394759, 62.06927208, 204.00079643));
#6826 = CARTESIAN_POINT('', (34.56399674, 62.07703192, 204.00098589));
#6827 = CARTESIAN_POINT('', (34.55388627, 62.08457978, 204.00118945));
#6828 = CARTESIAN_POINT('', (34.54362006, 62.0919129, 204.00140543));
#6829 = CARTESIAN_POINT('', (34.53319934, 62.09903037, 204.00163221));
#6830 = CARTESIAN_POINT('', (34.52262504, 62.10593109, 204.00186825));
#6831 = CARTESIAN_POINT('', (34.51190329, 62.11261052, 204.00211187));
#6832 = CARTESIAN_POINT('', (34.50104708, 62.11906047, 204.00236126));
#6833 = CARTESIAN_POINT('', (34.49006911, 62.12527409, 204.00261467));
#6834 = CARTESIAN_POINT('', (34.47897195, 62.13125095, 204.0028706));
#6835 = CARTESIAN_POINT('', (34.46774982, 62.13699446, 204.00312778));
#6836 = CARTESIAN_POINT('', (34.4564027, 62.14250414, 204.00338486));
#6837 = CARTESIAN_POINT('', (34.44494132, 62.14777438, 204.00364028));
#6838 = CARTESIAN_POINT('', (34.43337364, 62.15280172, 204.00389258));
#6839 = CARTESIAN_POINT('', (34.42169543, 62.15758793, 204.00414064));
#6840 = CARTESIAN_POINT('', (34.40990296, 62.16213351, 204.00438332));
#6841 = CARTESIAN_POINT('', (34.39800989, 62.16643217, 204.0046192));
#6842 = CARTESIAN_POINT('', (34.38604158, 62.17047491, 204.00484668));
#6843 = CARTESIAN_POINT('', (34.37401366, 62.17425789, 204.0050645));
#6844 = CARTESIAN_POINT('', (34.36192216, 62.17778375, 204.00527183));
#6845 = CARTESIAN_POINT('', (34.34975479, 62.18105635, 204.00546799));
#6846 = CARTESIAN_POINT('', (34.33750864, 62.18407574, 204.00565217));
#6847 = CARTESIAN_POINT('', (34.32519267, 62.18683892, 204.0058234));
#6848 = CARTESIAN_POINT('', (34.31281527, 62.1893436, 204.00598081));
#6849 = CARTESIAN_POINT('', (34.30037986, 62.19158868, 204.0061237));
#6850 = CARTESIAN_POINT('', (34.28789666, 62.19357177, 204.00625133));
#6851 = CARTESIAN_POINT('', (34.27538699, 62.19528972, 204.00636295));
#6852 = CARTESIAN_POINT('', (34.26286533, 62.19674182, 204.00645808));
#6853 = CARTESIAN_POINT('', (34.25032518, 62.19792998, 204.00653644));
#6854 = CARTESIAN_POINT('', (34.23775444, 62.19885528, 204.00659779));
#6855 = CARTESIAN_POINT('', (34.22098076, 62.1997359, 204.00665642));
#6856 = CARTESIAN_POINT('', (34.20838664, 62.20000001, 204.0066741));
#6857 = CARTESIAN_POINT('', (34.2, 62.2, 204.00667409));
#6858 = B_SPLINE_CURVE_WITH_KNOTS('', 3, (#6817, #6818, #6819, #6820, #6821, #6822, #6823, #6824, #6825, #6826, #6827, #6828, #6829, #6830, #6831, #6832, #6833, #6834, #6835, #6836, #6837, #6838, #6839, #6840, #6841, #6842, #6843, #6844, #6845, #6846, #6847, #6848, #6849, #6850, #6851, #6852, #6853, #6854, #6855, #6856, #6857), .UNSPECIFIED., .F., .F., (4, 1, 1, 1, 1, 1, 1, 1, 1, 1, 1, 1, 1, 1, 1, 1, 1, 1, 1, 1, 1, 1, 1, 1, 1, 1, 1, 1, 1, 1, 1, 1, 1, 1, 1, 1, 1, 1, 4), (0., 0.04998074, 0.07497302, 0.09997677, 0.12499101, 0.15000562, 0.1750135, 0.20001839, 0.22502438, 0.25002637, 0.27502251, 0.30002452, 0.32504647, 0.35008743, 0.37512202, 0.40011837, 0.42508117, 0.45005597, 0.47506526, 0.50007266, 0.5250532, 0.55004956, 0.57510422, 0.60018678, 0.62522913, 0.65020313, 0.67514282, 0.70010263, 0.72510356, 0.75012001, 0.7751336, 0.80017007, 0.82523399, 0.85026611, 0.87522655, 0.90016183, 0.92513825, 0.95014824, 1.), .UNSPECIFIED.);
#6859 = CARTESIAN_POINT('', (34.8, 61.6, 204.02678625));
#6860 = CARTESIAN_POINT('', (34.80000001, 61.60721204, 204.02581598));
#6861 = CARTESIAN_POINT('', (34.79980465, 61.61805039, 204.024398));
#6862 = CARTESIAN_POINT('', (34.79915105, 61.6325209, 204.02258515));
#6863 = CARTESIAN_POINT('', (34.79846056, 61.64341451, 204.02126084));
#6864 = CARTESIAN_POINT('', (34.79756996, 61.65431444, 204.01997624));
#6865 = CARTESIAN_POINT('', (34.79648103, 61.6651933, 204.01873445));
#6866 = CARTESIAN_POINT('', (34.79519582, 61.67603692, 204.01753669));
#6867 = CARTESIAN_POINT('', (34.79371434, 61.68685043, 204.01638195));
#6868 = CARTESIAN_POINT('', (34.79203572, 61.69763955, 204.01526931));
#6869 = CARTESIAN_POINT('', (34.79016104, 61.70839589, 204.0141993));
#6870 = CARTESIAN_POINT('', (34.78809263, 61.71910783, 204.01317259));
#6871 = CARTESIAN_POINT('', (34.78583038, 61.72977837, 204.01218836));
#6872 = CARTESIAN_POINT('', (34.78337097, 61.74042142, 204.01124492));
#6873 = CARTESIAN_POINT('', (34.78071189, 61.75104227, 204.01034152));
#6874 = CARTESIAN_POINT('', (34.77785486, 61.76162882, 204.00947887));
#6875 = CARTESIAN_POINT('', (34.77480471, 61.77216154, 204.00865806));
#6876 = CARTESIAN_POINT('', (34.77156517, 61.78262867, 204.00787932));
#6877 = CARTESIAN_POINT('', (34.76813673, 61.79303013, 204.00714192));
#6878 = CARTESIAN_POINT('', (34.76451862, 61.80336847, 204.00644499));
#6879 = CARTESIAN_POINT('', (34.76071179, 61.81364058, 204.00578804));
#6880 = CARTESIAN_POINT('', (34.75671874, 61.82383971, 204.00517078));
#6881 = CARTESIAN_POINT('', (34.75254082, 61.83396286, 204.00459257));
#6882 = CARTESIAN_POINT('', (34.74817709, 61.84401212, 204.00405252));
#6883 = CARTESIAN_POINT('', (34.74362639, 61.85398913, 204.00354979));
#6884 = CARTESIAN_POINT('', (34.73888963, 61.86389044, 204.00308381));
#6885 = CARTESIAN_POINT('', (34.73397028, 61.87370777, 204.00265414));
#6886 = CARTESIAN_POINT('', (34.7288728, 61.88343204, 204.00226033));
#6887 = CARTESIAN_POINT('', (34.72360046, 61.89305748, 204.00190162));
#6888 = CARTESIAN_POINT('', (34.7181543, 61.90258262, 204.00157712));
#6889 = CARTESIAN_POINT('', (34.7125344, 61.91200744, 204.00128583));
#6890 = CARTESIAN_POINT('', (34.70674205, 61.92132951, 204.00102691));
#6891 = CARTESIAN_POINT('', (34.70078045, 61.93054361, 204.00079948));
#6892 = CARTESIAN_POINT('', (34.69465275, 61.93964506, 204.00060264));
#6893 = CARTESIAN_POINT('', (34.68836032, 61.94863206, 204.00043537));
#6894 = CARTESIAN_POINT('', (34.68118573, 61.95849032, 204.00028127));
#6895 = CARTESIAN_POINT('', (34.67306195, 61.96916637, 204.00015106));
#6896 = CARTESIAN_POINT('', (34.66163179, 61.98345064, 204.00003181));
#6897 = CARTESIAN_POINT('', (34.65290333, 61.99363869, 204.));
#6898 = CARTESIAN_POINT('', (34.6472136, 62., 204.));
#6899 = B_SPLINE_CURVE_WITH_KNOTS('', 3, (#6859, #6860, #6861, #6862, #6863, #6864, #6865, #6866, #6867, #6868, #6869, #6870, #6871, #6872, #6873, #6874, #6875, #6876, #6877, #6878, #6879, #6880, #6881, #6882, #6883, #6884, #6885, #6886, #6887, #6888, #6889, #6890, #6891, #6892, #6893, #6894, #6895, #6896, #6897, #6898), .UNSPECIFIED., .F., .F., (4, 1, 1, 1, 1, 1, 1, 1, 1, 1, 1, 1, 1, 1, 1, 1, 1, 1, 1, 1, 1, 1, 1, 1, 1, 1, 1, 1, 1, 1, 1, 1, 1, 1, 1, 1, 1, 4), (0., 0.04972868, 0.07469635, 0.09975542, 0.12486517, 0.14994158, 0.17494654, 0.19992988, 0.22494084, 0.24994597, 0.27489733, 0.29982101, 0.32478528, 0.34981966, 0.37489148, 0.39994667, 0.42496038, 0.44995348, 0.47495457, 0.49995879, 0.52494633, 0.54991878, 0.57489802, 0.59990228, 0.62493109, 0.64996873, 0.67499616, 0.70000519, 0.72500381, 0.75000594, 0.77501537, 0.80002143, 0.82501514, 0.85000324, 0.87499852, 0.90833831, 0.94167837, 1.), .UNSPECIFIED.);
#6900 = DIRECTION('', (-1., -0., 0.));
#6901 = VECTOR('', #6900, 1.);
#6902 = CARTESIAN_POINT('', (34.2, 62.2, 204.00667409));
#6903 = LINE('', #6902, #6901);
#6904 = CARTESIAN_POINT('', (13.8, 62.2, 204.00667409));
#6905 = CARTESIAN_POINT('', (13.79239973, 62.20000001, 204.0066741));
#6906 = CARTESIAN_POINT('', (13.78097868, 62.19978296, 204.00665957));
#6907 = CARTESIAN_POINT('', (13.76574037, 62.19905778, 204.00661126));
#6908 = CARTESIAN_POINT('', (13.75427144, 62.19829178, 204.0065604));
#6909 = CARTESIAN_POINT('', (13.74280677, 62.19730485, 204.00649517));
#6910 = CARTESIAN_POINT('', (13.73137382, 62.19609934, 204.00641592));
#6911 = CARTESIAN_POINT('', (13.7199852, 62.1946776, 204.0063231));
#6912 = CARTESIAN_POINT('', (13.70863594, 62.19303999, 204.00621701));
#6913 = CARTESIAN_POINT('', (13.69732183, 62.19118612, 204.00609801));
#6914 = CARTESIAN_POINT('', (13.68605102, 62.18911744, 204.00596657));
#6915 = CARTESIAN_POINT('', (13.67483155, 62.186836, 204.00582328));
#6916 = CARTESIAN_POINT('', (13.66365656, 62.18434082, 204.00566857));
#6917 = CARTESIAN_POINT('', (13.6525127, 62.18162828, 204.00550274));
#6918 = CARTESIAN_POINT('', (13.64140077, 62.17869716, 204.00532633));
#6919 = CARTESIAN_POINT('', (13.63034005, 62.17555154, 204.00514021));
#6920 = CARTESIAN_POINT('', (13.61935205, 62.17219773, 204.00494542));
#6921 = CARTESIAN_POINT('', (13.60844396, 62.16863882, 204.00474285));
#6922 = CARTESIAN_POINT('', (13.59761059, 62.16487377, 204.00453315));
#6923 = CARTESIAN_POINT('', (13.58685036, 62.16090204, 204.00431709));
#6924 = CARTESIAN_POINT('', (13.57617229, 62.15672699, 204.00409567));
#6925 = CARTESIAN_POINT('', (13.565585, 62.15235251, 204.00386993));
#6926 = CARTESIAN_POINT('', (13.55508483, 62.1477776, 204.00364069));
#6927 = CARTESIAN_POINT('', (13.54466172, 62.14299749, 204.00340866));
#6928 = CARTESIAN_POINT('', (13.53431504, 62.13801074, 204.00317473));
#6929 = CARTESIAN_POINT('', (13.52405875, 62.13282311, 204.00294022));
#6930 = CARTESIAN_POINT('', (13.51391075, 62.1274437, 204.00270654));
#6931 = CARTESIAN_POINT('', (13.50387935, 62.12187773, 204.00247494));
#6932 = CARTESIAN_POINT('', (13.49396131, 62.11612415, 204.00224641));
#6933 = CARTESIAN_POINT('', (13.48415206, 62.11018032, 204.00202194));
#6934 = CARTESIAN_POINT('', (13.47445464, 62.10404773, 204.0018027));
#6935 = CARTESIAN_POINT('', (13.46487764, 62.09773171, 204.00159005));
#6936 = CARTESIAN_POINT('', (13.45542733, 62.09123668, 204.00138527));
#6937 = CARTESIAN_POINT('', (13.44610477, 62.08456369, 204.00118953));
#6938 = CARTESIAN_POINT('', (13.43690958, 62.07771246, 204.00100403));
#6939 = CARTESIAN_POINT('', (13.42784405, 62.07068442, 204.00083002));
#6940 = CARTESIAN_POINT('', (13.41891317, 62.06348322, 204.0006688));
#6941 = CARTESIAN_POINT('', (13.41012196, 62.0561129, 204.00052174));
#6942 = CARTESIAN_POINT('', (13.40147374, 62.04857628, 204.00039008));
#6943 = CARTESIAN_POINT('', (13.39297104, 62.04087559, 204.00027512));
#6944 = CARTESIAN_POINT('', (13.38461718, 62.03301383, 204.00017815));
#6945 = CARTESIAN_POINT('', (13.37641614, 62.02499477, 204.00010048));
#6946 = CARTESIAN_POINT('', (13.36569, 62.01409793, 204.00002435));
#6947 = CARTESIAN_POINT('', (13.35788239, 62.0056975, 204.));
#6948 = CARTESIAN_POINT('', (13.3527864, 62., 204.));
#6949 = B_SPLINE_CURVE_WITH_KNOTS('', 3, (#6904, #6905, #6906, #6907, #6908, #6909, #6910, #6911, #6912, #6913, #6914, #6915, #6916, #6917, #6918, #6919, #6920, #6921, #6922, #6923, #6924, #6925, #6926, #6927, #6928, #6929, #6930, #6931, #6932, #6933, #6934, #6935, #6936, #6937, #6938, #6939, #6940, #6941, #6942, #6943, #6944, #6945, #6946, #6947, #6948), .UNSPECIFIED., .F., .F., (4, 1, 1, 1, 1, 1, 1, 1, 1, 1, 1, 1, 1, 1, 1, 1, 1, 1, 1, 1, 1, 1, 1, 1, 1, 1, 1, 1, 1, 1, 1, 1, 1, 1, 1, 1, 1, 1, 1, 1, 1, 1, 4), (0., 0.04517739, 0.06788886, 0.09067813, 0.11350022, 0.13628689, 0.15901292, 0.18172081, 0.20444748, 0.22716341, 0.24983709, 0.27250515, 0.29522841, 0.31801643, 0.34082066, 0.36358829, 0.38631251, 0.40903166, 0.43177029, 0.45450027, 0.47719287, 0.49987363, 0.52259267, 0.5453653, 0.56815781, 0.59092387, 0.61364903, 0.63636084, 0.65909091, 0.68183603, 0.70457265, 0.72729232, 0.75000619, 0.77272763, 0.79545973, 0.81819495, 0.84092578, 0.86365394, 0.88638421, 0.90911509, 0.93184167, 0.95456277, 1.), .UNSPECIFIED.);
#6950 = CARTESIAN_POINT('', (13.3527864, 62., 204.));
#6951 = CARTESIAN_POINT('', (13.34736747, 61.99394147, 204.));
#6952 = CARTESIAN_POINT('', (13.33942382, 61.98468846, 204.00002753));
#6953 = CARTESIAN_POINT('', (13.32921438, 61.97203556, 204.00012525));
#6954 = CARTESIAN_POINT('', (13.32175083, 61.96239111, 204.00023049));
#6955 = CARTESIAN_POINT('', (13.31448448, 61.95259645, 204.00036913));
#6956 = CARTESIAN_POINT('', (13.30741915, 61.94265677, 204.00054252));
#6957 = CARTESIAN_POINT('', (13.30055722, 61.93257552, 204.00075205));
#6958 = CARTESIAN_POINT('', (13.29389991, 61.92235433, 204.00099908));
#6959 = CARTESIAN_POINT('', (13.28744967, 61.91199648, 204.001285));
#6960 = CARTESIAN_POINT('', (13.28121149, 61.90150969, 204.00161097));
#6961 = CARTESIAN_POINT('', (13.27519092, 61.89090371, 204.00197799));
#6962 = CARTESIAN_POINT('', (13.26939119, 61.88018521, 204.00238709));
#6963 = CARTESIAN_POINT('', (13.26381266, 61.86935587, 204.0028394));
#6964 = CARTESIAN_POINT('', (13.2584552, 61.85841575, 204.00333614));
#6965 = CARTESIAN_POINT('', (13.25332043, 61.84736799, 204.0038784));
#6966 = CARTESIAN_POINT('', (13.24841109, 61.83621841, 204.00446707));
#6967 = CARTESIAN_POINT('', (13.24372885, 61.82497085, 204.0051031));
#6968 = CARTESIAN_POINT('', (13.23927448, 61.81362685, 204.0057875));
#6969 = CARTESIAN_POINT('', (13.23505048, 61.80219194, 204.00652107));
#6970 = CARTESIAN_POINT('', (13.23106156, 61.79067905, 204.00730399));
#6971 = CARTESIAN_POINT('', (13.22731165, 61.77910149, 204.0081362));
#6972 = CARTESIAN_POINT('', (13.22380137, 61.76746441, 204.00901808));
#6973 = CARTESIAN_POINT('', (13.22052946, 61.75576605, 204.00995051));
#6974 = CARTESIAN_POINT('', (13.21749527, 61.74400493, 204.01093439));
#6975 = CARTESIAN_POINT('', (13.21469941, 61.73218324, 204.01197032));
#6976 = CARTESIAN_POINT('', (13.21214277, 61.72030424, 204.01305876));
#6977 = CARTESIAN_POINT('', (13.20982623, 61.70837067, 204.0142002));
#6978 = CARTESIAN_POINT('', (13.20775143, 61.69638946, 204.01539464));
#6979 = CARTESIAN_POINT('', (13.20592107, 61.68437653, 204.01664106));
#6980 = CARTESIAN_POINT('', (13.20433711, 61.67235083, 204.01793783));
#6981 = CARTESIAN_POINT('', (13.20299896, 61.66031989, 204.01928426));
#6982 = CARTESIAN_POINT('', (13.20190448, 61.64827518, 204.02068149));
#6983 = CARTESIAN_POINT('', (13.20105272, 61.63620754, 204.02213089));
#6984 = CARTESIAN_POINT('', (13.20024253, 61.62011223, 204.02413031));
#6985 = CARTESIAN_POINT('', (13.19999999, 61.6080377, 204.02570489));
#6986 = CARTESIAN_POINT('', (13.2, 61.6, 204.02678625));
#6987 = B_SPLINE_CURVE_WITH_KNOTS('', 3, (#6950, #6951, #6952, #6953, #6954, #6955, #6956, #6957, #6958, #6959, #6960, #6961, #6962, #6963, #6964, #6965, #6966, #6967, #6968, #6969, #6970, #6971, #6972, #6973, #6974, #6975, #6976, #6977, #6978, #6979, #6980, #6981, #6982, #6983, #6984, #6985, #6986), .UNSPECIFIED., .F., .F., (4, 1, 1, 1, 1, 1, 1, 1, 1, 1, 1, 1, 1, 1, 1, 1, 1, 1, 1, 1, 1, 1, 1, 1, 1, 1, 1, 1, 1, 1, 1, 1, 1, 1, 4), (0., 0.05554652, 0.08331968, 0.1110989, 0.13888219, 0.16666189, 0.19443873, 0.22222633, 0.25003183, 0.27784187, 0.30563553, 0.33340598, 0.36116611, 0.38893416, 0.41671474, 0.44449662, 0.47227819, 0.50007953, 0.52790643, 0.55572751, 0.58351026, 0.61125966, 0.63900432, 0.6667605, 0.69452995, 0.72231508, 0.75012428, 0.77796303, 0.80580452, 0.83359515, 0.8613202, 0.88903248, 0.91678899, 0.94457827, 1.), .UNSPECIFIED.);
#6988 = DIRECTION('', (0., -0.13333333, -0.99107125));
#6989 = DIRECTION('', (-1., -0., -0.));
#6990 = CARTESIAN_POINT('', (13.2, 61.99999999, 206.99999999));
#6991 = AXIS2_PLACEMENT_3D('', #6990, #6989, #6988);
#6992 = CIRCLE('', #6991, 2.99999999);
#6993 = DIRECTION('', (-1., -0., 0.));
#6994 = VECTOR('', #6993, 1.);
#6995 = CARTESIAN_POINT('', (34.8, 59., 207.));
#6996 = LINE('', #6995, #6994);
#6997 = DIRECTION('', (-0., -1., 0.));
#6998 = VECTOR('', #6997, 1.);
#6999 = CARTESIAN_POINT('', (13.2, 59., 207.));
#7000 = LINE('', #6999, #6998);
#7001 = DIRECTION('', (1., -0., 0.));
#7002 = VECTOR('', #7001, 1.);
#7003 = CARTESIAN_POINT('', (34.6472136, 62., 204.));
#7004 = LINE('', #7003, #7002);
#7005 = DIRECTION('', (0., 0., 1.));
#7006 = DIRECTION('', (-1., 0., -0.));
#7007 = CARTESIAN_POINT('', (-35., 62., 207.));
#7008 = AXIS2_PLACEMENT_3D('', #7007, #7006, #7005);
#7009 = CIRCLE('', #7008, 1.2);
#7010 = DIRECTION('', (0., -0., 1.));
#7011 = DIRECTION('', (1., 0., -0.));
#7012 = CARTESIAN_POINT('', (-35., 62., 207.));
#7013 = AXIS2_PLACEMENT_3D('', #7012, #7011, #7010);
#7014 = CIRCLE('', #7013, 1.2);
#7015 = DIRECTION('', (0., 0., 1.));
#7016 = DIRECTION('', (-1., -0., 0.));
#7017 = CARTESIAN_POINT('', (-13., 62., 207.));
#7018 = AXIS2_PLACEMENT_3D('', #7017, #7016, #7015);
#7019 = CIRCLE('', #7018, 1.2);
#7020 = DIRECTION('', (0., -0., 1.));
#7021 = DIRECTION('', (1., -0., -0.));
#7022 = CARTESIAN_POINT('', (-13., 62., 207.));
#7023 = AXIS2_PLACEMENT_3D('', #7022, #7021, #7020);
#7024 = CIRCLE('', #7023, 1.2);
#7025 = DIRECTION('', (0., -1., 0.));
#7026 = DIRECTION('', (1., 0., 0.));
#7027 = CARTESIAN_POINT('', (-35., 62., 207.));
#7028 = AXIS2_PLACEMENT_3D('', #7027, #7026, #7025);
#7029 = CIRCLE('', #7028, 1.2);
#7030 = DIRECTION('', (0., 1., -0.));
#7031 = DIRECTION('', (-1., -0., -0.));
#7032 = CARTESIAN_POINT('', (-35., 62., 207.));
#7033 = AXIS2_PLACEMENT_3D('', #7032, #7031, #7030);
#7034 = CIRCLE('', #7033, 1.2);
#7035 = DIRECTION('', (0., -1., -0.));
#7036 = DIRECTION('', (1., 0., 0.));
#7037 = CARTESIAN_POINT('', (-13., 62., 207.));
#7038 = AXIS2_PLACEMENT_3D('', #7037, #7036, #7035);
#7039 = CIRCLE('', #7038, 1.2);
#7040 = DIRECTION('', (0., 1., 0.));
#7041 = DIRECTION('', (-1., 0., -0.));
#7042 = CARTESIAN_POINT('', (-13., 62., 207.));
#7043 = AXIS2_PLACEMENT_3D('', #7042, #7041, #7040);
#7044 = CIRCLE('', #7043, 1.2);
#7045 = DIRECTION('', (1., -0., 0.));
#7046 = VECTOR('', #7045, 1.);
#7047 = CARTESIAN_POINT('', (-35., 62., 205.8));
#7048 = LINE('', #7047, #7046);
#7049 = DIRECTION('', (1., -0., 0.));
#7050 = VECTOR('', #7049, 1.);
#7051 = CARTESIAN_POINT('', (-35., 62., 208.2));
#7052 = LINE('', #7051, #7050);
#7053 = DIRECTION('', (-0., 0., 1.));
#7054 = DIRECTION('', (-1., -0., -0.));
#7055 = CARTESIAN_POINT('', (13., 62., 207.));
#7056 = AXIS2_PLACEMENT_3D('', #7055, #7054, #7053);
#7057 = CIRCLE('', #7056, 1.2);
#7058 = DIRECTION('', (-0., -0., 1.));
#7059 = DIRECTION('', (1., -0., 0.));
#7060 = CARTESIAN_POINT('', (13., 62., 207.));
#7061 = AXIS2_PLACEMENT_3D('', #7060, #7059, #7058);
#7062 = CIRCLE('', #7061, 1.2);
#7063 = DIRECTION('', (0., 0., 1.));
#7064 = DIRECTION('', (-1., 0., 0.));
#7065 = CARTESIAN_POINT('', (35., 62., 207.));
#7066 = AXIS2_PLACEMENT_3D('', #7065, #7064, #7063);
#7067 = CIRCLE('', #7066, 1.2);
#7068 = DIRECTION('', (0., -0., 1.));
#7069 = DIRECTION('', (1., 0., -0.));
#7070 = CARTESIAN_POINT('', (35., 62., 207.));
#7071 = AXIS2_PLACEMENT_3D('', #7070, #7069, #7068);
#7072 = CIRCLE('', #7071, 1.2);
#7073 = DIRECTION('', (-0., -1., 0.));
#7074 = DIRECTION('', (1., -0., -0.));
#7075 = CARTESIAN_POINT('', (13., 62., 207.));
#7076 = AXIS2_PLACEMENT_3D('', #7075, #7074, #7073);
#7077 = CIRCLE('', #7076, 1.2);
#7078 = DIRECTION('', (-0., 1., -0.));
#7079 = DIRECTION('', (-1., -0., 0.));
#7080 = CARTESIAN_POINT('', (13., 62., 207.));
#7081 = AXIS2_PLACEMENT_3D('', #7080, #7079, #7078);
#7082 = CIRCLE('', #7081, 1.2);
#7083 = DIRECTION('', (0., -1., -0.));
#7084 = DIRECTION('', (1., -0., 0.));
#7085 = CARTESIAN_POINT('', (35., 62., 207.));
#7086 = AXIS2_PLACEMENT_3D('', #7085, #7084, #7083);
#7087 = CIRCLE('', #7086, 1.2);
#7088 = DIRECTION('', (0., 1., 0.));
#7089 = DIRECTION('', (-1., 0., 0.));
#7090 = CARTESIAN_POINT('', (35., 62., 207.));
#7091 = AXIS2_PLACEMENT_3D('', #7090, #7089, #7088);
#7092 = CIRCLE('', #7091, 1.2);
#7093 = DIRECTION('', (1., -0., 0.));
#7094 = VECTOR('', #7093, 1.);
#7095 = CARTESIAN_POINT('', (13., 62., 205.8));
#7096 = LINE('', #7095, #7094);
#7097 = DIRECTION('', (1., -0., 0.));
#7098 = VECTOR('', #7097, 1.);
#7099 = CARTESIAN_POINT('', (13., 62., 208.2));
#7100 = LINE('', #7099, #7098);
#7101 = EDGE_CURVE('', #6, #8, #1617, .T.);
#7102 = EDGE_CURVE('', #8, #10, #1621, .T.);
#7103 = EDGE_CURVE('', #12, #10, #1626, .T.);
#7104 = EDGE_CURVE('', #6, #12, #1630, .T.);
#7105 = EDGE_CURVE('', #8, #14, #1634, .T.);
#7106 = EDGE_CURVE('', #14, #16, #1638, .T.);
#7107 = EDGE_CURVE('', #10, #16, #1642, .T.);
#7108 = EDGE_CURVE('', #14, #18, #1647, .T.);
#7109 = EDGE_CURVE('', #18, #20, #1651, .T.);
#7110 = EDGE_CURVE('', #16, #20, #1656, .T.);
#7111 = EDGE_CURVE('', #18, #22, #1660, .T.);
#7112 = EDGE_CURVE('', #22, #24, #1664, .T.);
#7113 = EDGE_CURVE('', #20, #24, #1668, .T.);
#7114 = EDGE_CURVE('', #22, #26, #1673, .T.);
#7115 = EDGE_CURVE('', #26, #28, #1677, .T.);
#7116 = EDGE_CURVE('', #24, #28, #1682, .T.);
#7117 = EDGE_CURVE('', #26, #30, #1686, .T.);
#7118 = EDGE_CURVE('', #30, #32, #1690, .T.);
#7119 = EDGE_CURVE('', #28, #32, #1694, .T.);
#7120 = EDGE_CURVE('', #30, #34, #1699, .T.);
#7121 = EDGE_CURVE('', #34, #36, #1703, .T.);
#7122 = EDGE_CURVE('', #32, #36, #1708, .T.);
#7123 = EDGE_CURVE('', #34, #6, #1712, .T.);
#7124 = EDGE_CURVE('', #36, #12, #1716, .T.);
#7125 = EDGE_CURVE('', #38, #38, #1721, .T.);
#7126 = EDGE_CURVE('', #38, #40, #1725, .T.);
#7127 = EDGE_CURVE('', #40, #40, #1730, .T.);
#7128 = EDGE_CURVE('', #42, #44, #1735, .T.);
#7129 = EDGE_CURVE('', #44, #46, #1739, .T.);
#7130 = EDGE_CURVE('', #48, #46, #1744, .T.);
#7131 = EDGE_CURVE('', #42, #48, #1748, .T.);
#7132 = EDGE_CURVE('', #44, #50, #1752, .T.);
#7133 = EDGE_CURVE('', #50, #52, #1756, .T.);
#7134 = EDGE_CURVE('', #46, #52, #1760, .T.);
#7135 = EDGE_CURVE('', #50, #54, #1765, .T.);
#7136 = EDGE_CURVE('', #54, #56, #1769, .T.);
#7137 = EDGE_CURVE('', #52, #56, #1774, .T.);
#7138 = EDGE_CURVE('', #54, #58, #1778, .T.);
#7139 = EDGE_CURVE('', #58, #60, #1782, .T.);
#7140 = EDGE_CURVE('', #56, #60, #1786, .T.);
#7141 = EDGE_CURVE('', #58, #62, #1791, .T.);
#7142 = EDGE_CURVE('', #62, #64, #1795, .T.);
#7143 = EDGE_CURVE('', #60, #64, #1800, .T.);
#7144 = EDGE_CURVE('', #62, #66, #1804, .T.);
#7145 = EDGE_CURVE('', #66, #68, #1808, .T.);
#7146 = EDGE_CURVE('', #64, #68, #1812, .T.);
#7147 = EDGE_CURVE('', #66, #70, #1817, .T.);
#7148 = EDGE_CURVE('', #70, #72, #1821, .T.);
#7149 = EDGE_CURVE('', #68, #72, #1826, .T.);
#7150 = EDGE_CURVE('', #70, #42, #1830, .T.);
#7151 = EDGE_CURVE('', #72, #48, #1834, .T.);
#7152 = EDGE_CURVE('', #74, #84, #1839, .T.);
#7153 = EDGE_CURVE('', #74, #82, #1844, .T.);
#7154 = EDGE_CURVE('', #78, #88, #1849, .T.);
#7155 = EDGE_CURVE('', #78, #86, #1854, .T.);
#7156 = EDGE_CURVE('', #82, #76, #1859, .T.);
#7157 = EDGE_CURVE('', #84, #76, #1864, .T.);
#7158 = EDGE_CURVE('', #86, #80, #1869, .T.);
#7159 = EDGE_CURVE('', #88, #80, #1874, .T.);
#7160 = EDGE_CURVE('', #76, #80, #1878, .T.);
#7161 = EDGE_CURVE('', #74, #78, #1882, .T.);
#7162 = EDGE_CURVE('', #90, #94, #1887, .T.);
#7163 = EDGE_CURVE('', #90, #92, #1891, .T.);
#7164 = EDGE_CURVE('', #92, #96, #1896, .T.);
#7165 = EDGE_CURVE('', #94, #90, #1901, .T.);
#7166 = EDGE_CURVE('', #96, #92, #1906, .T.);
#7167 = EDGE_CURVE('', #94, #96, #1910, .T.);
#7168 = EDGE_CURVE('', #98, #108, #1915, .T.);
#7169 = EDGE_CURVE('', #98, #106, #1920, .T.);
#7170 = EDGE_CURVE('', #102, #112, #1925, .T.);
#7171 = EDGE_CURVE('', #102, #110, #1930, .T.);
#7172 = EDGE_CURVE('', #106, #100, #1935, .T.);
#7173 = EDGE_CURVE('', #108, #100, #1940, .T.);
#7174 = EDGE_CURVE('', #110, #104, #1945, .T.);
#7175 = EDGE_CURVE('', #112, #104, #1950, .T.);
#7176 = EDGE_CURVE('', #100, #104, #1954, .T.);
#7177 = EDGE_CURVE('', #98, #102, #1958, .T.);
#7178 = EDGE_CURVE('', #114, #118, #1963, .T.);
#7179 = EDGE_CURVE('', #114, #116, #1967, .T.);
#7180 = EDGE_CURVE('', #116, #120, #1972, .T.);
#7181 = EDGE_CURVE('', #118, #114, #1977, .T.);
#7182 = EDGE_CURVE('', #120, #116, #1982, .T.);
#7183 = EDGE_CURVE('', #118, #120, #1986, .T.);
#7184 = EDGE_CURVE('', #122, #124, #1991, .T.);
#7185 = EDGE_CURVE('', #122, #126, #1995, .T.);
#7186 = EDGE_CURVE('', #124, #122, #2000, .T.);
#7187 = EDGE_CURVE('', #124, #128, #2004, .T.);
#7188 = EDGE_CURVE('', #126, #132, #2009, .T.);
#7189 = EDGE_CURVE('', #126, #130, #2014, .T.);
#7190 = EDGE_CURVE('', #130, #128, #2019, .T.);
#7191 = EDGE_CURVE('', #132, #128, #2024, .T.);
#7192 = EDGE_CURVE('', #134, #136, #2029, .T.);
#7193 = EDGE_CURVE('', #136, #138, #2033, .T.);
#7194 = EDGE_CURVE('', #140, #138, #2038, .T.);
#7195 = EDGE_CURVE('', #134, #140, #2042, .T.);
#7196 = EDGE_CURVE('', #136, #142, #2046, .T.);
#7197 = EDGE_CURVE('', #142, #144, #2050, .T.);
#7198 = EDGE_CURVE('', #138, #144, #2054, .T.);
#7199 = EDGE_CURVE('', #142, #146, #2059, .T.);
#7200 = EDGE_CURVE('', #146, #148, #2063, .T.);
#7201 = EDGE_CURVE('', #144, #148, #2068, .T.);
#7202 = EDGE_CURVE('', #146, #150, #2072, .T.);
#7203 = EDGE_CURVE('', #150, #152, #2076, .T.);
#7204 = EDGE_CURVE('', #148, #152, #2080, .T.);
#7205 = EDGE_CURVE('', #150, #154, #2085, .T.);
#7206 = EDGE_CURVE('', #154, #156, #2089, .T.);
#7207 = EDGE_CURVE('', #152, #156, #2094, .T.);
#7208 = EDGE_CURVE('', #154, #158, #2098, .T.);
#7209 = EDGE_CURVE('', #158, #160, #2102, .T.);
#7210 = EDGE_CURVE('', #156, #160, #2106, .T.);
#7211 = EDGE_CURVE('', #158, #162, #2111, .T.);
#7212 = EDGE_CURVE('', #162, #164, #2115, .T.);
#7213 = EDGE_CURVE('', #160, #164, #2120, .T.);
#7214 = EDGE_CURVE('', #162, #134, #2124, .T.);
#7215 = EDGE_CURVE('', #164, #140, #2128, .T.);
#7216 = EDGE_CURVE('', #166, #168, #2133, .T.);
#7217 = EDGE_CURVE('', #168, #182, #2137, .T.);
#7218 = EDGE_CURVE('', #166, #184, #2141, .T.);
#7219 = EDGE_CURVE('', #168, #170, #2145, .T.);
#7220 = EDGE_CURVE('', #170, #186, #2149, .T.);
#7221 = EDGE_CURVE('', #170, #172, #2154, .T.);
#7222 = EDGE_CURVE('', #172, #188, #2158, .T.);
#7223 = EDGE_CURVE('', #172, #174, #2162, .T.);
#7224 = EDGE_CURVE('', #174, #190, #2166, .T.);
#7225 = EDGE_CURVE('', #174, #176, #2171, .T.);
#7226 = EDGE_CURVE('', #176, #192, #2175, .T.);
#7227 = EDGE_CURVE('', #176, #178, #2179, .T.);
#7228 = EDGE_CURVE('', #178, #194, #2183, .T.);
#7229 = EDGE_CURVE('', #178, #180, #2188, .T.);
#7230 = EDGE_CURVE('', #180, #196, #2192, .T.);
#7231 = EDGE_CURVE('', #180, #166, #2196, .T.);
#7232 = EDGE_CURVE('', #182, #184, #2201, .T.);
#7233 = EDGE_CURVE('', #182, #186, #2205, .T.);
#7234 = EDGE_CURVE('', #186, #188, #2210, .T.);
#7235 = EDGE_CURVE('', #188, #190, #2214, .T.);
#7236 = EDGE_CURVE('', #190, #192, #2219, .T.);
#7237 = EDGE_CURVE('', #192, #194, #2223, .T.);
#7238 = EDGE_CURVE('', #196, #194, #2228, .T.);
#7239 = EDGE_CURVE('', #196, #184, #2232, .T.);
#7240 = EDGE_CURVE('', #198, #200, #2237, .T.);
#7241 = EDGE_CURVE('', #200, #198, #2242, .T.);
#7242 = EDGE_CURVE('', #202, #206, #2247, .T.);
#7243 = EDGE_CURVE('', #202, #204, #2251, .T.);
#7244 = EDGE_CURVE('', #204, #208, #2256, .T.);
#7245 = EDGE_CURVE('', #206, #202, #2261, .T.);
#7246 = EDGE_CURVE('', #208, #204, #2266, .T.);
#7247 = EDGE_CURVE('', #206, #208, #2270, .T.);
#7248 = EDGE_CURVE('', #210, #216, #2275, .T.);
#7249 = EDGE_CURVE('', #210, #214, #2280, .T.);
#7250 = EDGE_CURVE('', #214, #212, #2285, .T.);
#7251 = EDGE_CURVE('', #216, #212, #2290, .T.);
#7252 = EDGE_CURVE('', #212, #200, #2294, .T.);
#7253 = EDGE_CURVE('', #210, #198, #2298, .T.);
#7254 = EDGE_CURVE('', #218, #220, #2303, .T.);
#7255 = EDGE_CURVE('', #220, #222, #2307, .T.);
#7256 = EDGE_CURVE('', #224, #222, #2312, .T.);
#7257 = EDGE_CURVE('', #218, #224, #2316, .T.);
#7258 = EDGE_CURVE('', #220, #226, #2320, .T.);
#7259 = EDGE_CURVE('', #226, #228, #2324, .T.);
#7260 = EDGE_CURVE('', #222, #228, #2328, .T.);
#7261 = EDGE_CURVE('', #226, #230, #2333, .T.);
#7262 = EDGE_CURVE('', #230, #232, #2337, .T.);
#7263 = EDGE_CURVE('', #228, #232, #2342, .T.);
#7264 = EDGE_CURVE('', #230, #234, #2346, .T.);
#7265 = EDGE_CURVE('', #234, #236, #2350, .T.);
#7266 = EDGE_CURVE('', #232, #236, #2354, .T.);
#7267 = EDGE_CURVE('', #234, #238, #2359, .T.);
#7268 = EDGE_CURVE('', #238, #240, #2363, .T.);
#7269 = EDGE_CURVE('', #236, #240, #2368, .T.);
#7270 = EDGE_CURVE('', #238, #242, #2372, .T.);
#7271 = EDGE_CURVE('', #242, #244, #2376, .T.);
#7272 = EDGE_CURVE('', #240, #244, #2380, .T.);
#7273 = EDGE_CURVE('', #242, #246, #2385, .T.);
#7274 = EDGE_CURVE('', #246, #248, #2389, .T.);
#7275 = EDGE_CURVE('', #244, #248, #2394, .T.);
#7276 = EDGE_CURVE('', #246, #218, #2398, .T.);
#7277 = EDGE_CURVE('', #248, #224, #2402, .T.);
#7278 = EDGE_CURVE('', #250, #260, #2407, .T.);
#7279 = EDGE_CURVE('', #250, #258, #2412, .T.);
#7280 = EDGE_CURVE('', #254, #264, #2417, .T.);
#7281 = EDGE_CURVE('', #254, #262, #2422, .T.);
#7282 = EDGE_CURVE('', #258, #252, #2427, .T.);
#7283 = EDGE_CURVE('', #260, #252, #2432, .T.);
#7284 = EDGE_CURVE('', #262, #256, #2437, .T.);
#7285 = EDGE_CURVE('', #264, #256, #2442, .T.);
#7286 = EDGE_CURVE('', #252, #256, #2446, .T.);
#7287 = EDGE_CURVE('', #250, #254, #2450, .T.);
#7288 = EDGE_CURVE('', #266, #268, #2455, .T.);
#7289 = EDGE_CURVE('', #268, #270, #2459, .T.);
#7290 = EDGE_CURVE('', #272, #270, #2464, .T.);
#7291 = EDGE_CURVE('', #266, #272, #2468, .T.);
#7292 = EDGE_CURVE('', #268, #274, #2472, .T.);
#7293 = EDGE_CURVE('', #274, #276, #2476, .T.);
#7294 = EDGE_CURVE('', #270, #276, #2480, .T.);
#7295 = EDGE_CURVE('', #274, #278, #2485, .T.);
#7296 = EDGE_CURVE('', #278, #280, #2489, .T.);
#7297 = EDGE_CURVE('', #276, #280, #2494, .T.);
#7298 = EDGE_CURVE('', #278, #282, #2498, .T.);
#7299 = EDGE_CURVE('', #282, #284, #2502, .T.);
#7300 = EDGE_CURVE('', #280, #284, #2506, .T.);
#7301 = EDGE_CURVE('', #282, #286, #2511, .T.);
#7302 = EDGE_CURVE('', #286, #288, #2515, .T.);
#7303 = EDGE_CURVE('', #284, #288, #2520, .T.);
#7304 = EDGE_CURVE('', #286, #290, #2524, .T.);
#7305 = EDGE_CURVE('', #290, #292, #2528, .T.);
#7306 = EDGE_CURVE('', #288, #292, #2532, .T.);
#7307 = EDGE_CURVE('', #290, #294, #2537, .T.);
#7308 = EDGE_CURVE('', #294, #296, #2541, .T.);
#7309 = EDGE_CURVE('', #292, #296, #2546, .T.);
#7310 = EDGE_CURVE('', #294, #266, #2550, .T.);
#7311 = EDGE_CURVE('', #296, #272, #2554, .T.);
#7312 = EDGE_CURVE('', #298, #300, #2559, .T.);
#7313 = EDGE_CURVE('', #298, #302, #2563, .T.);
#7314 = EDGE_CURVE('', #302, #304, #2568, .T.);
#7315 = EDGE_CURVE('', #304, #306, #2572, .T.);
#7316 = EDGE_CURVE('', #306, #308, #2577, .T.);
#7317 = EDGE_CURVE('', #308, #310, #2581, .T.);
#7318 = EDGE_CURVE('', #312, #310, #2586, .T.);
#7319 = EDGE_CURVE('', #312, #300, #2590, .T.);
#7320 = EDGE_CURVE('', #314, #316, #2595, .T.);
#7321 = EDGE_CURVE('', #314, #318, #2599, .T.);
#7322 = EDGE_CURVE('', #318, #320, #2604, .T.);
#7323 = EDGE_CURVE('', #320, #322, #2608, .T.);
#7324 = EDGE_CURVE('', #322, #324, #2613, .T.);
#7325 = EDGE_CURVE('', #324, #326, #2617, .T.);
#7326 = EDGE_CURVE('', #328, #326, #2622, .T.);
#7327 = EDGE_CURVE('', #328, #316, #2626, .T.);
#7328 = EDGE_CURVE('', #298, #314, #2630, .T.);
#7329 = EDGE_CURVE('', #300, #316, #2634, .T.);
#7330 = EDGE_CURVE('', #302, #318, #2638, .T.);
#7331 = EDGE_CURVE('', #304, #320, #2642, .T.);
#7332 = EDGE_CURVE('', #306, #322, #2646, .T.);
#7333 = EDGE_CURVE('', #308, #324, #2650, .T.);
#7334 = EDGE_CURVE('', #310, #326, #2654, .T.);
#7335 = EDGE_CURVE('', #312, #328, #2658, .T.);
#7336 = EDGE_CURVE('', #330, #334, #2663, .T.);
#7337 = EDGE_CURVE('', #330, #332, #2667, .T.);
#7338 = EDGE_CURVE('', #332, #336, #2672, .T.);
#7339 = EDGE_CURVE('', #334, #330, #2677, .T.);
#7340 = EDGE_CURVE('', #336, #332, #2682, .T.);
#7341 = EDGE_CURVE('', #334, #336, #2686, .T.);
#7342 = EDGE_CURVE('', #338, #348, #2691, .T.);
#7343 = EDGE_CURVE('', #338, #346, #2696, .T.);
#7344 = EDGE_CURVE('', #342, #352, #2701, .T.);
#7345 = EDGE_CURVE('', #342, #350, #2706, .T.);
#7346 = EDGE_CURVE('', #346, #340, #2711, .T.);
#7347 = EDGE_CURVE('', #348, #340, #2716, .T.);
#7348 = EDGE_CURVE('', #350, #344, #2721, .T.);
#7349 = EDGE_CURVE('', #352, #344, #2726, .T.);
#7350 = EDGE_CURVE('', #340, #344, #2730, .T.);
#7351 = EDGE_CURVE('', #338, #342, #2734, .T.);
#7352 = EDGE_CURVE('', #354, #356, #2739, .T.);
#7353 = EDGE_CURVE('', #356, #358, #2743, .T.);
#7354 = EDGE_CURVE('', #360, #358, #2748, .T.);
#7355 = EDGE_CURVE('', #354, #360, #2752, .T.);
#7356 = EDGE_CURVE('', #356, #362, #2756, .T.);
#7357 = EDGE_CURVE('', #362, #364, #2760, .T.);
#7358 = EDGE_CURVE('', #358, #364, #2764, .T.);
#7359 = EDGE_CURVE('', #362, #366, #2769, .T.);
#7360 = EDGE_CURVE('', #366, #368, #2773, .T.);
#7361 = EDGE_CURVE('', #364, #368, #2778, .T.);
#7362 = EDGE_CURVE('', #366, #370, #2782, .T.);
#7363 = EDGE_CURVE('', #370, #372, #2786, .T.);
#7364 = EDGE_CURVE('', #368, #372, #2790, .T.);
#7365 = EDGE_CURVE('', #370, #374, #2795, .T.);
#7366 = EDGE_CURVE('', #374, #376, #2799, .T.);
#7367 = EDGE_CURVE('', #372, #376, #2804, .T.);
#7368 = EDGE_CURVE('', #374, #378, #2808, .T.);
#7369 = EDGE_CURVE('', #378, #380, #2812, .T.);
#7370 = EDGE_CURVE('', #376, #380, #2816, .T.);
#7371 = EDGE_CURVE('', #378, #382, #2821, .T.);
#7372 = EDGE_CURVE('', #382, #384, #2825, .T.);
#7373 = EDGE_CURVE('', #380, #384, #2830, .T.);
#7374 = EDGE_CURVE('', #382, #354, #2834, .T.);
#7375 = EDGE_CURVE('', #384, #360, #2838, .T.);
#7376 = EDGE_CURVE('', #386, #388, #2843, .T.);
#7377 = EDGE_CURVE('', #386, #390, #2847, .T.);
#7378 = EDGE_CURVE('', #390, #392, #2852, .T.);
#7379 = EDGE_CURVE('', #392, #394, #2856, .T.);
#7380 = EDGE_CURVE('', #394, #396, #2861, .T.);
#7381 = EDGE_CURVE('', #396, #398, #2865, .T.);
#7382 = EDGE_CURVE('', #400, #398, #2870, .T.);
#7383 = EDGE_CURVE('', #400, #388, #2874, .T.);
#7384 = EDGE_CURVE('', #402, #404, #2879, .T.);
#7385 = EDGE_CURVE('', #402, #406, #2883, .T.);
#7386 = EDGE_CURVE('', #406, #408, #2888, .T.);
#7387 = EDGE_CURVE('', #408, #410, #2892, .T.);
#7388 = EDGE_CURVE('', #410, #412, #2897, .T.);
#7389 = EDGE_CURVE('', #412, #414, #2901, .T.);
#7390 = EDGE_CURVE('', #416, #414, #2906, .T.);
#7391 = EDGE_CURVE('', #416, #404, #2910, .T.);
#7392 = EDGE_CURVE('', #386, #402, #2914, .T.);
#7393 = EDGE_CURVE('', #388, #404, #2918, .T.);
#7394 = EDGE_CURVE('', #390, #406, #2922, .T.);
#7395 = EDGE_CURVE('', #392, #408, #2926, .T.);
#7396 = EDGE_CURVE('', #394, #410, #2930, .T.);
#7397 = EDGE_CURVE('', #396, #412, #2934, .T.);
#7398 = EDGE_CURVE('', #398, #414, #2938, .T.);
#7399 = EDGE_CURVE('', #400, #416, #2942, .T.);
#7400 = EDGE_CURVE('', #418, #420, #2947, .T.);
#7401 = EDGE_CURVE('', #420, #422, #2951, .T.);
#7402 = EDGE_CURVE('', #424, #422, #2956, .T.);
#7403 = EDGE_CURVE('', #418, #424, #2960, .T.);
#7404 = EDGE_CURVE('', #420, #426, #2964, .T.);
#7405 = EDGE_CURVE('', #426, #428, #2968, .T.);
#7406 = EDGE_CURVE('', #422, #428, #2972, .T.);
#7407 = EDGE_CURVE('', #426, #430, #2977, .T.);
#7408 = EDGE_CURVE('', #430, #432, #2981, .T.);
#7409 = EDGE_CURVE('', #428, #432, #2986, .T.);
#7410 = EDGE_CURVE('', #430, #434, #2990, .T.);
#7411 = EDGE_CURVE('', #434, #436, #2994, .T.);
#7412 = EDGE_CURVE('', #432, #436, #2998, .T.);
#7413 = EDGE_CURVE('', #434, #438, #3003, .T.);
#7414 = EDGE_CURVE('', #438, #440, #3007, .T.);
#7415 = EDGE_CURVE('', #436, #440, #3012, .T.);
#7416 = EDGE_CURVE('', #438, #442, #3016, .T.);
#7417 = EDGE_CURVE('', #442, #444, #3020, .T.);
#7418 = EDGE_CURVE('', #440, #444, #3024, .T.);
#7419 = EDGE_CURVE('', #442, #446, #3029, .T.);
#7420 = EDGE_CURVE('', #446, #448, #3033, .T.);
#7421 = EDGE_CURVE('', #444, #448, #3038, .T.);
#7422 = EDGE_CURVE('', #446, #418, #3042, .T.);
#7423 = EDGE_CURVE('', #448, #424, #3046, .T.);
#7424 = EDGE_CURVE('', #450, #452, #3051, .T.);
#7425 = EDGE_CURVE('', #450, #454, #3055, .T.);
#7426 = EDGE_CURVE('', #454, #456, #3060, .T.);
#7427 = EDGE_CURVE('', #456, #458, #3064, .T.);
#7428 = EDGE_CURVE('', #458, #460, #3069, .T.);
#7429 = EDGE_CURVE('', #460, #462, #3073, .T.);
#7430 = EDGE_CURVE('', #464, #462, #3078, .T.);
#7431 = EDGE_CURVE('', #464, #452, #3082, .T.);
#7432 = EDGE_CURVE('', #466, #468, #3087, .T.);
#7433 = EDGE_CURVE('', #466, #470, #3091, .T.);
#7434 = EDGE_CURVE('', #470, #472, #3096, .T.);
#7435 = EDGE_CURVE('', #472, #474, #3100, .T.);
#7436 = EDGE_CURVE('', #474, #476, #3105, .T.);
#7437 = EDGE_CURVE('', #476, #478, #3109, .T.);
#7438 = EDGE_CURVE('', #480, #478, #3114, .T.);
#7439 = EDGE_CURVE('', #480, #468, #3118, .T.);
#7440 = EDGE_CURVE('', #450, #466, #3122, .T.);
#7441 = EDGE_CURVE('', #452, #468, #3126, .T.);
#7442 = EDGE_CURVE('', #454, #470, #3130, .T.);
#7443 = EDGE_CURVE('', #456, #472, #3134, .T.);
#7444 = EDGE_CURVE('', #458, #474, #3138, .T.);
#7445 = EDGE_CURVE('', #460, #476, #3142, .T.);
#7446 = EDGE_CURVE('', #462, #478, #3146, .T.);
#7447 = EDGE_CURVE('', #464, #480, #3150, .T.);
#7448 = EDGE_CURVE('', #482, #484, #3155, .T.);
#7449 = EDGE_CURVE('', #482, #486, #3159, .T.);
#7450 = EDGE_CURVE('', #486, #488, #3164, .T.);
#7451 = EDGE_CURVE('', #488, #490, #3168, .T.);
#7452 = EDGE_CURVE('', #490, #492, #3173, .T.);
#7453 = EDGE_CURVE('', #492, #494, #3177, .T.);
#7454 = EDGE_CURVE('', #496, #494, #3182, .T.);
#7455 = EDGE_CURVE('', #496, #484, #3186, .T.);
#7456 = EDGE_CURVE('', #498, #500, #3191, .T.);
#7457 = EDGE_CURVE('', #498, #502, #3195, .T.);
#7458 = EDGE_CURVE('', #502, #504, #3200, .T.);
#7459 = EDGE_CURVE('', #504, #506, #3204, .T.);
#7460 = EDGE_CURVE('', #506, #508, #3209, .T.);
#7461 = EDGE_CURVE('', #508, #510, #3213, .T.);
#7462 = EDGE_CURVE('', #512, #510, #3218, .T.);
#7463 = EDGE_CURVE('', #512, #500, #3222, .T.);
#7464 = EDGE_CURVE('', #482, #498, #3226, .T.);
#7465 = EDGE_CURVE('', #484, #500, #3230, .T.);
#7466 = EDGE_CURVE('', #486, #502, #3234, .T.);
#7467 = EDGE_CURVE('', #488, #504, #3238, .T.);
#7468 = EDGE_CURVE('', #490, #506, #3242, .T.);
#7469 = EDGE_CURVE('', #492, #508, #3246, .T.);
#7470 = EDGE_CURVE('', #494, #510, #3250, .T.);
#7471 = EDGE_CURVE('', #496, #512, #3254, .T.);
#7472 = EDGE_CURVE('', #514, #516, #3259, .T.);
#7473 = EDGE_CURVE('', #514, #518, #3263, .T.);
#7474 = EDGE_CURVE('', #518, #520, #3268, .T.);
#7475 = EDGE_CURVE('', #520, #522, #3272, .T.);
#7476 = EDGE_CURVE('', #522, #524, #3277, .T.);
#7477 = EDGE_CURVE('', #524, #526, #3281, .T.);
#7478 = EDGE_CURVE('', #528, #526, #3286, .T.);
#7479 = EDGE_CURVE('', #528, #516, #3290, .T.);
#7480 = EDGE_CURVE('', #530, #532, #3295, .T.);
#7481 = EDGE_CURVE('', #530, #534, #3299, .T.);
#7482 = EDGE_CURVE('', #534, #536, #3304, .T.);
#7483 = EDGE_CURVE('', #536, #538, #3308, .T.);
#7484 = EDGE_CURVE('', #538, #540, #3313, .T.);
#7485 = EDGE_CURVE('', #540, #542, #3317, .T.);
#7486 = EDGE_CURVE('', #544, #542, #3322, .T.);
#7487 = EDGE_CURVE('', #544, #532, #3326, .T.);
#7488 = EDGE_CURVE('', #514, #530, #3330, .T.);
#7489 = EDGE_CURVE('', #516, #532, #3334, .T.);
#7490 = EDGE_CURVE('', #518, #534, #3338, .T.);
#7491 = EDGE_CURVE('', #520, #536, #3342, .T.);
#7492 = EDGE_CURVE('', #522, #538, #3346, .T.);
#7493 = EDGE_CURVE('', #524, #540, #3350, .T.);
#7494 = EDGE_CURVE('', #526, #542, #3354, .T.);
#7495 = EDGE_CURVE('', #528, #544, #3358, .T.);
#7496 = EDGE_CURVE('', #546, #548, #3363, .T.);
#7497 = EDGE_CURVE('', #546, #550, #3367, .T.);
#7498 = EDGE_CURVE('', #550, #552, #3372, .T.);
#7499 = EDGE_CURVE('', #552, #554, #3376, .T.);
#7500 = EDGE_CURVE('', #554, #556, #3381, .T.);
#7501 = EDGE_CURVE('', #556, #558, #3385, .T.);
#7502 = EDGE_CURVE('', #560, #558, #3390, .T.);
#7503 = EDGE_CURVE('', #560, #548, #3394, .T.);
#7504 = EDGE_CURVE('', #562, #564, #3399, .T.);
#7505 = EDGE_CURVE('', #562, #566, #3403, .T.);
#7506 = EDGE_CURVE('', #566, #568, #3408, .T.);
#7507 = EDGE_CURVE('', #568, #570, #3412, .T.);
#7508 = EDGE_CURVE('', #570, #572, #3417, .T.);
#7509 = EDGE_CURVE('', #572, #574, #3421, .T.);
#7510 = EDGE_CURVE('', #576, #574, #3426, .T.);
#7511 = EDGE_CURVE('', #576, #564, #3430, .T.);
#7512 = EDGE_CURVE('', #546, #562, #3434, .T.);
#7513 = EDGE_CURVE('', #548, #564, #3438, .T.);
#7514 = EDGE_CURVE('', #550, #566, #3442, .T.);
#7515 = EDGE_CURVE('', #552, #568, #3446, .T.);
#7516 = EDGE_CURVE('', #554, #570, #3450, .T.);
#7517 = EDGE_CURVE('', #556, #572, #3454, .T.);
#7518 = EDGE_CURVE('', #558, #574, #3458, .T.);
#7519 = EDGE_CURVE('', #560, #576, #3462, .T.);
#7520 = EDGE_CURVE('', #578, #580, #3467, .T.);
#7521 = EDGE_CURVE('', #578, #582, #3471, .T.);
#7522 = EDGE_CURVE('', #582, #584, #3476, .T.);
#7523 = EDGE_CURVE('', #584, #586, #3480, .T.);
#7524 = EDGE_CURVE('', #586, #588, #3485, .T.);
#7525 = EDGE_CURVE('', #588, #590, #3489, .T.);
#7526 = EDGE_CURVE('', #592, #590, #3494, .T.);
#7527 = EDGE_CURVE('', #592, #580, #3498, .T.);
#7528 = EDGE_CURVE('', #594, #596, #3503, .T.);
#7529 = EDGE_CURVE('', #594, #598, #3507, .T.);
#7530 = EDGE_CURVE('', #598, #600, #3512, .T.);
#7531 = EDGE_CURVE('', #600, #602, #3516, .T.);
#7532 = EDGE_CURVE('', #602, #604, #3521, .T.);
#7533 = EDGE_CURVE('', #604, #606, #3525, .T.);
#7534 = EDGE_CURVE('', #608, #606, #3530, .T.);
#7535 = EDGE_CURVE('', #608, #596, #3534, .T.);
#7536 = EDGE_CURVE('', #578, #594, #3538, .T.);
#7537 = EDGE_CURVE('', #580, #596, #3542, .T.);
#7538 = EDGE_CURVE('', #582, #598, #3546, .T.);
#7539 = EDGE_CURVE('', #584, #600, #3550, .T.);
#7540 = EDGE_CURVE('', #586, #602, #3554, .T.);
#7541 = EDGE_CURVE('', #588, #604, #3558, .T.);
#7542 = EDGE_CURVE('', #590, #606, #3562, .T.);
#7543 = EDGE_CURVE('', #592, #608, #3566, .T.);
#7544 = EDGE_CURVE('', #610, #612, #3571, .T.);
#7545 = EDGE_CURVE('', #612, #614, #3575, .T.);
#7546 = EDGE_CURVE('', #616, #614, #3580, .T.);
#7547 = EDGE_CURVE('', #610, #616, #3584, .T.);
#7548 = EDGE_CURVE('', #612, #618, #3588, .T.);
#7549 = EDGE_CURVE('', #618, #620, #3592, .T.);
#7550 = EDGE_CURVE('', #614, #620, #3596, .T.);
#7551 = EDGE_CURVE('', #618, #622, #3601, .T.);
#7552 = EDGE_CURVE('', #622, #624, #3605, .T.);
#7553 = EDGE_CURVE('', #620, #624, #3610, .T.);
#7554 = EDGE_CURVE('', #622, #626, #3614, .T.);
#7555 = EDGE_CURVE('', #626, #628, #3618, .T.);
#7556 = EDGE_CURVE('', #624, #628, #3622, .T.);
#7557 = EDGE_CURVE('', #626, #630, #3627, .T.);
#7558 = EDGE_CURVE('', #630, #632, #3631, .T.);
#7559 = EDGE_CURVE('', #628, #632, #3636, .T.);
#7560 = EDGE_CURVE('', #630, #634, #3640, .T.);
#7561 = EDGE_CURVE('', #634, #636, #3644, .T.);
#7562 = EDGE_CURVE('', #632, #636, #3648, .T.);
#7563 = EDGE_CURVE('', #634, #638, #3653, .T.);
#7564 = EDGE_CURVE('', #638, #640, #3657, .T.);
#7565 = EDGE_CURVE('', #636, #640, #3662, .T.);
#7566 = EDGE_CURVE('', #638, #610, #3666, .T.);
#7567 = EDGE_CURVE('', #640, #616, #3670, .T.);
#7568 = EDGE_CURVE('', #642, #644, #3675, .T.);
#7569 = EDGE_CURVE('', #644, #658, #3679, .T.);
#7570 = EDGE_CURVE('', #642, #660, #3683, .T.);
#7571 = EDGE_CURVE('', #644, #646, #3687, .T.);
#7572 = EDGE_CURVE('', #646, #662, #3691, .T.);
#7573 = EDGE_CURVE('', #646, #648, #3696, .T.);
#7574 = EDGE_CURVE('', #648, #664, #3700, .T.);
#7575 = EDGE_CURVE('', #648, #650, #3704, .T.);
#7576 = EDGE_CURVE('', #650, #666, #3708, .T.);
#7577 = EDGE_CURVE('', #650, #652, #3713, .T.);
#7578 = EDGE_CURVE('', #652, #668, #3717, .T.);
#7579 = EDGE_CURVE('', #652, #654, #3721, .T.);
#7580 = EDGE_CURVE('', #654, #670, #3725, .T.);
#7581 = EDGE_CURVE('', #654, #656, #3730, .T.);
#7582 = EDGE_CURVE('', #656, #672, #3734, .T.);
#7583 = EDGE_CURVE('', #656, #642, #3738, .T.);
#7584 = EDGE_CURVE('', #658, #660, #3743, .T.);
#7585 = EDGE_CURVE('', #658, #662, #3747, .T.);
#7586 = EDGE_CURVE('', #662, #664, #3752, .T.);
#7587 = EDGE_CURVE('', #664, #666, #3756, .T.);
#7588 = EDGE_CURVE('', #666, #668, #3761, .T.);
#7589 = EDGE_CURVE('', #668, #670, #3765, .T.);
#7590 = EDGE_CURVE('', #672, #670, #3770, .T.);
#7591 = EDGE_CURVE('', #672, #660, #3774, .T.);
#7592 = EDGE_CURVE('', #674, #684, #3779, .T.);
#7593 = EDGE_CURVE('', #674, #682, #3784, .T.);
#7594 = EDGE_CURVE('', #678, #688, #3789, .T.);
#7595 = EDGE_CURVE('', #678, #686, #3794, .T.);
#7596 = EDGE_CURVE('', #682, #676, #3799, .T.);
#7597 = EDGE_CURVE('', #684, #676, #3804, .T.);
#7598 = EDGE_CURVE('', #686, #680, #3809, .T.);
#7599 = EDGE_CURVE('', #688, #680, #3814, .T.);
#7600 = EDGE_CURVE('', #676, #680, #3818, .T.);
#7601 = EDGE_CURVE('', #674, #678, #3822, .T.);
#7602 = EDGE_CURVE('', #690, #692, #3827, .T.);
#7603 = EDGE_CURVE('', #692, #694, #3831, .T.);
#7604 = EDGE_CURVE('', #696, #694, #3836, .T.);
#7605 = EDGE_CURVE('', #690, #696, #3840, .T.);
#7606 = EDGE_CURVE('', #692, #698, #3844, .T.);
#7607 = EDGE_CURVE('', #698, #700, #3848, .T.);
#7608 = EDGE_CURVE('', #694, #700, #3852, .T.);
#7609 = EDGE_CURVE('', #698, #702, #3857, .T.);
#7610 = EDGE_CURVE('', #702, #704, #3861, .T.);
#7611 = EDGE_CURVE('', #700, #704, #3866, .T.);
#7612 = EDGE_CURVE('', #702, #706, #3870, .T.);
#7613 = EDGE_CURVE('', #706, #708, #3874, .T.);
#7614 = EDGE_CURVE('', #704, #708, #3878, .T.);
#7615 = EDGE_CURVE('', #706, #710, #3883, .T.);
#7616 = EDGE_CURVE('', #710, #712, #3887, .T.);
#7617 = EDGE_CURVE('', #708, #712, #3892, .T.);
#7618 = EDGE_CURVE('', #710, #714, #3896, .T.);
#7619 = EDGE_CURVE('', #714, #716, #3900, .T.);
#7620 = EDGE_CURVE('', #712, #716, #3904, .T.);
#7621 = EDGE_CURVE('', #714, #718, #3909, .T.);
#7622 = EDGE_CURVE('', #718, #720, #3913, .T.);
#7623 = EDGE_CURVE('', #716, #720, #3918, .T.);
#7624 = EDGE_CURVE('', #718, #690, #3922, .T.);
#7625 = EDGE_CURVE('', #720, #696, #3926, .T.);
#7626 = EDGE_CURVE('', #722, #724, #3931, .T.);
#7627 = EDGE_CURVE('', #724, #738, #3935, .T.);
#7628 = EDGE_CURVE('', #722, #740, #3939, .T.);
#7629 = EDGE_CURVE('', #724, #726, #3943, .T.);
#7630 = EDGE_CURVE('', #726, #742, #3947, .T.);
#7631 = EDGE_CURVE('', #726, #728, #3952, .T.);
#7632 = EDGE_CURVE('', #728, #744, #3956, .T.);
#7633 = EDGE_CURVE('', #728, #730, #3960, .T.);
#7634 = EDGE_CURVE('', #730, #746, #3964, .T.);
#7635 = EDGE_CURVE('', #730, #732, #3969, .T.);
#7636 = EDGE_CURVE('', #732, #748, #3973, .T.);
#7637 = EDGE_CURVE('', #732, #734, #3977, .T.);
#7638 = EDGE_CURVE('', #734, #750, #3981, .T.);
#7639 = EDGE_CURVE('', #734, #736, #3986, .T.);
#7640 = EDGE_CURVE('', #736, #752, #3990, .T.);
#7641 = EDGE_CURVE('', #736, #722, #3994, .T.);
#7642 = EDGE_CURVE('', #738, #740, #3999, .T.);
#7643 = EDGE_CURVE('', #738, #742, #4003, .T.);
#7644 = EDGE_CURVE('', #742, #744, #4008, .T.);
#7645 = EDGE_CURVE('', #744, #746, #4012, .T.);
#7646 = EDGE_CURVE('', #746, #748, #4017, .T.);
#7647 = EDGE_CURVE('', #748, #750, #4021, .T.);
#7648 = EDGE_CURVE('', #752, #750, #4026, .T.);
#7649 = EDGE_CURVE('', #752, #740, #4030, .T.);
#7650 = EDGE_CURVE('', #754, #756, #4035, .T.);
#7651 = EDGE_CURVE('', #756, #770, #4039, .T.);
#7652 = EDGE_CURVE('', #754, #772, #4043, .T.);
#7653 = EDGE_CURVE('', #756, #758, #4047, .T.);
#7654 = EDGE_CURVE('', #758, #774, #4051, .T.);
#7655 = EDGE_CURVE('', #758, #760, #4056, .T.);
#7656 = EDGE_CURVE('', #760, #776, #4060, .T.);
#7657 = EDGE_CURVE('', #760, #762, #4064, .T.);
#7658 = EDGE_CURVE('', #762, #778, #4068, .T.);
#7659 = EDGE_CURVE('', #762, #764, #4073, .T.);
#7660 = EDGE_CURVE('', #764, #780, #4077, .T.);
#7661 = EDGE_CURVE('', #764, #766, #4081, .T.);
#7662 = EDGE_CURVE('', #766, #782, #4085, .T.);
#7663 = EDGE_CURVE('', #766, #768, #4090, .T.);
#7664 = EDGE_CURVE('', #768, #784, #4094, .T.);
#7665 = EDGE_CURVE('', #768, #754, #4098, .T.);
#7666 = EDGE_CURVE('', #770, #772, #4103, .T.);
#7667 = EDGE_CURVE('', #770, #774, #4107, .T.);
#7668 = EDGE_CURVE('', #774, #776, #4112, .T.);
#7669 = EDGE_CURVE('', #776, #778, #4116, .T.);
#7670 = EDGE_CURVE('', #778, #780, #4121, .T.);
#7671 = EDGE_CURVE('', #780, #782, #4125, .T.);
#7672 = EDGE_CURVE('', #784, #782, #4130, .T.);
#7673 = EDGE_CURVE('', #784, #772, #4134, .T.);
#7674 = EDGE_CURVE('', #786, #788, #4139, .T.);
#7675 = EDGE_CURVE('', #788, #802, #4143, .T.);
#7676 = EDGE_CURVE('', #786, #804, #4147, .T.);
#7677 = EDGE_CURVE('', #788, #790, #4151, .T.);
#7678 = EDGE_CURVE('', #790, #806, #4155, .T.);
#7679 = EDGE_CURVE('', #790, #792, #4160, .T.);
#7680 = EDGE_CURVE('', #792, #808, #4164, .T.);
#7681 = EDGE_CURVE('', #792, #794, #4168, .T.);
#7682 = EDGE_CURVE('', #794, #810, #4172, .T.);
#7683 = EDGE_CURVE('', #794, #796, #4177, .T.);
#7684 = EDGE_CURVE('', #796, #812, #4181, .T.);
#7685 = EDGE_CURVE('', #796, #798, #4185, .T.);
#7686 = EDGE_CURVE('', #798, #814, #4189, .T.);
#7687 = EDGE_CURVE('', #798, #800, #4194, .T.);
#7688 = EDGE_CURVE('', #800, #816, #4198, .T.);
#7689 = EDGE_CURVE('', #800, #786, #4202, .T.);
#7690 = EDGE_CURVE('', #802, #804, #4207, .T.);
#7691 = EDGE_CURVE('', #802, #806, #4211, .T.);
#7692 = EDGE_CURVE('', #806, #808, #4216, .T.);
#7693 = EDGE_CURVE('', #808, #810, #4220, .T.);
#7694 = EDGE_CURVE('', #810, #812, #4225, .T.);
#7695 = EDGE_CURVE('', #812, #814, #4229, .T.);
#7696 = EDGE_CURVE('', #816, #814, #4234, .T.);
#7697 = EDGE_CURVE('', #816, #804, #4238, .T.);
#7698 = EDGE_CURVE('', #818, #820, #4243, .T.);
#7699 = EDGE_CURVE('', #820, #834, #4247, .T.);
#7700 = EDGE_CURVE('', #818, #836, #4251, .T.);
#7701 = EDGE_CURVE('', #820, #822, #4255, .T.);
#7702 = EDGE_CURVE('', #822, #838, #4259, .T.);
#7703 = EDGE_CURVE('', #822, #824, #4264, .T.);
#7704 = EDGE_CURVE('', #824, #840, #4268, .T.);
#7705 = EDGE_CURVE('', #824, #826, #4272, .T.);
#7706 = EDGE_CURVE('', #826, #842, #4276, .T.);
#7707 = EDGE_CURVE('', #826, #828, #4281, .T.);
#7708 = EDGE_CURVE('', #828, #844, #4285, .T.);
#7709 = EDGE_CURVE('', #828, #830, #4289, .T.);
#7710 = EDGE_CURVE('', #830, #846, #4293, .T.);
#7711 = EDGE_CURVE('', #830, #832, #4298, .T.);
#7712 = EDGE_CURVE('', #832, #848, #4302, .T.);
#7713 = EDGE_CURVE('', #832, #818, #4306, .T.);
#7714 = EDGE_CURVE('', #834, #836, #4311, .T.);
#7715 = EDGE_CURVE('', #834, #838, #4315, .T.);
#7716 = EDGE_CURVE('', #838, #840, #4320, .T.);
#7717 = EDGE_CURVE('', #840, #842, #4324, .T.);
#7718 = EDGE_CURVE('', #842, #844, #4329, .T.);
#7719 = EDGE_CURVE('', #844, #846, #4333, .T.);
#7720 = EDGE_CURVE('', #848, #846, #4338, .T.);
#7721 = EDGE_CURVE('', #848, #836, #4342, .T.);
#7722 = EDGE_CURVE('', #850, #852, #4347, .T.);
#7723 = EDGE_CURVE('', #852, #866, #4351, .T.);
#7724 = EDGE_CURVE('', #850, #868, #4355, .T.);
#7725 = EDGE_CURVE('', #852, #854, #4359, .T.);
#7726 = EDGE_CURVE('', #854, #870, #4363, .T.);
#7727 = EDGE_CURVE('', #854, #856, #4368, .T.);
#7728 = EDGE_CURVE('', #856, #872, #4372, .T.);
#7729 = EDGE_CURVE('', #856, #858, #4376, .T.);
#7730 = EDGE_CURVE('', #858, #874, #4380, .T.);
#7731 = EDGE_CURVE('', #858, #860, #4385, .T.);
#7732 = EDGE_CURVE('', #860, #876, #4389, .T.);
#7733 = EDGE_CURVE('', #860, #862, #4393, .T.);
#7734 = EDGE_CURVE('', #862, #878, #4397, .T.);
#7735 = EDGE_CURVE('', #862, #864, #4402, .T.);
#7736 = EDGE_CURVE('', #864, #880, #4406, .T.);
#7737 = EDGE_CURVE('', #864, #850, #4410, .T.);
#7738 = EDGE_CURVE('', #866, #868, #4415, .T.);
#7739 = EDGE_CURVE('', #866, #870, #4419, .T.);
#7740 = EDGE_CURVE('', #870, #872, #4424, .T.);
#7741 = EDGE_CURVE('', #872, #874, #4428, .T.);
#7742 = EDGE_CURVE('', #874, #876, #4433, .T.);
#7743 = EDGE_CURVE('', #876, #878, #4437, .T.);
#7744 = EDGE_CURVE('', #880, #878, #4442, .T.);
#7745 = EDGE_CURVE('', #880, #868, #4446, .T.);
#7746 = EDGE_CURVE('', #882, #884, #4451, .T.);
#7747 = EDGE_CURVE('', #884, #898, #4455, .T.);
#7748 = EDGE_CURVE('', #882, #900, #4459, .T.);
#7749 = EDGE_CURVE('', #884, #886, #4463, .T.);
#7750 = EDGE_CURVE('', #886, #902, #4467, .T.);
#7751 = EDGE_CURVE('', #886, #888, #4472, .T.);
#7752 = EDGE_CURVE('', #888, #904, #4476, .T.);
#7753 = EDGE_CURVE('', #888, #890, #4480, .T.);
#7754 = EDGE_CURVE('', #890, #906, #4484, .T.);
#7755 = EDGE_CURVE('', #890, #892, #4489, .T.);
#7756 = EDGE_CURVE('', #892, #908, #4493, .T.);
#7757 = EDGE_CURVE('', #892, #894, #4497, .T.);
#7758 = EDGE_CURVE('', #894, #910, #4501, .T.);
#7759 = EDGE_CURVE('', #894, #896, #4506, .T.);
#7760 = EDGE_CURVE('', #896, #912, #4510, .T.);
#7761 = EDGE_CURVE('', #896, #882, #4514, .T.);
#7762 = EDGE_CURVE('', #898, #900, #4519, .T.);
#7763 = EDGE_CURVE('', #898, #902, #4523, .T.);
#7764 = EDGE_CURVE('', #902, #904, #4528, .T.);
#7765 = EDGE_CURVE('', #904, #906, #4532, .T.);
#7766 = EDGE_CURVE('', #906, #908, #4537, .T.);
#7767 = EDGE_CURVE('', #908, #910, #4541, .T.);
#7768 = EDGE_CURVE('', #912, #910, #4546, .T.);
#7769 = EDGE_CURVE('', #912, #900, #4550, .T.);
#7770 = EDGE_CURVE('', #914, #916, #4555, .T.);
#7771 = EDGE_CURVE('', #916, #930, #4559, .T.);
#7772 = EDGE_CURVE('', #914, #932, #4563, .T.);
#7773 = EDGE_CURVE('', #916, #918, #4567, .T.);
#7774 = EDGE_CURVE('', #918, #934, #4571, .T.);
#7775 = EDGE_CURVE('', #918, #920, #4576, .T.);
#7776 = EDGE_CURVE('', #920, #936, #4580, .T.);
#7777 = EDGE_CURVE('', #920, #922, #4584, .T.);
#7778 = EDGE_CURVE('', #922, #938, #4588, .T.);
#7779 = EDGE_CURVE('', #922, #924, #4593, .T.);
#7780 = EDGE_CURVE('', #924, #940, #4597, .T.);
#7781 = EDGE_CURVE('', #924, #926, #4601, .T.);
#7782 = EDGE_CURVE('', #926, #942, #4605, .T.);
#7783 = EDGE_CURVE('', #926, #928, #4610, .T.);
#7784 = EDGE_CURVE('', #928, #944, #4614, .T.);
#7785 = EDGE_CURVE('', #928, #914, #4618, .T.);
#7786 = EDGE_CURVE('', #930, #932, #4623, .T.);
#7787 = EDGE_CURVE('', #930, #934, #4627, .T.);
#7788 = EDGE_CURVE('', #934, #936, #4632, .T.);
#7789 = EDGE_CURVE('', #936, #938, #4636, .T.);
#7790 = EDGE_CURVE('', #938, #940, #4641, .T.);
#7791 = EDGE_CURVE('', #940, #942, #4645, .T.);
#7792 = EDGE_CURVE('', #944, #942, #4650, .T.);
#7793 = EDGE_CURVE('', #944, #932, #4654, .T.);
#7794 = EDGE_CURVE('', #946, #948, #4659, .T.);
#7795 = EDGE_CURVE('', #948, #978, #4663, .T.);
#7796 = EDGE_CURVE('', #946, #980, #4667, .T.);
#7797 = EDGE_CURVE('', #948, #950, #4671, .T.);
#7798 = EDGE_CURVE('', #950, #982, #4675, .T.);
#7799 = EDGE_CURVE('', #950, #952, #4680, .T.);
#7800 = EDGE_CURVE('', #952, #984, #4684, .T.);
#7801 = EDGE_CURVE('', #952, #954, #4688, .T.);
#7802 = EDGE_CURVE('', #954, #986, #4692, .T.);
#7803 = EDGE_CURVE('', #954, #956, #4697, .T.);
#7804 = EDGE_CURVE('', #956, #988, #4701, .T.);
#7805 = EDGE_CURVE('', #956, #958, #4705, .T.);
#7806 = EDGE_CURVE('', #958, #990, #4709, .T.);
#7807 = EDGE_CURVE('', #958, #960, #4714, .T.);
#7808 = EDGE_CURVE('', #960, #992, #4718, .T.);
#7809 = EDGE_CURVE('', #960, #946, #4722, .T.);
#7810 = EDGE_CURVE('', #962, #964, #4727, .T.);
#7811 = EDGE_CURVE('', #962, #966, #4731, .T.);
#7812 = EDGE_CURVE('', #966, #968, #4736, .T.);
#7813 = EDGE_CURVE('', #968, #970, #4740, .T.);
#7814 = EDGE_CURVE('', #970, #972, #4745, .T.);
#7815 = EDGE_CURVE('', #972, #974, #4749, .T.);
#7816 = EDGE_CURVE('', #976, #974, #4754, .T.);
#7817 = EDGE_CURVE('', #976, #964, #4758, .T.);
#7818 = EDGE_CURVE('', #962, #1008, #4762, .T.);
#7819 = EDGE_CURVE('', #964, #996, #4766, .T.);
#7820 = EDGE_CURVE('', #966, #1006, #4770, .T.);
#7821 = EDGE_CURVE('', #968, #1004, #4774, .T.);
#7822 = EDGE_CURVE('', #970, #1002, #4778, .T.);
#7823 = EDGE_CURVE('', #972, #1000, #4782, .T.);
#7824 = EDGE_CURVE('', #974, #998, #4786, .T.);
#7825 = EDGE_CURVE('', #976, #994, #4790, .T.);
#7826 = EDGE_CURVE('', #978, #980, #4795, .T.);
#7827 = EDGE_CURVE('', #978, #982, #4799, .T.);
#7828 = EDGE_CURVE('', #982, #984, #4804, .T.);
#7829 = EDGE_CURVE('', #984, #986, #4808, .T.);
#7830 = EDGE_CURVE('', #986, #988, #4813, .T.);
#7831 = EDGE_CURVE('', #988, #990, #4817, .T.);
#7832 = EDGE_CURVE('', #992, #990, #4822, .T.);
#7833 = EDGE_CURVE('', #992, #980, #4826, .T.);
#7834 = EDGE_CURVE('', #994, #996, #4830, .T.);
#7835 = EDGE_CURVE('', #994, #998, #4835, .T.);
#7836 = EDGE_CURVE('', #1000, #998, #4839, .T.);
#7837 = EDGE_CURVE('', #1002, #1000, #4844, .T.);
#7838 = EDGE_CURVE('', #1004, #1002, #4848, .T.);
#7839 = EDGE_CURVE('', #1006, #1004, #4853, .T.);
#7840 = EDGE_CURVE('', #1008, #1006, #4857, .T.);
#7841 = EDGE_CURVE('', #1008, #996, #4862, .T.);
#7842 = EDGE_CURVE('', #1010, #1012, #4867, .T.);
#7843 = EDGE_CURVE('', #1012, #1014, #4871, .T.);
#7844 = EDGE_CURVE('', #1016, #1014, #4876, .T.);
#7845 = EDGE_CURVE('', #1010, #1016, #4880, .T.);
#7846 = EDGE_CURVE('', #1012, #1018, #4884, .T.);
#7847 = EDGE_CURVE('', #1018, #1020, #4888, .T.);
#7848 = EDGE_CURVE('', #1014, #1020, #4892, .T.);
#7849 = EDGE_CURVE('', #1018, #1022, #4897, .T.);
#7850 = EDGE_CURVE('', #1022, #1024, #4901, .T.);
#7851 = EDGE_CURVE('', #1020, #1024, #4906, .T.);
#7852 = EDGE_CURVE('', #1022, #1068, #4910, .T.);
#7853 = EDGE_CURVE('', #1026, #1028, #4914, .T.);
#7854 = EDGE_CURVE('', #1024, #1066, #4918, .T.);
#7855 = EDGE_CURVE('', #1026, #1030, #4923, .T.);
#7856 = EDGE_CURVE('', #1030, #1032, #4927, .T.);
#7857 = EDGE_CURVE('', #1028, #1032, #4932, .T.);
#7858 = EDGE_CURVE('', #1030, #1034, #4936, .T.);
#7859 = EDGE_CURVE('', #1034, #1036, #4940, .T.);
#7860 = EDGE_CURVE('', #1032, #1036, #4944, .T.);
#7861 = EDGE_CURVE('', #1034, #1038, #4949, .T.);
#7862 = EDGE_CURVE('', #1038, #1040, #4953, .T.);
#7863 = EDGE_CURVE('', #1036, #1040, #4958, .T.);
#7864 = EDGE_CURVE('', #1038, #1010, #4962, .T.);
#7865 = EDGE_CURVE('', #1040, #1016, #4966, .T.);
#7866 = EDGE_CURVE('', #1042, #1044, #4970, .T.);
#7867 = EDGE_CURVE('', #1046, #1048, #4974, .T.);
#7868 = EDGE_CURVE('', #1050, #1052, #4979, .T.);
#7869 = EDGE_CURVE('', #1050, #1044, #4983, .T.);
#7870 = EDGE_CURVE('', #1046, #1054, #4987, .T.);
#7871 = EDGE_CURVE('', #1056, #1054, #4992, .T.);
#7872 = EDGE_CURVE('', #1056, #1052, #4996, .T.);
#7873 = EDGE_CURVE('', #1058, #1060, #5001, .T.);
#7874 = EDGE_CURVE('', #1058, #1042, #5005, .T.);
#7875 = EDGE_CURVE('', #1048, #1062, #5009, .T.);
#7876 = EDGE_CURVE('', #1064, #1062, #5014, .T.);
#7877 = EDGE_CURVE('', #1064, #1060, #5018, .T.);
#7878 = EDGE_CURVE('', #1056, #1064, #5022, .T.);
#7879 = EDGE_CURVE('', #1054, #1062, #5026, .T.);
#7880 = EDGE_CURVE('', #1052, #1060, #5030, .T.);
#7881 = EDGE_CURVE('', #1050, #1058, #5034, .T.);
#7882 = EDGE_CURVE('', #1048, #1028, #5038, .T.);
#7883 = EDGE_CURVE('', #1046, #1026, #5042, .T.);
#7884 = EDGE_CURVE('', #1066, #1068, #5046, .T.);
#7885 = EDGE_CURVE('', #1070, #1072, #5050, .T.);
#7886 = EDGE_CURVE('', #1074, #1076, #5055, .T.);
#7887 = EDGE_CURVE('', #1074, #1068, #5059, .T.);
#7888 = EDGE_CURVE('', #1070, #1078, #5063, .T.);
#7889 = EDGE_CURVE('', #1080, #1078, #5068, .T.);
#7890 = EDGE_CURVE('', #1080, #1076, #5072, .T.);
#7891 = EDGE_CURVE('', #1082, #1084, #5077, .T.);
#7892 = EDGE_CURVE('', #1082, #1066, #5081, .T.);
#7893 = EDGE_CURVE('', #1072, #1086, #5085, .T.);
#7894 = EDGE_CURVE('', #1088, #1086, #5090, .T.);
#7895 = EDGE_CURVE('', #1088, #1084, #5094, .T.);
#7896 = EDGE_CURVE('', #1080, #1088, #5098, .T.);
#7897 = EDGE_CURVE('', #1078, #1086, #5102, .T.);
#7898 = EDGE_CURVE('', #1076, #1084, #5106, .T.);
#7899 = EDGE_CURVE('', #1074, #1082, #5110, .T.);
#7900 = EDGE_CURVE('', #1072, #1042, #5114, .T.);
#7901 = EDGE_CURVE('', #1070, #1044, #5118, .T.);
#7902 = EDGE_CURVE('', #1090, #1094, #5123, .T.);
#7903 = EDGE_CURVE('', #1090, #1092, #5127, .T.);
#7904 = EDGE_CURVE('', #1092, #1096, #5132, .T.);
#7905 = EDGE_CURVE('', #1094, #1098, #5137, .T.);
#7906 = EDGE_CURVE('', #1096, #1102, #5142, .T.);
#7907 = EDGE_CURVE('', #1094, #1096, #5146, .T.);
#7908 = EDGE_CURVE('', #1098, #1100, #5150, .T.);
#7909 = EDGE_CURVE('', #1102, #1104, #5154, .T.);
#7910 = EDGE_CURVE('', #1102, #1098, #5158, .T.);
#7911 = EDGE_CURVE('', #1104, #1100, #5162, .T.);
#7912 = EDGE_CURVE('', #1104, #1092, #5167, .T.);
#7913 = EDGE_CURVE('', #1100, #1090, #5172, .T.);
#7914 = EDGE_CURVE('', #1106, #1116, #5177, .T.);
#7915 = EDGE_CURVE('', #1106, #1114, #5182, .T.);
#7916 = EDGE_CURVE('', #1110, #1120, #5187, .T.);
#7917 = EDGE_CURVE('', #1110, #1118, #5192, .T.);
#7918 = EDGE_CURVE('', #1114, #1108, #5197, .T.);
#7919 = EDGE_CURVE('', #1116, #1108, #5202, .T.);
#7920 = EDGE_CURVE('', #1118, #1112, #5207, .T.);
#7921 = EDGE_CURVE('', #1120, #1112, #5212, .T.);
#7922 = EDGE_CURVE('', #1108, #1112, #5216, .T.);
#7923 = EDGE_CURVE('', #1106, #1110, #5220, .T.);
#7924 = EDGE_CURVE('', #1122, #1124, #5225, .T.);
#7925 = EDGE_CURVE('', #1124, #1126, #5229, .T.);
#7926 = EDGE_CURVE('', #1128, #1126, #5234, .T.);
#7927 = EDGE_CURVE('', #1122, #1128, #5238, .T.);
#7928 = EDGE_CURVE('', #1124, #1130, #5242, .T.);
#7929 = EDGE_CURVE('', #1130, #1132, #5246, .T.);
#7930 = EDGE_CURVE('', #1126, #1132, #5250, .T.);
#7931 = EDGE_CURVE('', #1130, #1134, #5255, .T.);
#7932 = EDGE_CURVE('', #1134, #1136, #5259, .T.);
#7933 = EDGE_CURVE('', #1132, #1136, #5264, .T.);
#7934 = EDGE_CURVE('', #1134, #1138, #5268, .T.);
#7935 = EDGE_CURVE('', #1138, #1140, #5272, .T.);
#7936 = EDGE_CURVE('', #1136, #1514, #5276, .T.);
#7937 = EDGE_CURVE('', #1138, #1142, #5281, .T.);
#7938 = EDGE_CURVE('', #1142, #1144, #5285, .T.);
#7939 = EDGE_CURVE('', #1140, #1144, #5290, .T.);
#7940 = EDGE_CURVE('', #1142, #1146, #5294, .T.);
#7941 = EDGE_CURVE('', #1146, #1148, #5298, .T.);
#7942 = EDGE_CURVE('', #1144, #1148, #5302, .T.);
#7943 = EDGE_CURVE('', #1146, #1150, #5307, .T.);
#7944 = EDGE_CURVE('', #1150, #1152, #5311, .T.);
#7945 = EDGE_CURVE('', #1148, #1152, #5316, .T.);
#7946 = EDGE_CURVE('', #1150, #1122, #5320, .T.);
#7947 = EDGE_CURVE('', #1152, #1128, #5324, .T.);
#7948 = EDGE_CURVE('', #1154, #1156, #5329, .T.);
#7949 = EDGE_CURVE('', #1156, #1170, #5333, .T.);
#7950 = EDGE_CURVE('', #1154, #1172, #5337, .T.);
#7951 = EDGE_CURVE('', #1156, #1158, #5341, .T.);
#7952 = EDGE_CURVE('', #1158, #1174, #5345, .T.);
#7953 = EDGE_CURVE('', #1158, #1160, #5350, .T.);
#7954 = EDGE_CURVE('', #1160, #1176, #5354, .T.);
#7955 = EDGE_CURVE('', #1160, #1162, #5358, .T.);
#7956 = EDGE_CURVE('', #1162, #1178, #5362, .T.);
#7957 = EDGE_CURVE('', #1162, #1164, #5367, .T.);
#7958 = EDGE_CURVE('', #1164, #1180, #5371, .T.);
#7959 = EDGE_CURVE('', #1164, #1166, #5375, .T.);
#7960 = EDGE_CURVE('', #1166, #1182, #5379, .T.);
#7961 = EDGE_CURVE('', #1166, #1168, #5384, .T.);
#7962 = EDGE_CURVE('', #1168, #1184, #5388, .T.);
#7963 = EDGE_CURVE('', #1168, #1154, #5392, .T.);
#7964 = EDGE_CURVE('', #1170, #1172, #5397, .T.);
#7965 = EDGE_CURVE('', #1170, #1174, #5401, .T.);
#7966 = EDGE_CURVE('', #1174, #1176, #5406, .T.);
#7967 = EDGE_CURVE('', #1176, #1524, #5410, .T.);
#7968 = EDGE_CURVE('', #1178, #1180, #5415, .T.);
#7969 = EDGE_CURVE('', #1180, #1182, #5419, .T.);
#7970 = EDGE_CURVE('', #1184, #1182, #5424, .T.);
#7971 = EDGE_CURVE('', #1184, #1172, #5428, .T.);
#7972 = EDGE_CURVE('', #1186, #1188, #5433, .T.);
#7973 = EDGE_CURVE('', #1186, #1190, #5437, .T.);
#7974 = EDGE_CURVE('', #1190, #1192, #5442, .T.);
#7975 = EDGE_CURVE('', #1192, #1194, #5446, .T.);
#7976 = EDGE_CURVE('', #1194, #1196, #5451, .T.);
#7977 = EDGE_CURVE('', #1196, #1198, #5455, .T.);
#7978 = EDGE_CURVE('', #1200, #1198, #5460, .T.);
#7979 = EDGE_CURVE('', #1200, #1188, #5464, .T.);
#7980 = EDGE_CURVE('', #1202, #1204, #5469, .T.);
#7981 = EDGE_CURVE('', #1202, #1206, #5473, .T.);
#7982 = EDGE_CURVE('', #1206, #1208, #5478, .T.);
#7983 = EDGE_CURVE('', #1208, #1210, #5482, .T.);
#7984 = EDGE_CURVE('', #1210, #1212, #5487, .T.);
#7985 = EDGE_CURVE('', #1212, #1214, #5491, .T.);
#7986 = EDGE_CURVE('', #1216, #1214, #5496, .T.);
#7987 = EDGE_CURVE('', #1216, #1204, #5500, .T.);
#7988 = EDGE_CURVE('', #1216, #1200, #5504, .T.);
#7989 = EDGE_CURVE('', #1214, #1198, #5508, .T.);
#7990 = EDGE_CURVE('', #1212, #1196, #5512, .T.);
#7991 = EDGE_CURVE('', #1202, #1186, #5516, .T.);
#7992 = EDGE_CURVE('', #1204, #1188, #5520, .T.);
#7993 = EDGE_CURVE('', #1206, #1190, #5524, .T.);
#7994 = EDGE_CURVE('', #1208, #1192, #5528, .T.);
#7995 = EDGE_CURVE('', #1210, #1194, #5532, .T.);
#7996 = EDGE_CURVE('', #1218, #1220, #5537, .T.);
#7997 = EDGE_CURVE('', #1218, #1222, #5541, .T.);
#7998 = EDGE_CURVE('', #1222, #1224, #5546, .T.);
#7999 = EDGE_CURVE('', #1224, #1226, #5550, .T.);
#8000 = EDGE_CURVE('', #1226, #1228, #5555, .T.);
#8001 = EDGE_CURVE('', #1228, #1230, #5559, .T.);
#8002 = EDGE_CURVE('', #1232, #1230, #5564, .T.);
#8003 = EDGE_CURVE('', #1232, #1220, #5568, .T.);
#8004 = EDGE_CURVE('', #1234, #1236, #5573, .T.);
#8005 = EDGE_CURVE('', #1234, #1238, #5577, .T.);
#8006 = EDGE_CURVE('', #1238, #1240, #5582, .T.);
#8007 = EDGE_CURVE('', #1240, #1242, #5586, .T.);
#8008 = EDGE_CURVE('', #1242, #1244, #5591, .T.);
#8009 = EDGE_CURVE('', #1244, #1246, #5595, .T.);
#8010 = EDGE_CURVE('', #1248, #1246, #5600, .T.);
#8011 = EDGE_CURVE('', #1248, #1236, #5604, .T.);
#8012 = EDGE_CURVE('', #1248, #1232, #5608, .T.);
#8013 = EDGE_CURVE('', #1246, #1230, #5612, .T.);
#8014 = EDGE_CURVE('', #1244, #1228, #5616, .T.);
#8015 = EDGE_CURVE('', #1234, #1218, #5620, .T.);
#8016 = EDGE_CURVE('', #1236, #1220, #5624, .T.);
#8017 = EDGE_CURVE('', #1238, #1222, #5628, .T.);
#8018 = EDGE_CURVE('', #1240, #1224, #5632, .T.);
#8019 = EDGE_CURVE('', #1242, #1226, #5636, .T.);
#8020 = EDGE_CURVE('', #1250, #1256, #5641, .T.);
#8021 = EDGE_CURVE('', #1250, #1254, #5646, .T.);
#8022 = EDGE_CURVE('', #1254, #1252, #5651, .T.);
#8023 = EDGE_CURVE('', #1256, #1252, #5656, .T.);
#8024 = EDGE_CURVE('', #1252, #1268, #5660, .T.);
#8025 = EDGE_CURVE('', #1250, #1266, #5664, .T.);
#8026 = EDGE_CURVE('', #1258, #1260, #5669, .T.);
#8027 = EDGE_CURVE('', #1258, #1262, #5673, .T.);
#8028 = EDGE_CURVE('', #1260, #1258, #5678, .T.);
#8029 = EDGE_CURVE('', #1260, #1264, #5682, .T.);
#8030 = EDGE_CURVE('', #1262, #1272, #5687, .T.);
#8031 = EDGE_CURVE('', #1262, #1270, #5692, .T.);
#8032 = EDGE_CURVE('', #1266, #1276, #5697, .T.);
#8033 = EDGE_CURVE('', #1266, #1274, #5702, .T.);
#8034 = EDGE_CURVE('', #1270, #1264, #5707, .T.);
#8035 = EDGE_CURVE('', #1272, #1264, #5712, .T.);
#8036 = EDGE_CURVE('', #1274, #1268, #5717, .T.);
#8037 = EDGE_CURVE('', #1276, #1268, #5722, .T.);
#8038 = EDGE_CURVE('', #1278, #1280, #5727, .T.);
#8039 = EDGE_CURVE('', #1278, #1282, #5731, .T.);
#8040 = EDGE_CURVE('', #1282, #1284, #5736, .T.);
#8041 = EDGE_CURVE('', #1284, #1286, #5740, .T.);
#8042 = EDGE_CURVE('', #1286, #1288, #5745, .T.);
#8043 = EDGE_CURVE('', #1288, #1290, #5749, .T.);
#8044 = EDGE_CURVE('', #1292, #1290, #5754, .T.);
#8045 = EDGE_CURVE('', #1292, #1280, #5758, .T.);
#8046 = EDGE_CURVE('', #1294, #1296, #5763, .T.);
#8047 = EDGE_CURVE('', #1294, #1298, #5767, .T.);
#8048 = EDGE_CURVE('', #1298, #1300, #5772, .T.);
#8049 = EDGE_CURVE('', #1300, #1302, #5776, .T.);
#8050 = EDGE_CURVE('', #1302, #1304, #5781, .T.);
#8051 = EDGE_CURVE('', #1304, #1306, #5785, .T.);
#8052 = EDGE_CURVE('', #1308, #1306, #5790, .T.);
#8053 = EDGE_CURVE('', #1308, #1296, #5794, .T.);
#8054 = EDGE_CURVE('', #1308, #1292, #5798, .T.);
#8055 = EDGE_CURVE('', #1306, #1290, #5802, .T.);
#8056 = EDGE_CURVE('', #1304, #1288, #5806, .T.);
#8057 = EDGE_CURVE('', #1294, #1278, #5810, .T.);
#8058 = EDGE_CURVE('', #1296, #1280, #5814, .T.);
#8059 = EDGE_CURVE('', #1298, #1282, #5818, .T.);
#8060 = EDGE_CURVE('', #1300, #1284, #5822, .T.);
#8061 = EDGE_CURVE('', #1302, #1286, #5826, .T.);
#8062 = EDGE_CURVE('', #1310, #1320, #5831, .T.);
#8063 = EDGE_CURVE('', #1310, #1318, #5836, .T.);
#8064 = EDGE_CURVE('', #1314, #1324, #5841, .T.);
#8065 = EDGE_CURVE('', #1314, #1322, #5846, .T.);
#8066 = EDGE_CURVE('', #1318, #1312, #5851, .T.);
#8067 = EDGE_CURVE('', #1320, #1312, #5856, .T.);
#8068 = EDGE_CURVE('', #1322, #1316, #5861, .T.);
#8069 = EDGE_CURVE('', #1324, #1316, #5866, .T.);
#8070 = EDGE_CURVE('', #1316, #1312, #5870, .T.);
#8071 = EDGE_CURVE('', #1314, #1310, #5874, .T.);
#8072 = EDGE_CURVE('', #1328, #1326, #5879, .T.);
#8073 = EDGE_CURVE('', #1326, #1330, #5883, .T.);
#8074 = EDGE_CURVE('', #1330, #1332, #5888, .T.);
#8075 = EDGE_CURVE('', #1332, #1334, #5892, .T.);
#8076 = EDGE_CURVE('', #1334, #1336, #5897, .T.);
#8077 = EDGE_CURVE('', #1336, #1338, #5901, .T.);
#8078 = EDGE_CURVE('', #1338, #1340, #5906, .T.);
#8079 = EDGE_CURVE('', #1340, #1328, #5910, .T.);
#8080 = EDGE_CURVE('', #1342, #1344, #5915, .T.);
#8081 = EDGE_CURVE('', #1342, #1346, #5919, .T.);
#8082 = EDGE_CURVE('', #1346, #1348, #5924, .T.);
#8083 = EDGE_CURVE('', #1348, #1350, #5928, .T.);
#8084 = EDGE_CURVE('', #1350, #1352, #5933, .T.);
#8085 = EDGE_CURVE('', #1352, #1354, #5937, .T.);
#8086 = EDGE_CURVE('', #1356, #1354, #5942, .T.);
#8087 = EDGE_CURVE('', #1356, #1344, #5946, .T.);
#8088 = EDGE_CURVE('', #1356, #1340, #5950, .T.);
#8089 = EDGE_CURVE('', #1354, #1338, #5954, .T.);
#8090 = EDGE_CURVE('', #1352, #1336, #5958, .T.);
#8091 = EDGE_CURVE('', #1350, #1334, #5962, .T.);
#8092 = EDGE_CURVE('', #1348, #1332, #5966, .T.);
#8093 = EDGE_CURVE('', #1346, #1330, #5970, .T.);
#8094 = EDGE_CURVE('', #1344, #1328, #5974, .T.);
#8095 = EDGE_CURVE('', #1342, #1326, #5978, .T.);
#8096 = EDGE_CURVE('', #1360, #1358, #5983, .T.);
#8097 = EDGE_CURVE('', #1358, #1362, #5987, .T.);
#8098 = EDGE_CURVE('', #1362, #1364, #5992, .T.);
#8099 = EDGE_CURVE('', #1364, #1366, #5996, .T.);
#8100 = EDGE_CURVE('', #1366, #1368, #6001, .T.);
#8101 = EDGE_CURVE('', #1368, #1370, #6005, .T.);
#8102 = EDGE_CURVE('', #1370, #1372, #6010, .T.);
#8103 = EDGE_CURVE('', #1372, #1360, #6014, .T.);
#8104 = EDGE_CURVE('', #1374, #1376, #6019, .T.);
#8105 = EDGE_CURVE('', #1374, #1378, #6023, .T.);
#8106 = EDGE_CURVE('', #1378, #1380, #6028, .T.);
#8107 = EDGE_CURVE('', #1380, #1382, #6032, .T.);
#8108 = EDGE_CURVE('', #1382, #1384, #6037, .T.);
#8109 = EDGE_CURVE('', #1384, #1386, #6041, .T.);
#8110 = EDGE_CURVE('', #1388, #1386, #6046, .T.);
#8111 = EDGE_CURVE('', #1388, #1376, #6050, .T.);
#8112 = EDGE_CURVE('', #1388, #1372, #6054, .T.);
#8113 = EDGE_CURVE('', #1386, #1370, #6058, .T.);
#8114 = EDGE_CURVE('', #1384, #1368, #6062, .T.);
#8115 = EDGE_CURVE('', #1382, #1366, #6066, .T.);
#8116 = EDGE_CURVE('', #1380, #1364, #6070, .T.);
#8117 = EDGE_CURVE('', #1378, #1362, #6074, .T.);
#8118 = EDGE_CURVE('', #1376, #1360, #6078, .T.);
#8119 = EDGE_CURVE('', #1374, #1358, #6082, .T.);
#8120 = EDGE_CURVE('', #1390, #1392, #6087, .T.);
#8121 = EDGE_CURVE('', #1392, #1394, #6091, .T.);
#8122 = EDGE_CURVE('', #1396, #1394, #6096, .T.);
#8123 = EDGE_CURVE('', #1390, #1396, #6100, .T.);
#8124 = EDGE_CURVE('', #1392, #1398, #6104, .T.);
#8125 = EDGE_CURVE('', #1398, #1400, #6108, .T.);
#8126 = EDGE_CURVE('', #1394, #1400, #6112, .T.);
#8127 = EDGE_CURVE('', #1398, #1402, #6117, .T.);
#8128 = EDGE_CURVE('', #1402, #1404, #6121, .T.);
#8129 = EDGE_CURVE('', #1400, #1404, #6126, .T.);
#8130 = EDGE_CURVE('', #1402, #1406, #6130, .T.);
#8131 = EDGE_CURVE('', #1406, #1408, #6134, .T.);
#8132 = EDGE_CURVE('', #1404, #1408, #6138, .T.);
#8133 = EDGE_CURVE('', #1406, #1416, #6143, .T.);
#8134 = EDGE_CURVE('', #1408, #1414, #6148, .T.);
#8135 = EDGE_CURVE('', #1410, #1412, #6152, .T.);
#8136 = EDGE_CURVE('', #1410, #1390, #6156, .T.);
#8137 = EDGE_CURVE('', #1412, #1396, #6160, .T.);
#8138 = EDGE_CURVE('', #1414, #1416, #6164, .T.);
#8139 = EDGE_CURVE('', #1418, #1420, #6168, .T.);
#8140 = EDGE_CURVE('', #1420, #1416, #6172, .T.);
#8141 = EDGE_CURVE('', #1418, #1414, #6176, .T.);
#8142 = EDGE_CURVE('', #1420, #1410, #6181, .T.);
#8143 = EDGE_CURVE('', #1418, #1412, #6186, .T.);
#8144 = EDGE_CURVE('', #1422, #1448, #6191, .T.);
#8145 = EDGE_CURVE('', #1424, #1446, #6196, .T.);
#8146 = EDGE_CURVE('', #1422, #1424, #6200, .T.);
#8147 = EDGE_CURVE('', #1426, #1428, #6204, .T.);
#8148 = EDGE_CURVE('', #1426, #1430, #6208, .T.);
#8149 = EDGE_CURVE('', #1430, #1432, #6212, .T.);
#8150 = EDGE_CURVE('', #1428, #1432, #6216, .T.);
#8151 = EDGE_CURVE('', #1430, #1434, #6221, .T.);
#8152 = EDGE_CURVE('', #1434, #1436, #6225, .T.);
#8153 = EDGE_CURVE('', #1432, #1436, #6230, .T.);
#8154 = EDGE_CURVE('', #1434, #1438, #6234, .T.);
#8155 = EDGE_CURVE('', #1438, #1440, #6238, .T.);
#8156 = EDGE_CURVE('', #1436, #1440, #6242, .T.);
#8157 = EDGE_CURVE('', #1438, #1442, #6247, .T.);
#8158 = EDGE_CURVE('', #1442, #1444, #6251, .T.);
#8159 = EDGE_CURVE('', #1440, #1444, #6256, .T.);
#8160 = EDGE_CURVE('', #1442, #1422, #6260, .T.);
#8161 = EDGE_CURVE('', #1444, #1424, #6264, .T.);
#8162 = EDGE_CURVE('', #1446, #1448, #6268, .T.);
#8163 = EDGE_CURVE('', #1450, #1452, #6272, .T.);
#8164 = EDGE_CURVE('', #1452, #1448, #6276, .T.);
#8165 = EDGE_CURVE('', #1450, #1446, #6280, .T.);
#8166 = EDGE_CURVE('', #1452, #1426, #6285, .T.);
#8167 = EDGE_CURVE('', #1450, #1428, #6290, .T.);
#8168 = EDGE_CURVE('', #1454, #1490, #6295, .T.);
#8169 = EDGE_CURVE('', #1458, #1456, #6300, .T.);
#8170 = EDGE_CURVE('', #1454, #1458, #6304, .T.);
#8171 = EDGE_CURVE('', #1460, #1544, #6308, .T.);
#8172 = EDGE_CURVE('', #1456, #1542, #6312, .T.);
#8173 = EDGE_CURVE('', #1460, #1462, #6317, .T.);
#8174 = EDGE_CURVE('', #1462, #1548, #6321, .T.);
#8175 = EDGE_CURVE('', #1462, #1464, #6325, .T.);
#8176 = EDGE_CURVE('', #1464, #1550, #6329, .T.);
#8177 = EDGE_CURVE('', #1464, #1466, #6334, .T.);
#8178 = EDGE_CURVE('', #1466, #1554, #6338, .T.);
#8179 = EDGE_CURVE('', #1466, #1478, #6342, .T.);
#8180 = EDGE_CURVE('', #1470, #1472, #6346, .T.);
#8181 = EDGE_CURVE('', #1468, #1472, #6351, .T.);
#8182 = EDGE_CURVE('', #1470, #1454, #6355, .T.);
#8183 = EDGE_CURVE('', #1472, #1458, #6359, .T.);
#8184 = EDGE_CURVE('', #1474, #1476, #6363, .T.);
#8185 = EDGE_CURVE('', #1478, #1480, #6367, .T.);
#8186 = EDGE_CURVE('', #1478, #1476, #6371, .T.);
#8187 = EDGE_CURVE('', #1482, #1484, #6376, .T.);
#8188 = EDGE_CURVE('', #1482, #1474, #6380, .T.);
#8189 = EDGE_CURVE('', #1480, #1486, #6384, .T.);
#8190 = EDGE_CURVE('', #1488, #1486, #6389, .T.);
#8191 = EDGE_CURVE('', #1484, #1490, #6393, .T.);
#8192 = EDGE_CURVE('', #1488, #1492, #6397, .T.);
#8193 = EDGE_CURVE('', #1492, #1490, #6401, .T.);
#8194 = EDGE_CURVE('', #1492, #1470, #6406, .T.);
#8195 = EDGE_CURVE('', #1488, #1178, #6410, .T.);
#8196 = EDGE_CURVE('', #1486, #1468, #6414, .T.);
#8197 = EDGE_CURVE('', #1482, #1456, #6418, .T.);
#8198 = EDGE_CURVE('', #1480, #1140, #6422, .T.);
#8199 = EDGE_CURVE('', #1476, #1460, #6426, .T.);
#8200 = EDGE_CURVE('', #1494, #1530, #6431, .T.);
#8201 = EDGE_CURVE('', #1498, #1496, #6436, .T.);
#8202 = EDGE_CURVE('', #1494, #1498, #6440, .T.);
#8203 = EDGE_CURVE('', #1500, #1566, #6444, .T.);
#8204 = EDGE_CURVE('', #1496, #1568, #6448, .T.);
#8205 = EDGE_CURVE('', #1500, #1502, #6453, .T.);
#8206 = EDGE_CURVE('', #1502, #1572, #6457, .T.);
#8207 = EDGE_CURVE('', #1502, #1504, #6461, .T.);
#8208 = EDGE_CURVE('', #1504, #1574, #6465, .T.);
#8209 = EDGE_CURVE('', #1504, #1506, #6470, .T.);
#8210 = EDGE_CURVE('', #1506, #1578, #6474, .T.);
#8211 = EDGE_CURVE('', #1506, #1518, #6478, .T.);
#8212 = EDGE_CURVE('', #1510, #1512, #6482, .T.);
#8213 = EDGE_CURVE('', #1508, #1512, #6487, .T.);
#8214 = EDGE_CURVE('', #1510, #1494, #6491, .T.);
#8215 = EDGE_CURVE('', #1512, #1498, #6495, .T.);
#8216 = EDGE_CURVE('', #1514, #1516, #6499, .T.);
#8217 = EDGE_CURVE('', #1518, #1520, #6503, .T.);
#8218 = EDGE_CURVE('', #1518, #1516, #6507, .T.);
#8219 = EDGE_CURVE('', #1522, #1524, #6512, .T.);
#8220 = EDGE_CURVE('', #1522, #1514, #6516, .T.);
#8221 = EDGE_CURVE('', #1520, #1526, #6520, .T.);
#8222 = EDGE_CURVE('', #1528, #1526, #6525, .T.);
#8223 = EDGE_CURVE('', #1524, #1530, #6529, .T.);
#8224 = EDGE_CURVE('', #1528, #1532, #6533, .T.);
#8225 = EDGE_CURVE('', #1532, #1530, #6537, .T.);
#8226 = EDGE_CURVE('', #1532, #1510, #6542, .T.);
#8227 = EDGE_CURVE('', #1528, #1484, #6546, .T.);
#8228 = EDGE_CURVE('', #1526, #1508, #6550, .T.);
#8229 = EDGE_CURVE('', #1522, #1496, #6554, .T.);
#8230 = EDGE_CURVE('', #1520, #1474, #6558, .T.);
#8231 = EDGE_CURVE('', #1516, #1500, #6562, .T.);
#8232 = EDGE_CURVE('', #1534, #1538, #6567, .T.);
#8233 = EDGE_CURVE('', #1534, #1552, #6571, .T.);
#8234 = EDGE_CURVE('', #1536, #1540, #6576, .T.);
#8235 = EDGE_CURVE('', #1538, #1534, #6581, .T.);
#8236 = EDGE_CURVE('', #1540, #1536, #6586, .T.);
#8237 = EDGE_CURVE('', #1538, #1540, #6590, .T.);
#8238 = EDGE_CURVE('', #1542, #1544, #6595, .T.);
#8239 = EDGE_CURVE('', #1546, #1548, #6637, .T.);
#8240 = EDGE_CURVE('', #1544, #1546, #6678, .T.);
#8241 = EDGE_CURVE('', #1548, #1550, #6682, .T.);
#8242 = EDGE_CURVE('', #1550, #1552, #6728, .T.);
#8243 = EDGE_CURVE('', #1552, #1554, #6766, .T.);
#8244 = EDGE_CURVE('', #1554, #1556, #6771, .T.);
#8245 = EDGE_CURVE('', #1542, #1556, #6775, .T.);
#8246 = EDGE_CURVE('', #1556, #1468, #6779, .T.);
#8247 = EDGE_CURVE('', #1546, #1536, #6783, .T.);
#8248 = EDGE_CURVE('', #1558, #1562, #6788, .T.);
#8249 = EDGE_CURVE('', #1558, #1576, #6792, .T.);
#8250 = EDGE_CURVE('', #1560, #1564, #6797, .T.);
#8251 = EDGE_CURVE('', #1562, #1558, #6802, .T.);
#8252 = EDGE_CURVE('', #1564, #1560, #6807, .T.);
#8253 = EDGE_CURVE('', #1562, #1564, #6811, .T.);
#8254 = EDGE_CURVE('', #1566, #1568, #6816, .T.);
#8255 = EDGE_CURVE('', #1570, #1572, #6858, .T.);
#8256 = EDGE_CURVE('', #1566, #1570, #6899, .T.);
#8257 = EDGE_CURVE('', #1572, #1574, #6903, .T.);
#8258 = EDGE_CURVE('', #1574, #1576, #6949, .T.);
#8259 = EDGE_CURVE('', #1576, #1578, #6987, .T.);
#8260 = EDGE_CURVE('', #1578, #1580, #6992, .T.);
#8261 = EDGE_CURVE('', #1568, #1580, #6996, .T.);
#8262 = EDGE_CURVE('', #1580, #1508, #7000, .T.);
#8263 = EDGE_CURVE('', #1570, #1560, #7004, .T.);
#8264 = EDGE_CURVE('', #1582, #1592, #7009, .T.);
#8265 = EDGE_CURVE('', #1582, #1590, #7014, .T.);
#8266 = EDGE_CURVE('', #1586, #1596, #7019, .T.);
#8267 = EDGE_CURVE('', #1586, #1594, #7024, .T.);
#8268 = EDGE_CURVE('', #1590, #1584, #7029, .T.);
#8269 = EDGE_CURVE('', #1592, #1584, #7034, .T.);
#8270 = EDGE_CURVE('', #1594, #1588, #7039, .T.);
#8271 = EDGE_CURVE('', #1596, #1588, #7044, .T.);
#8272 = EDGE_CURVE('', #1584, #1588, #7048, .T.);
#8273 = EDGE_CURVE('', #1582, #1586, #7052, .T.);
#8274 = EDGE_CURVE('', #1598, #1608, #7057, .T.);
#8275 = EDGE_CURVE('', #1598, #1606, #7062, .T.);
#8276 = EDGE_CURVE('', #1602, #1612, #7067, .T.);
#8277 = EDGE_CURVE('', #1602, #1610, #7072, .T.);
#8278 = EDGE_CURVE('', #1606, #1600, #7077, .T.);
#8279 = EDGE_CURVE('', #1608, #1600, #7082, .T.);
#8280 = EDGE_CURVE('', #1610, #1604, #7087, .T.);
#8281 = EDGE_CURVE('', #1612, #1604, #7092, .T.);
#8282 = EDGE_CURVE('', #1600, #1604, #7096, .T.);
#8283 = EDGE_CURVE('', #1598, #1602, #7100, .T.);
#8284 = CARTESIAN_POINT('', (43., -58., 128.));
#8285 = DIRECTION('', (-0., -1., 0.));
#8286 = DIRECTION('', (0., -0., -1.));
#8287 = AXIS2_PLACEMENT_3D('', #8284, #8285, #8286);
#8288 = CYLINDRICAL_SURFACE('', #8287, 2.5);
#8289 = CARTESIAN_POINT('', (45.5, -58., 147.));
#8290 = DIRECTION('', (1., -0., -0.));
#8291 = AXIS2_PLACEMENT_3D('', #8289, #8290, $);
#8292 = PLANE('', #8291);
#8293 = CARTESIAN_POINT('', (43., -58., 166.));
#8294 = DIRECTION('', (0., -1., 0.));
#8295 = DIRECTION('', (1., 0., -0.));
#8296 = AXIS2_PLACEMENT_3D('', #8293, #8294, #8295);
#8297 = CYLINDRICAL_SURFACE('', #8296, 2.5);
#8298 = CARTESIAN_POINT('', (0., -58., 168.5));
#8299 = DIRECTION('', (-0., 0., 1.));
#8300 = AXIS2_PLACEMENT_3D('', #8298, #8299, $);
#8301 = PLANE('', #8300);
#8302 = CARTESIAN_POINT('', (-43., -58., 166.));
#8303 = DIRECTION('', (-0., -1., 0.));
#8304 = DIRECTION('', (-0., 0., 1.));
#8305 = AXIS2_PLACEMENT_3D('', #8302, #8303, #8304);
#8306 = CYLINDRICAL_SURFACE('', #8305, 2.5);
#8307 = CARTESIAN_POINT('', (-45.5, -58., 147.));
#8308 = DIRECTION('', (-1., -0., 0.));
#8309 = AXIS2_PLACEMENT_3D('', #8307, #8308, $);
#8310 = PLANE('', #8309);
#8311 = CARTESIAN_POINT('', (-43., -58., 128.));
#8312 = DIRECTION('', (0., -1., 0.));
#8313 = DIRECTION('', (-1., -0., 0.));
#8314 = AXIS2_PLACEMENT_3D('', #8311, #8312, #8313);
#8315 = CYLINDRICAL_SURFACE('', #8314, 2.5);
#8316 = CARTESIAN_POINT('', (0., -58., 125.5));
#8317 = DIRECTION('', (0., -0., -1.));
#8318 = AXIS2_PLACEMENT_3D('', #8316, #8317, $);
#8319 = PLANE('', #8318);
#8320 = CARTESIAN_POINT('', (0., -57.5, 147.));
#8321 = DIRECTION('', (0., -1., 0.));
#8322 = AXIS2_PLACEMENT_3D('', #8320, #8321, $);
#8323 = PLANE('', #8322);
#8324 = CARTESIAN_POINT('', (0., -58.5, 147.));
#8325 = DIRECTION('', (0., -1., 0.));
#8326 = AXIS2_PLACEMENT_3D('', #8324, #8325, $);
#8327 = PLANE('', #8326);
#8328 = CARTESIAN_POINT('', (0., -59., 188.));
#8329 = DIRECTION('', (0., -1., 0.));
#8330 = DIRECTION('', (1., 0., 0.));
#8331 = AXIS2_PLACEMENT_3D('', #8328, #8329, #8330);
#8332 = CYLINDRICAL_SURFACE('', #8331, 4.5);
#8333 = CARTESIAN_POINT('', (0., -58., 188.));
#8334 = DIRECTION('', (0., -1., 0.));
#8335 = AXIS2_PLACEMENT_3D('', #8333, #8334, $);
#8336 = PLANE('', #8335);
#8337 = CARTESIAN_POINT('', (0., -60., 188.));
#8338 = DIRECTION('', (0., -1., 0.));
#8339 = AXIS2_PLACEMENT_3D('', #8337, #8338, $);
#8340 = PLANE('', #8339);
#8341 = CARTESIAN_POINT('', (8., -58., 184.));
#8342 = DIRECTION('', (-0., -1., 0.));
#8343 = DIRECTION('', (0., -0., -1.));
#8344 = AXIS2_PLACEMENT_3D('', #8341, #8342, #8343);
#8345 = CYLINDRICAL_SURFACE('', #8344, 5.);
#8346 = CARTESIAN_POINT('', (13., -58., 188.));
#8347 = DIRECTION('', (1., -0., 0.));
#8348 = AXIS2_PLACEMENT_3D('', #8346, #8347, $);
#8349 = PLANE('', #8348);
#8350 = CARTESIAN_POINT('', (8., -58., 192.));
#8351 = DIRECTION('', (0., -1., 0.));
#8352 = DIRECTION('', (1., 0., 0.));
#8353 = AXIS2_PLACEMENT_3D('', #8350, #8351, #8352);
#8354 = CYLINDRICAL_SURFACE('', #8353, 5.);
#8355 = CARTESIAN_POINT('', (0., -58., 197.));
#8356 = DIRECTION('', (0., 0., 1.));
#8357 = AXIS2_PLACEMENT_3D('', #8355, #8356, $);
#8358 = PLANE('', #8357);
#8359 = CARTESIAN_POINT('', (-8., -58., 192.));
#8360 = DIRECTION('', (-0., -1., 0.));
#8361 = DIRECTION('', (-0., 0., 1.));
#8362 = AXIS2_PLACEMENT_3D('', #8359, #8360, #8361);
#8363 = CYLINDRICAL_SURFACE('', #8362, 5.);
#8364 = CARTESIAN_POINT('', (-13., -58., 188.));
#8365 = DIRECTION('', (-1., -0., -0.));
#8366 = AXIS2_PLACEMENT_3D('', #8364, #8365, $);
#8367 = PLANE('', #8366);
#8368 = CARTESIAN_POINT('', (-8., -58., 184.));
#8369 = DIRECTION('', (0., -1., -0.));
#8370 = DIRECTION('', (-1., 0., -0.));
#8371 = AXIS2_PLACEMENT_3D('', #8368, #8369, #8370);
#8372 = CYLINDRICAL_SURFACE('', #8371, 5.);
#8373 = CARTESIAN_POINT('', (0., -58., 179.));
#8374 = DIRECTION('', (0., -0., -1.));
#8375 = AXIS2_PLACEMENT_3D('', #8373, #8374, $);
#8376 = PLANE('', #8375);
#8377 = CARTESIAN_POINT('', (0., -56., 188.));
#8378 = DIRECTION('', (0., -1., 0.));
#8379 = AXIS2_PLACEMENT_3D('', #8377, #8378, $);
#8380 = PLANE('', #8379);
#8381 = CARTESIAN_POINT('', (0., -60., 188.));
#8382 = DIRECTION('', (0., -1., 0.));
#8383 = AXIS2_PLACEMENT_3D('', #8381, #8382, $);
#8384 = PLANE('', #8383);
#8385 = CARTESIAN_POINT('', (0., -58., 188.));
#8386 = DIRECTION('', (0., -1., 0.));
#8387 = DIRECTION('', (1., 0., 0.));
#8388 = AXIS2_PLACEMENT_3D('', #8385, #8386, #8387);
#8389 = CYLINDRICAL_SURFACE('', #8388, 5.);
#8390 = CARTESIAN_POINT('', (-28., -52.5, 94.));
#8391 = DIRECTION('', (0., -1., 0.));
#8392 = DIRECTION('', (1., 0., 0.));
#8393 = AXIS2_PLACEMENT_3D('', #8390, #8391, #8392);
#8394 = CYLINDRICAL_SURFACE('', #8393, 14.);
#8395 = CARTESIAN_POINT('', (-28., -52., 94.));
#8396 = DIRECTION('', (0., -1., 0.));
#8397 = AXIS2_PLACEMENT_3D('', #8395, #8396, $);
#8398 = PLANE('', #8397);
#8399 = CARTESIAN_POINT('', (-28., -53., 94.));
#8400 = DIRECTION('', (0., -1., 0.));
#8401 = AXIS2_PLACEMENT_3D('', #8399, #8400, $);
#8402 = PLANE('', #8401);
#8403 = CARTESIAN_POINT('', (-28., -52.5, 94.));
#8404 = DIRECTION('', (0., -1., 0.));
#8405 = DIRECTION('', (1., 0., -0.));
#8406 = AXIS2_PLACEMENT_3D('', #8403, #8404, #8405);
#8407 = CYLINDRICAL_SURFACE('', #8406, 12.05000001);
#8408 = CARTESIAN_POINT('', (-28., -58., 94.));
#8409 = DIRECTION('', (0., -1., 0.));
#8410 = DIRECTION('', (1., 0., 0.));
#8411 = AXIS2_PLACEMENT_3D('', #8408, #8409, #8410);
#8412 = CYLINDRICAL_SURFACE('', #8411, 15.);
#8413 = CARTESIAN_POINT('', (-28., -56., 94.));
#8414 = DIRECTION('', (0., -1., 0.));
#8415 = AXIS2_PLACEMENT_3D('', #8413, #8414, $);
#8416 = PLANE('', #8415);
#8417 = CARTESIAN_POINT('', (-28., -60., 94.));
#8418 = DIRECTION('', (0., -1., 0.));
#8419 = AXIS2_PLACEMENT_3D('', #8417, #8418, $);
#8420 = PLANE('', #8419);
#8421 = CARTESIAN_POINT('', (-28., -54.5, 94.));
#8422 = DIRECTION('', (0., -1., 0.));
#8423 = DIRECTION('', (1., 0., -0.));
#8424 = AXIS2_PLACEMENT_3D('', #8421, #8422, #8423);
#8425 = CYLINDRICAL_SURFACE('', #8424, 12.00000001);
#8426 = CARTESIAN_POINT('', (-28., -52., 94.));
#8427 = DIRECTION('', (0., -1., 0.));
#8428 = AXIS2_PLACEMENT_3D('', #8426, #8427, $);
#8429 = PLANE('', #8428);
#8430 = CARTESIAN_POINT('', (35., -48., 20.));
#8431 = DIRECTION('', (0., 0., 1.));
#8432 = DIRECTION('', (-0., -1., 0.));
#8433 = AXIS2_PLACEMENT_3D('', #8430, #8431, #8432);
#8434 = CYLINDRICAL_SURFACE('', #8433, 10.);
#8435 = CARTESIAN_POINT('', (45., -34., 20.));
#8436 = DIRECTION('', (1., 0., -0.));
#8437 = AXIS2_PLACEMENT_3D('', #8435, #8436, $);
#8438 = PLANE('', #8437);
#8439 = CARTESIAN_POINT('', (35., -20., 20.));
#8440 = DIRECTION('', (-0., -0., 1.));
#8441 = DIRECTION('', (1., -0., 0.));
#8442 = AXIS2_PLACEMENT_3D('', #8439, #8440, #8441);
#8443 = CYLINDRICAL_SURFACE('', #8442, 10.);
#8444 = CARTESIAN_POINT('', (-0., -10., 20.));
#8445 = DIRECTION('', (-0., 1., 0.));
#8446 = AXIS2_PLACEMENT_3D('', #8444, #8445, $);
#8447 = PLANE('', #8446);
#8448 = CARTESIAN_POINT('', (-35., -20., 20.));
#8449 = DIRECTION('', (-0., 0., 1.));
#8450 = DIRECTION('', (-0., 1., -0.));
#8451 = AXIS2_PLACEMENT_3D('', #8448, #8449, #8450);
#8452 = CYLINDRICAL_SURFACE('', #8451, 10.);
#8453 = CARTESIAN_POINT('', (-45., -34., 20.));
#8454 = DIRECTION('', (-1., -0., 0.));
#8455 = AXIS2_PLACEMENT_3D('', #8453, #8454, $);
#8456 = PLANE('', #8455);
#8457 = CARTESIAN_POINT('', (-35., -48., 20.));
#8458 = DIRECTION('', (0., -0., 1.));
#8459 = DIRECTION('', (-1., 0., 0.));
#8460 = AXIS2_PLACEMENT_3D('', #8457, #8458, #8459);
#8461 = CYLINDRICAL_SURFACE('', #8460, 10.);
#8462 = CARTESIAN_POINT('', (0., -58., 20.));
#8463 = DIRECTION('', (0., -1., 0.));
#8464 = AXIS2_PLACEMENT_3D('', #8462, #8463, $);
#8465 = PLANE('', #8464);
#8466 = CARTESIAN_POINT('', (0., -34., 5.));
#8467 = DIRECTION('', (0., -0., 1.));
#8468 = AXIS2_PLACEMENT_3D('', #8466, #8467, $);
#8469 = PLANE('', #8468);
#8470 = CARTESIAN_POINT('', (0., -34., 35.));
#8471 = DIRECTION('', (0., -0., 1.));
#8472 = AXIS2_PLACEMENT_3D('', #8470, #8471, $);
#8473 = PLANE('', #8472);
#8474 = CARTESIAN_POINT('', (35., -48., 22.5));
#8475 = DIRECTION('', (0., -0., 1.));
#8476 = DIRECTION('', (-0., -1., -0.));
#8477 = AXIS2_PLACEMENT_3D('', #8474, #8475, #8476);
#8478 = CYLINDRICAL_SURFACE('', #8477, 7.5);
#8479 = CARTESIAN_POINT('', (42.5, -34., 22.5));
#8480 = DIRECTION('', (1., -0., 0.));
#8481 = AXIS2_PLACEMENT_3D('', #8479, #8480, $);
#8482 = PLANE('', #8481);
#8483 = CARTESIAN_POINT('', (35., -20., 22.5));
#8484 = DIRECTION('', (-0., -0., 1.));
#8485 = DIRECTION('', (1., -0., 0.));
#8486 = AXIS2_PLACEMENT_3D('', #8483, #8484, #8485);
#8487 = CYLINDRICAL_SURFACE('', #8486, 7.5);
#8488 = CARTESIAN_POINT('', (0., -12.5, 22.5));
#8489 = DIRECTION('', (0., 1., -0.));
#8490 = AXIS2_PLACEMENT_3D('', #8488, #8489, $);
#8491 = PLANE('', #8490);
#8492 = CARTESIAN_POINT('', (-35., -20., 22.5));
#8493 = DIRECTION('', (0., -0., 1.));
#8494 = DIRECTION('', (-0., 1., 0.));
#8495 = AXIS2_PLACEMENT_3D('', #8492, #8493, #8494);
#8496 = CYLINDRICAL_SURFACE('', #8495, 7.5);
#8497 = CARTESIAN_POINT('', (-42.5, -34., 22.5));
#8498 = DIRECTION('', (-1., -0., 0.));
#8499 = AXIS2_PLACEMENT_3D('', #8497, #8498, $);
#8500 = PLANE('', #8499);
#8501 = CARTESIAN_POINT('', (-35., -48., 22.5));
#8502 = DIRECTION('', (0., -0., 1.));
#8503 = DIRECTION('', (-1., 0., 0.));
#8504 = AXIS2_PLACEMENT_3D('', #8501, #8502, #8503);
#8505 = CYLINDRICAL_SURFACE('', #8504, 7.5);
#8506 = CARTESIAN_POINT('', (0., -55.5, 22.5));
#8507 = DIRECTION('', (0., -1., 0.));
#8508 = AXIS2_PLACEMENT_3D('', #8506, #8507, $);
#8509 = PLANE('', #8508);
#8510 = CARTESIAN_POINT('', (0., -34., 7.5));
#8511 = DIRECTION('', (0., -0., 1.));
#8512 = AXIS2_PLACEMENT_3D('', #8510, #8511, $);
#8513 = PLANE('', #8512);
#8514 = CARTESIAN_POINT('', (1., 62., 207.));
#8515 = DIRECTION('', (1., -0., 0.));
#8516 = DIRECTION('', (0., 0., -1.));
#8517 = AXIS2_PLACEMENT_3D('', #8514, #8515, #8516);
#8518 = CYLINDRICAL_SURFACE('', #8517, 1.);
#8519 = CARTESIAN_POINT('', (38., 62., 207.));
#8520 = DIRECTION('', (1., -0., 0.));
#8521 = AXIS2_PLACEMENT_3D('', #8519, #8520, $);
#8522 = PLANE('', #8521);
#8523 = CARTESIAN_POINT('', (-36.9, 62., 207.));
#8524 = DIRECTION('', (1., -0., 0.));
#8525 = DIRECTION('', (0., 0., -1.));
#8526 = AXIS2_PLACEMENT_3D('', #8523, #8524, #8525);
#8527 = CYLINDRICAL_SURFACE('', #8526, 2.);
#8528 = CARTESIAN_POINT('', (-38., 62., 207.));
#8529 = DIRECTION('', (1., -0., 0.));
#8530 = AXIS2_PLACEMENT_3D('', #8528, #8529, $);
#8531 = PLANE('', #8530);
#8532 = CARTESIAN_POINT('', (-35.8, 62., 207.));
#8533 = DIRECTION('', (1., -0., 0.));
#8534 = AXIS2_PLACEMENT_3D('', #8532, #8533, $);
#8535 = PLANE('', #8534);
#8536 = CARTESIAN_POINT('', (26., -21., 124.));
#8537 = DIRECTION('', (-0., -0., 1.));
#8538 = DIRECTION('', (0., -1., 0.));
#8539 = AXIS2_PLACEMENT_3D('', #8536, #8537, #8538);
#8540 = CYLINDRICAL_SURFACE('', #8539, 6.);
#8541 = CARTESIAN_POINT('', (32., 3., 124.));
#8542 = DIRECTION('', (1., -0., 0.));
#8543 = AXIS2_PLACEMENT_3D('', #8541, #8542, $);
#8544 = PLANE('', #8543);
#8545 = CARTESIAN_POINT('', (26., 27., 124.));
#8546 = DIRECTION('', (0., -0., 1.));
#8547 = DIRECTION('', (1., 0., 0.));
#8548 = AXIS2_PLACEMENT_3D('', #8545, #8546, #8547);
#8549 = CYLINDRICAL_SURFACE('', #8548, 6.);
#8550 = CARTESIAN_POINT('', (0., 33., 124.));
#8551 = DIRECTION('', (0., 1., 0.));
#8552 = AXIS2_PLACEMENT_3D('', #8550, #8551, $);
#8553 = PLANE('', #8552);
#8554 = CARTESIAN_POINT('', (-26., 27., 124.));
#8555 = DIRECTION('', (0., -0., 1.));
#8556 = DIRECTION('', (0., 1., 0.));
#8557 = AXIS2_PLACEMENT_3D('', #8554, #8555, #8556);
#8558 = CYLINDRICAL_SURFACE('', #8557, 6.);
#8559 = CARTESIAN_POINT('', (-32., 3., 124.));
#8560 = DIRECTION('', (-1., -0., 0.));
#8561 = AXIS2_PLACEMENT_3D('', #8559, #8560, $);
#8562 = PLANE('', #8561);
#8563 = CARTESIAN_POINT('', (-26., -21., 124.));
#8564 = DIRECTION('', (0., 0., 1.));
#8565 = DIRECTION('', (-1., -0., 0.));
#8566 = AXIS2_PLACEMENT_3D('', #8563, #8564, #8565);
#8567 = CYLINDRICAL_SURFACE('', #8566, 6.);
#8568 = CARTESIAN_POINT('', (0., -27., 124.));
#8569 = DIRECTION('', (0., -1., 0.));
#8570 = AXIS2_PLACEMENT_3D('', #8568, #8569, $);
#8571 = PLANE('', #8570);
#8572 = CARTESIAN_POINT('', (0., 3., 116.));
#8573 = DIRECTION('', (0., -0., 1.));
#8574 = AXIS2_PLACEMENT_3D('', #8572, #8573, $);
#8575 = PLANE('', #8574);
#8576 = CARTESIAN_POINT('', (0., 3., 132.));
#8577 = DIRECTION('', (0., -0., 1.));
#8578 = AXIS2_PLACEMENT_3D('', #8576, #8577, $);
#8579 = PLANE('', #8578);
#8580 = CARTESIAN_POINT('', (0., 3., 124.));
#8581 = DIRECTION('', (0., -0., 1.));
#8582 = DIRECTION('', (1., 0., 0.));
#8583 = AXIS2_PLACEMENT_3D('', #8580, #8581, #8582);
#8584 = CYLINDRICAL_SURFACE('', #8583, 11.00000001);
#8585 = CARTESIAN_POINT('', (17., -19.55251535, 79.67910038));
#8586 = DIRECTION('', (-0., 0.42261826, 0.90630779));
#8587 = DIRECTION('', (-0., -0.90630779, 0.42261826));
#8588 = AXIS2_PLACEMENT_3D('', #8585, #8586, #8587);
#8589 = CYLINDRICAL_SURFACE('', #8588, 5.);
#8590 = CARTESIAN_POINT('', (22., -13.20836084, 76.72077255));
#8591 = DIRECTION('', (1., -0., 0.));
#8592 = AXIS2_PLACEMENT_3D('', #8590, #8591, $);
#8593 = PLANE('', #8592);
#8594 = CARTESIAN_POINT('', (17., -6.86420633, 73.76244471));
#8595 = DIRECTION('', (0., 0.42261826, 0.90630779));
#8596 = DIRECTION('', (1., -0., -0.));
#8597 = AXIS2_PLACEMENT_3D('', #8594, #8595, #8596);
#8598 = CYLINDRICAL_SURFACE('', #8597, 5.);
#8599 = CARTESIAN_POINT('', (0., -2.33266739, 71.64935341));
#8600 = DIRECTION('', (-0., 0.90630779, -0.42261826));
#8601 = AXIS2_PLACEMENT_3D('', #8599, #8600, $);
#8602 = PLANE('', #8601);
#8603 = CARTESIAN_POINT('', (-17., -6.86420633, 73.76244471));
#8604 = DIRECTION('', (0., 0.42261826, 0.90630779));
#8605 = DIRECTION('', (-0., 0.90630779, -0.42261826));
#8606 = AXIS2_PLACEMENT_3D('', #8603, #8604, #8605);
#8607 = CYLINDRICAL_SURFACE('', #8606, 5.);
#8608 = CARTESIAN_POINT('', (-22., -13.20836084, 76.72077255));
#8609 = DIRECTION('', (-1., -0., 0.));
#8610 = AXIS2_PLACEMENT_3D('', #8608, #8609, $);
#8611 = PLANE('', #8610);
#8612 = CARTESIAN_POINT('', (-17., -19.55251535, 79.67910038));
#8613 = DIRECTION('', (0., 0.42261826, 0.90630779));
#8614 = DIRECTION('', (-1., 0., 0.));
#8615 = AXIS2_PLACEMENT_3D('', #8612, #8613, #8614);
#8616 = CYLINDRICAL_SURFACE('', #8615, 5.);
#8617 = CARTESIAN_POINT('', (0., -24.08405428, 81.79219169));
#8618 = DIRECTION('', (0., -0.90630779, 0.42261826));
#8619 = AXIS2_PLACEMENT_3D('', #8617, #8618, $);
#8620 = PLANE('', #8619);
#8621 = CARTESIAN_POINT('', (0., -28., 45.));
#8622 = DIRECTION('', (-0., 0.42261826, 0.90630779));
#8623 = AXIS2_PLACEMENT_3D('', #8621, #8622, $);
#8624 = PLANE('', #8623);
#8625 = CARTESIAN_POINT('', (0., 1.58327832, 108.44154509));
#8626 = DIRECTION('', (-0., 0.42261826, 0.90630779));
#8627 = AXIS2_PLACEMENT_3D('', #8625, #8626, $);
#8628 = PLANE('', #8627);
#8629 = CARTESIAN_POINT('', (0., -22.27143871, 80.94695516));
#8630 = DIRECTION('', (0., -0.90630779, 0.42261826));
#8631 = AXIS2_PLACEMENT_3D('', #8629, #8630, $);
#8632 = PLANE('', #8631);
#8633 = CARTESIAN_POINT('', (-17., -19.55251535, 79.67910038));
#8634 = DIRECTION('', (0., 0.42261826, 0.90630779));
#8635 = DIRECTION('', (-1., -0., 0.));
#8636 = AXIS2_PLACEMENT_3D('', #8633, #8634, #8635);
#8637 = CYLINDRICAL_SURFACE('', #8636, 3.);
#8638 = CARTESIAN_POINT('', (-20., -13.20836084, 76.72077255));
#8639 = DIRECTION('', (-1., -0., 0.));
#8640 = AXIS2_PLACEMENT_3D('', #8638, #8639, $);
#8641 = PLANE('', #8640);
#8642 = CARTESIAN_POINT('', (-17., -6.86420633, 73.76244471));
#8643 = DIRECTION('', (0., 0.42261826, 0.90630779));
#8644 = DIRECTION('', (0., 0.90630779, -0.42261826));
#8645 = AXIS2_PLACEMENT_3D('', #8642, #8643, #8644);
#8646 = CYLINDRICAL_SURFACE('', #8645, 3.);
#8647 = CARTESIAN_POINT('', (0., -4.14528297, 72.49458993));
#8648 = DIRECTION('', (-0., 0.90630779, -0.42261826));
#8649 = AXIS2_PLACEMENT_3D('', #8647, #8648, $);
#8650 = PLANE('', #8649);
#8651 = CARTESIAN_POINT('', (17., -6.86420633, 73.76244471));
#8652 = DIRECTION('', (0., 0.42261826, 0.90630779));
#8653 = DIRECTION('', (1., 0., -0.));
#8654 = AXIS2_PLACEMENT_3D('', #8651, #8652, #8653);
#8655 = CYLINDRICAL_SURFACE('', #8654, 3.);
#8656 = CARTESIAN_POINT('', (20., -13.20836084, 76.72077255));
#8657 = DIRECTION('', (1., -0., 0.));
#8658 = AXIS2_PLACEMENT_3D('', #8656, #8657, $);
#8659 = PLANE('', #8658);
#8660 = CARTESIAN_POINT('', (17., -19.55251535, 79.67910038));
#8661 = DIRECTION('', (-0., 0.42261826, 0.90630779));
#8662 = DIRECTION('', (0., -0.90630779, 0.42261826));
#8663 = AXIS2_PLACEMENT_3D('', #8660, #8661, #8662);
#8664 = CYLINDRICAL_SURFACE('', #8663, 3.);
#8665 = CARTESIAN_POINT('', (37., 62., 207.));
#8666 = DIRECTION('', (1., -0., 0.));
#8667 = DIRECTION('', (0., 0., -1.));
#8668 = AXIS2_PLACEMENT_3D('', #8665, #8666, #8667);
#8669 = CYLINDRICAL_SURFACE('', #8668, 2.);
#8670 = CARTESIAN_POINT('', (36., 62., 207.));
#8671 = DIRECTION('', (1., -0., 0.));
#8672 = AXIS2_PLACEMENT_3D('', #8670, #8671, $);
#8673 = PLANE('', #8672);
#8674 = CARTESIAN_POINT('', (38., 62., 207.));
#8675 = DIRECTION('', (1., -0., 0.));
#8676 = AXIS2_PLACEMENT_3D('', #8674, #8675, $);
#8677 = PLANE('', #8676);
#8678 = CARTESIAN_POINT('', (37., 62., 207.));
#8679 = DIRECTION('', (1., -0., 0.));
#8680 = DIRECTION('', (0., 0., -1.));
#8681 = AXIS2_PLACEMENT_3D('', #8678, #8679, #8680);
#8682 = CYLINDRICAL_SURFACE('', #8681, 1.05);
#8683 = CARTESIAN_POINT('', (44., -58., 127.));
#8684 = DIRECTION('', (-0., -1., 0.));
#8685 = DIRECTION('', (0., -0., -1.));
#8686 = AXIS2_PLACEMENT_3D('', #8683, #8684, #8685);
#8687 = CYLINDRICAL_SURFACE('', #8686, 6.);
#8688 = CARTESIAN_POINT('', (50., -58., 147.));
#8689 = DIRECTION('', (1., -0., -0.));
#8690 = AXIS2_PLACEMENT_3D('', #8688, #8689, $);
#8691 = PLANE('', #8690);
#8692 = CARTESIAN_POINT('', (44., -58., 167.));
#8693 = DIRECTION('', (0., -1., 0.));
#8694 = DIRECTION('', (1., 0., 0.));
#8695 = AXIS2_PLACEMENT_3D('', #8692, #8693, #8694);
#8696 = CYLINDRICAL_SURFACE('', #8695, 6.);
#8697 = CARTESIAN_POINT('', (0., -58., 173.));
#8698 = DIRECTION('', (0., 0., 1.));
#8699 = AXIS2_PLACEMENT_3D('', #8697, #8698, $);
#8700 = PLANE('', #8699);
#8701 = CARTESIAN_POINT('', (-44., -58., 167.));
#8702 = DIRECTION('', (0., -1., -0.));
#8703 = DIRECTION('', (0., -0., 1.));
#8704 = AXIS2_PLACEMENT_3D('', #8701, #8702, #8703);
#8705 = CYLINDRICAL_SURFACE('', #8704, 6.);
#8706 = CARTESIAN_POINT('', (-50., -58., 147.));
#8707 = DIRECTION('', (-1., -0., 0.));
#8708 = AXIS2_PLACEMENT_3D('', #8706, #8707, $);
#8709 = PLANE('', #8708);
#8710 = CARTESIAN_POINT('', (-44., -58., 127.));
#8711 = DIRECTION('', (-0., -1., -0.));
#8712 = DIRECTION('', (-1., 0., 0.));
#8713 = AXIS2_PLACEMENT_3D('', #8710, #8711, #8712);
#8714 = CYLINDRICAL_SURFACE('', #8713, 6.);
#8715 = CARTESIAN_POINT('', (0., -58., 121.));
#8716 = DIRECTION('', (0., -0., -1.));
#8717 = AXIS2_PLACEMENT_3D('', #8715, #8716, $);
#8718 = PLANE('', #8717);
#8719 = CARTESIAN_POINT('', (0., -56., 147.));
#8720 = DIRECTION('', (0., -1., 0.));
#8721 = AXIS2_PLACEMENT_3D('', #8719, #8720, $);
#8722 = PLANE('', #8721);
#8723 = CARTESIAN_POINT('', (0., -60., 147.));
#8724 = DIRECTION('', (0., -1., 0.));
#8725 = AXIS2_PLACEMENT_3D('', #8723, #8724, $);
#8726 = PLANE('', #8725);
#8727 = CARTESIAN_POINT('', (0., -58., 125.));
#8728 = DIRECTION('', (0., -0., -1.));
#8729 = AXIS2_PLACEMENT_3D('', #8727, #8728, $);
#8730 = PLANE('', #8729);
#8731 = CARTESIAN_POINT('', (-43., -58., 128.));
#8732 = DIRECTION('', (-0., -1., -0.));
#8733 = DIRECTION('', (-1., 0., 0.));
#8734 = AXIS2_PLACEMENT_3D('', #8731, #8732, #8733);
#8735 = CYLINDRICAL_SURFACE('', #8734, 3.);
#8736 = CARTESIAN_POINT('', (-46., -58., 147.));
#8737 = DIRECTION('', (-1., -0., 0.));
#8738 = AXIS2_PLACEMENT_3D('', #8736, #8737, $);
#8739 = PLANE('', #8738);
#8740 = CARTESIAN_POINT('', (-43., -58., 166.));
#8741 = DIRECTION('', (0., -1., 0.));
#8742 = DIRECTION('', (0., 0., 1.));
#8743 = AXIS2_PLACEMENT_3D('', #8740, #8741, #8742);
#8744 = CYLINDRICAL_SURFACE('', #8743, 3.);
#8745 = CARTESIAN_POINT('', (0., -58., 169.));
#8746 = DIRECTION('', (0., 0., 1.));
#8747 = AXIS2_PLACEMENT_3D('', #8745, #8746, $);
#8748 = PLANE('', #8747);
#8749 = CARTESIAN_POINT('', (43., -58., 166.));
#8750 = DIRECTION('', (-0., -1., -0.));
#8751 = DIRECTION('', (1., -0., 0.));
#8752 = AXIS2_PLACEMENT_3D('', #8749, #8750, #8751);
#8753 = CYLINDRICAL_SURFACE('', #8752, 3.);
#8754 = CARTESIAN_POINT('', (46., -58., 147.));
#8755 = DIRECTION('', (1., -0., -0.));
#8756 = AXIS2_PLACEMENT_3D('', #8754, #8755, $);
#8757 = PLANE('', #8756);
#8758 = CARTESIAN_POINT('', (43., -58., 128.));
#8759 = DIRECTION('', (0., -1., -0.));
#8760 = DIRECTION('', (-0., 0., -1.));
#8761 = AXIS2_PLACEMENT_3D('', #8758, #8759, #8760);
#8762 = CYLINDRICAL_SURFACE('', #8761, 3.);
#8763 = CARTESIAN_POINT('', (43., -58., 85.));
#8764 = DIRECTION('', (0., -1., -0.));
#8765 = DIRECTION('', (-0., 0., -1.));
#8766 = AXIS2_PLACEMENT_3D('', #8763, #8764, #8765);
#8767 = CYLINDRICAL_SURFACE('', #8766, 4.);
#8768 = CARTESIAN_POINT('', (47., -58., 94.));
#8769 = DIRECTION('', (1., -0., -0.));
#8770 = AXIS2_PLACEMENT_3D('', #8768, #8769, $);
#8771 = PLANE('', #8770);
#8772 = CARTESIAN_POINT('', (43., -58., 103.));
#8773 = DIRECTION('', (-0., -1., -0.));
#8774 = DIRECTION('', (1., -0., -0.));
#8775 = AXIS2_PLACEMENT_3D('', #8772, #8773, #8774);
#8776 = CYLINDRICAL_SURFACE('', #8775, 4.);
#8777 = CARTESIAN_POINT('', (28., -58., 107.));
#8778 = DIRECTION('', (0., 0., 1.));
#8779 = AXIS2_PLACEMENT_3D('', #8777, #8778, $);
#8780 = PLANE('', #8779);
#8781 = CARTESIAN_POINT('', (13., -58., 103.));
#8782 = DIRECTION('', (-0., -1., 0.));
#8783 = DIRECTION('', (-0., 0., 1.));
#8784 = AXIS2_PLACEMENT_3D('', #8781, #8782, #8783);
#8785 = CYLINDRICAL_SURFACE('', #8784, 4.);
#8786 = CARTESIAN_POINT('', (9., -58., 94.));
#8787 = DIRECTION('', (-1., -0., -0.));
#8788 = AXIS2_PLACEMENT_3D('', #8786, #8787, $);
#8789 = PLANE('', #8788);
#8790 = CARTESIAN_POINT('', (13., -58., 85.));
#8791 = DIRECTION('', (-0., -1., -0.));
#8792 = DIRECTION('', (-1., 0., 0.));
#8793 = AXIS2_PLACEMENT_3D('', #8790, #8791, #8792);
#8794 = CYLINDRICAL_SURFACE('', #8793, 4.);
#8795 = CARTESIAN_POINT('', (28., -58., 81.));
#8796 = DIRECTION('', (0., -0., -1.));
#8797 = AXIS2_PLACEMENT_3D('', #8795, #8796, $);
#8798 = PLANE('', #8797);
#8799 = CARTESIAN_POINT('', (28., -56., 94.));
#8800 = DIRECTION('', (0., -1., 0.));
#8801 = AXIS2_PLACEMENT_3D('', #8799, #8800, $);
#8802 = PLANE('', #8801);
#8803 = CARTESIAN_POINT('', (28., -60., 94.));
#8804 = DIRECTION('', (0., -1., 0.));
#8805 = AXIS2_PLACEMENT_3D('', #8803, #8804, $);
#8806 = PLANE('', #8805);
#8807 = CARTESIAN_POINT('', (28., -58., 85.));
#8808 = DIRECTION('', (0., -0., -1.));
#8809 = AXIS2_PLACEMENT_3D('', #8807, #8808, $);
#8810 = PLANE('', #8809);
#8811 = CARTESIAN_POINT('', (15.8, -58., 85.8));
#8812 = DIRECTION('', (-0., -1., -0.));
#8813 = DIRECTION('', (-1., 0., -0.));
#8814 = AXIS2_PLACEMENT_3D('', #8811, #8812, #8813);
#8815 = CYLINDRICAL_SURFACE('', #8814, 0.8);
#8816 = CARTESIAN_POINT('', (15., -58., 86.));
#8817 = DIRECTION('', (-1., -0., 0.));
#8818 = AXIS2_PLACEMENT_3D('', #8816, #8817, $);
#8819 = PLANE('', #8818);
#8820 = CARTESIAN_POINT('', (15.8, -58., 86.2));
#8821 = DIRECTION('', (0., -1., 0.));
#8822 = DIRECTION('', (0., 0., 1.));
#8823 = AXIS2_PLACEMENT_3D('', #8820, #8821, #8822);
#8824 = CYLINDRICAL_SURFACE('', #8823, 0.8);
#8825 = CARTESIAN_POINT('', (28., -58., 87.));
#8826 = DIRECTION('', (-0., -0., 1.));
#8827 = AXIS2_PLACEMENT_3D('', #8825, #8826, $);
#8828 = PLANE('', #8827);
#8829 = CARTESIAN_POINT('', (40.2, -58., 86.2));
#8830 = DIRECTION('', (-0., -1., -0.));
#8831 = DIRECTION('', (1., -0., -0.));
#8832 = AXIS2_PLACEMENT_3D('', #8829, #8830, #8831);
#8833 = CYLINDRICAL_SURFACE('', #8832, 0.8);
#8834 = CARTESIAN_POINT('', (41., -58., 86.));
#8835 = DIRECTION('', (1., -0., 0.));
#8836 = AXIS2_PLACEMENT_3D('', #8834, #8835, $);
#8837 = PLANE('', #8836);
#8838 = CARTESIAN_POINT('', (40.2, -58., 85.8));
#8839 = DIRECTION('', (0., -1., 0.));
#8840 = DIRECTION('', (0., 0., -1.));
#8841 = AXIS2_PLACEMENT_3D('', #8838, #8839, #8840);
#8842 = CYLINDRICAL_SURFACE('', #8841, 0.8);
#8843 = CARTESIAN_POINT('', (28., -58., 89.));
#8844 = DIRECTION('', (0., -0., -1.));
#8845 = AXIS2_PLACEMENT_3D('', #8843, #8844, $);
#8846 = PLANE('', #8845);
#8847 = CARTESIAN_POINT('', (15.8, -58., 89.8));
#8848 = DIRECTION('', (-0., -1., -0.));
#8849 = DIRECTION('', (-1., 0., -0.));
#8850 = AXIS2_PLACEMENT_3D('', #8847, #8848, #8849);
#8851 = CYLINDRICAL_SURFACE('', #8850, 0.8);
#8852 = CARTESIAN_POINT('', (15., -58., 90.));
#8853 = DIRECTION('', (-1., -0., 0.));
#8854 = AXIS2_PLACEMENT_3D('', #8852, #8853, $);
#8855 = PLANE('', #8854);
#8856 = CARTESIAN_POINT('', (15.8, -58., 90.2));
#8857 = DIRECTION('', (-0., -1., 0.));
#8858 = DIRECTION('', (-0., 0., 1.));
#8859 = AXIS2_PLACEMENT_3D('', #8856, #8857, #8858);
#8860 = CYLINDRICAL_SURFACE('', #8859, 0.8);
#8861 = CARTESIAN_POINT('', (40.2, -58., 90.2));
#8862 = DIRECTION('', (-0., -1., -0.));
#8863 = DIRECTION('', (1., -0., -0.));
#8864 = AXIS2_PLACEMENT_3D('', #8861, #8862, #8863);
#8865 = CYLINDRICAL_SURFACE('', #8864, 0.8);
#8866 = CARTESIAN_POINT('', (41., -58., 90.));
#8867 = DIRECTION('', (1., -0., 0.));
#8868 = AXIS2_PLACEMENT_3D('', #8866, #8867, $);
#8869 = PLANE('', #8868);
#8870 = CARTESIAN_POINT('', (40.2, -58., 89.8));
#8871 = DIRECTION('', (0., -1., 0.));
#8872 = DIRECTION('', (0., 0., -1.));
#8873 = AXIS2_PLACEMENT_3D('', #8870, #8871, #8872);
#8874 = CYLINDRICAL_SURFACE('', #8873, 0.8);
#8875 = CARTESIAN_POINT('', (28., -58., 91.));
#8876 = DIRECTION('', (-0., -0., 1.));
#8877 = AXIS2_PLACEMENT_3D('', #8875, #8876, $);
#8878 = PLANE('', #8877);
#8879 = CARTESIAN_POINT('', (28., -58., 93.));
#8880 = DIRECTION('', (0., -0., -1.));
#8881 = AXIS2_PLACEMENT_3D('', #8879, #8880, $);
#8882 = PLANE('', #8881);
#8883 = CARTESIAN_POINT('', (15.8, -58., 93.8));
#8884 = DIRECTION('', (-0., -1., -0.));
#8885 = DIRECTION('', (-1., 0., -0.));
#8886 = AXIS2_PLACEMENT_3D('', #8883, #8884, #8885);
#8887 = CYLINDRICAL_SURFACE('', #8886, 0.8);
#8888 = CARTESIAN_POINT('', (15., -58., 94.));
#8889 = DIRECTION('', (-1., -0., 0.));
#8890 = AXIS2_PLACEMENT_3D('', #8888, #8889, $);
#8891 = PLANE('', #8890);
#8892 = CARTESIAN_POINT('', (15.8, -58., 94.2));
#8893 = DIRECTION('', (-0., -1., 0.));
#8894 = DIRECTION('', (-0., 0., 1.));
#8895 = AXIS2_PLACEMENT_3D('', #8892, #8893, #8894);
#8896 = CYLINDRICAL_SURFACE('', #8895, 0.8);
#8897 = CARTESIAN_POINT('', (28., -58., 95.));
#8898 = DIRECTION('', (-0., 0., 1.));
#8899 = AXIS2_PLACEMENT_3D('', #8897, #8898, $);
#8900 = PLANE('', #8899);
#8901 = CARTESIAN_POINT('', (40.2, -58., 94.2));
#8902 = DIRECTION('', (-0., -1., -0.));
#8903 = DIRECTION('', (1., -0., -0.));
#8904 = AXIS2_PLACEMENT_3D('', #8901, #8902, #8903);
#8905 = CYLINDRICAL_SURFACE('', #8904, 0.8);
#8906 = CARTESIAN_POINT('', (41., -58., 94.));
#8907 = DIRECTION('', (1., 0., 0.));
#8908 = AXIS2_PLACEMENT_3D('', #8906, #8907, $);
#8909 = PLANE('', #8908);
#8910 = CARTESIAN_POINT('', (40.2, -58., 93.8));
#8911 = DIRECTION('', (0., -1., 0.));
#8912 = DIRECTION('', (0., 0., -1.));
#8913 = AXIS2_PLACEMENT_3D('', #8910, #8911, #8912);
#8914 = CYLINDRICAL_SURFACE('', #8913, 0.8);
#8915 = CARTESIAN_POINT('', (28., -58., 97.));
#8916 = DIRECTION('', (0., -0., -1.));
#8917 = AXIS2_PLACEMENT_3D('', #8915, #8916, $);
#8918 = PLANE('', #8917);
#8919 = CARTESIAN_POINT('', (15.8, -58., 97.8));
#8920 = DIRECTION('', (-0., -1., -0.));
#8921 = DIRECTION('', (-1., 0., -0.));
#8922 = AXIS2_PLACEMENT_3D('', #8919, #8920, #8921);
#8923 = CYLINDRICAL_SURFACE('', #8922, 0.8);
#8924 = CARTESIAN_POINT('', (15., -58., 98.));
#8925 = DIRECTION('', (-1., -0., 0.));
#8926 = AXIS2_PLACEMENT_3D('', #8924, #8925, $);
#8927 = PLANE('', #8926);
#8928 = CARTESIAN_POINT('', (15.8, -58., 98.2));
#8929 = DIRECTION('', (-0., -1., 0.));
#8930 = DIRECTION('', (-0., 0., 1.));
#8931 = AXIS2_PLACEMENT_3D('', #8928, #8929, #8930);
#8932 = CYLINDRICAL_SURFACE('', #8931, 0.8);
#8933 = CARTESIAN_POINT('', (28., -58., 99.));
#8934 = DIRECTION('', (-0., -0., 1.));
#8935 = AXIS2_PLACEMENT_3D('', #8933, #8934, $);
#8936 = PLANE('', #8935);
#8937 = CARTESIAN_POINT('', (40.2, -58., 98.2));
#8938 = DIRECTION('', (-0., -1., -0.));
#8939 = DIRECTION('', (1., -0., -0.));
#8940 = AXIS2_PLACEMENT_3D('', #8937, #8938, #8939);
#8941 = CYLINDRICAL_SURFACE('', #8940, 0.8);
#8942 = CARTESIAN_POINT('', (41., -58., 98.));
#8943 = DIRECTION('', (1., -0., 0.));
#8944 = AXIS2_PLACEMENT_3D('', #8942, #8943, $);
#8945 = PLANE('', #8944);
#8946 = CARTESIAN_POINT('', (40.2, -58., 97.8));
#8947 = DIRECTION('', (0., -1., 0.));
#8948 = DIRECTION('', (0., 0., -1.));
#8949 = AXIS2_PLACEMENT_3D('', #8946, #8947, #8948);
#8950 = CYLINDRICAL_SURFACE('', #8949, 0.8);
#8951 = CARTESIAN_POINT('', (28., -58., 101.));
#8952 = DIRECTION('', (0., -0., -1.));
#8953 = AXIS2_PLACEMENT_3D('', #8951, #8952, $);
#8954 = PLANE('', #8953);
#8955 = CARTESIAN_POINT('', (15.8, -58., 101.8));
#8956 = DIRECTION('', (-0., -1., -0.));
#8957 = DIRECTION('', (-1., 0., -0.));
#8958 = AXIS2_PLACEMENT_3D('', #8955, #8956, #8957);
#8959 = CYLINDRICAL_SURFACE('', #8958, 0.8);
#8960 = CARTESIAN_POINT('', (15.8, -58., 102.2));
#8961 = DIRECTION('', (-0., -1., 0.));
#8962 = DIRECTION('', (-0., 0., 1.));
#8963 = AXIS2_PLACEMENT_3D('', #8960, #8961, #8962);
#8964 = CYLINDRICAL_SURFACE('', #8963, 0.8);
#8965 = CARTESIAN_POINT('', (28., -58., 103.));
#8966 = DIRECTION('', (-0., 0., 1.));
#8967 = AXIS2_PLACEMENT_3D('', #8965, #8966, $);
#8968 = PLANE('', #8967);
#8969 = CARTESIAN_POINT('', (40.2, -58., 102.2));
#8970 = DIRECTION('', (-0., -1., -0.));
#8971 = DIRECTION('', (1., -0., -0.));
#8972 = AXIS2_PLACEMENT_3D('', #8969, #8970, #8971);
#8973 = CYLINDRICAL_SURFACE('', #8972, 0.8);
#8974 = CARTESIAN_POINT('', (41., -58., 102.));
#8975 = DIRECTION('', (1., -0., 0.));
#8976 = AXIS2_PLACEMENT_3D('', #8974, #8975, $);
#8977 = PLANE('', #8976);
#8978 = CARTESIAN_POINT('', (40.2, -58., 101.8));
#8979 = DIRECTION('', (0., -1., 0.));
#8980 = DIRECTION('', (0., 0., -1.));
#8981 = AXIS2_PLACEMENT_3D('', #8978, #8979, #8980);
#8982 = CYLINDRICAL_SURFACE('', #8981, 0.8);
#8983 = CARTESIAN_POINT('', (15., -58., 102.));
#8984 = DIRECTION('', (-1., -0., 0.));
#8985 = AXIS2_PLACEMENT_3D('', #8983, #8984, $);
#8986 = PLANE('', #8985);
#8987 = CARTESIAN_POINT('', (34., -23., 154.));
#8988 = DIRECTION('', (0., 0., 1.));
#8989 = DIRECTION('', (-0., -1., 0.));
#8990 = AXIS2_PLACEMENT_3D('', #8987, #8988, #8989);
#8991 = CYLINDRICAL_SURFACE('', #8990, 10.);
#8992 = CARTESIAN_POINT('', (44., 3., 154.));
#8993 = DIRECTION('', (1., -0., 0.));
#8994 = AXIS2_PLACEMENT_3D('', #8992, #8993, $);
#8995 = PLANE('', #8994);
#8996 = CARTESIAN_POINT('', (34., 29., 154.));
#8997 = DIRECTION('', (-0., -0., 1.));
#8998 = DIRECTION('', (1., -0., 0.));
#8999 = AXIS2_PLACEMENT_3D('', #8996, #8997, #8998);
#9000 = CYLINDRICAL_SURFACE('', #8999, 10.);
#9001 = CARTESIAN_POINT('', (-0., 39., 154.));
#9002 = DIRECTION('', (0., 1., -0.));
#9003 = AXIS2_PLACEMENT_3D('', #9001, #9002, $);
#9004 = PLANE('', #9003);
#9005 = CARTESIAN_POINT('', (-34., 29., 154.));
#9006 = DIRECTION('', (0., -0., 1.));
#9007 = DIRECTION('', (-0., 1., 0.));
#9008 = AXIS2_PLACEMENT_3D('', #9005, #9006, #9007);
#9009 = CYLINDRICAL_SURFACE('', #9008, 10.);
#9010 = CARTESIAN_POINT('', (-44., 3., 154.));
#9011 = DIRECTION('', (-1., -0., 0.));
#9012 = AXIS2_PLACEMENT_3D('', #9010, #9011, $);
#9013 = PLANE('', #9012);
#9014 = CARTESIAN_POINT('', (-34., -23., 154.));
#9015 = DIRECTION('', (0., 0., 1.));
#9016 = DIRECTION('', (-1., 0., 0.));
#9017 = AXIS2_PLACEMENT_3D('', #9014, #9015, #9016);
#9018 = CYLINDRICAL_SURFACE('', #9017, 10.);
#9019 = CARTESIAN_POINT('', (-0., -33., 154.));
#9020 = DIRECTION('', (0., -1., 0.));
#9021 = AXIS2_PLACEMENT_3D('', #9019, #9020, $);
#9022 = PLANE('', #9021);
#9023 = CARTESIAN_POINT('', (0., 3., 132.));
#9024 = DIRECTION('', (0., -0., 1.));
#9025 = AXIS2_PLACEMENT_3D('', #9023, #9024, $);
#9026 = PLANE('', #9025);
#9027 = CARTESIAN_POINT('', (0., 3., 176.));
#9028 = DIRECTION('', (0., -0., 1.));
#9029 = AXIS2_PLACEMENT_3D('', #9027, #9028, $);
#9030 = PLANE('', #9029);
#9031 = CARTESIAN_POINT('', (34., -23., 157.));
#9032 = DIRECTION('', (0., 0., 1.));
#9033 = DIRECTION('', (-0., -1., 0.));
#9034 = AXIS2_PLACEMENT_3D('', #9031, #9032, #9033);
#9035 = CYLINDRICAL_SURFACE('', #9034, 7.5);
#9036 = CARTESIAN_POINT('', (41.5, 3., 157.));
#9037 = DIRECTION('', (1., 0., 0.));
#9038 = AXIS2_PLACEMENT_3D('', #9036, #9037, $);
#9039 = PLANE('', #9038);
#9040 = CARTESIAN_POINT('', (34., 29., 157.));
#9041 = DIRECTION('', (-0., -0., 1.));
#9042 = DIRECTION('', (1., -0., 0.));
#9043 = AXIS2_PLACEMENT_3D('', #9040, #9041, #9042);
#9044 = CYLINDRICAL_SURFACE('', #9043, 7.5);
#9045 = CARTESIAN_POINT('', (0., 36.5, 157.));
#9046 = DIRECTION('', (0., 1., 0.));
#9047 = AXIS2_PLACEMENT_3D('', #9045, #9046, $);
#9048 = PLANE('', #9047);
#9049 = CARTESIAN_POINT('', (-34., 29., 157.));
#9050 = DIRECTION('', (0., -0., 1.));
#9051 = DIRECTION('', (0., 1., 0.));
#9052 = AXIS2_PLACEMENT_3D('', #9049, #9050, #9051);
#9053 = CYLINDRICAL_SURFACE('', #9052, 7.5);
#9054 = CARTESIAN_POINT('', (-41.5, 3., 157.));
#9055 = DIRECTION('', (-1., -0., 0.));
#9056 = AXIS2_PLACEMENT_3D('', #9054, #9055, $);
#9057 = PLANE('', #9056);
#9058 = CARTESIAN_POINT('', (-34., -23., 157.));
#9059 = DIRECTION('', (0., 0., 1.));
#9060 = DIRECTION('', (-1., 0., 0.));
#9061 = AXIS2_PLACEMENT_3D('', #9058, #9059, #9060);
#9062 = CYLINDRICAL_SURFACE('', #9061, 7.5);
#9063 = CARTESIAN_POINT('', (0., -30.5, 157.));
#9064 = DIRECTION('', (0., -1., 0.));
#9065 = AXIS2_PLACEMENT_3D('', #9063, #9064, $);
#9066 = PLANE('', #9065);
#9067 = CARTESIAN_POINT('', (0., 3., 135.));
#9068 = DIRECTION('', (0., -0., 1.));
#9069 = AXIS2_PLACEMENT_3D('', #9067, #9068, $);
#9070 = PLANE('', #9069);
#9071 = CARTESIAN_POINT('', (0., 3., 133.5));
#9072 = DIRECTION('', (0., -0., 1.));
#9073 = DIRECTION('', (1., 0., 0.));
#9074 = AXIS2_PLACEMENT_3D('', #9071, #9072, #9073);
#9075 = CYLINDRICAL_SURFACE('', #9074, 11.00000001);
#9076 = CARTESIAN_POINT('', (58., -37., 189.5));
#9077 = DIRECTION('', (-0., -0., 1.));
#9078 = DIRECTION('', (0., -1., 0.));
#9079 = AXIS2_PLACEMENT_3D('', #9076, #9077, #9078);
#9080 = CYLINDRICAL_SURFACE('', #9079, 10.);
#9081 = CARTESIAN_POINT('', (68., 3., 189.5));
#9082 = DIRECTION('', (1., -0., 0.));
#9083 = AXIS2_PLACEMENT_3D('', #9081, #9082, $);
#9084 = PLANE('', #9083);
#9085 = CARTESIAN_POINT('', (58., 43., 189.5));
#9086 = DIRECTION('', (0., -0., 1.));
#9087 = DIRECTION('', (1., 0., 0.));
#9088 = AXIS2_PLACEMENT_3D('', #9085, #9086, #9087);
#9089 = CYLINDRICAL_SURFACE('', #9088, 10.);
#9090 = CARTESIAN_POINT('', (0., 53., 189.5));
#9091 = DIRECTION('', (0., 1., -0.));
#9092 = AXIS2_PLACEMENT_3D('', #9090, #9091, $);
#9093 = PLANE('', #9092);
#9094 = CARTESIAN_POINT('', (-58., 43., 189.5));
#9095 = DIRECTION('', (0., -0., 1.));
#9096 = DIRECTION('', (0., 1., 0.));
#9097 = AXIS2_PLACEMENT_3D('', #9094, #9095, #9096);
#9098 = CYLINDRICAL_SURFACE('', #9097, 10.);
#9099 = CARTESIAN_POINT('', (-68., 3., 189.5));
#9100 = DIRECTION('', (-1., -0., 0.));
#9101 = AXIS2_PLACEMENT_3D('', #9099, #9100, $);
#9102 = PLANE('', #9101);
#9103 = CARTESIAN_POINT('', (-58., -37., 189.5));
#9104 = DIRECTION('', (0., 0., 1.));
#9105 = DIRECTION('', (-1., 0., 0.));
#9106 = AXIS2_PLACEMENT_3D('', #9103, #9104, #9105);
#9107 = CYLINDRICAL_SURFACE('', #9106, 10.);
#9108 = CARTESIAN_POINT('', (0., -47., 189.5));
#9109 = DIRECTION('', (0., -1., 0.));
#9110 = AXIS2_PLACEMENT_3D('', #9108, #9109, $);
#9111 = PLANE('', #9110);
#9112 = CARTESIAN_POINT('', (0., 3., 176.));
#9113 = DIRECTION('', (0., -0., 1.));
#9114 = AXIS2_PLACEMENT_3D('', #9112, #9113, $);
#9115 = PLANE('', #9114);
#9116 = CARTESIAN_POINT('', (0., 3., 203.));
#9117 = DIRECTION('', (0., -0., 1.));
#9118 = AXIS2_PLACEMENT_3D('', #9116, #9117, $);
#9119 = PLANE('', #9118);
#9120 = CARTESIAN_POINT('', (-49.5, -38.5, 191.5));
#9121 = DIRECTION('', (0., 0., 1.));
#9122 = DIRECTION('', (-0., -1., 0.));
#9123 = AXIS2_PLACEMENT_3D('', #9120, #9121, #9122);
#9124 = CYLINDRICAL_SURFACE('', #9123, 2.);
#9125 = CARTESIAN_POINT('', (-47.5, 3., 191.5));
#9126 = DIRECTION('', (1., 0., 0.));
#9127 = AXIS2_PLACEMENT_3D('', #9125, #9126, $);
#9128 = PLANE('', #9127);
#9129 = CARTESIAN_POINT('', (-49.5, 44.5, 191.5));
#9130 = DIRECTION('', (-0., -0., 1.));
#9131 = DIRECTION('', (1., -0., 0.));
#9132 = AXIS2_PLACEMENT_3D('', #9129, #9130, #9131);
#9133 = CYLINDRICAL_SURFACE('', #9132, 2.);
#9134 = CARTESIAN_POINT('', (-55.5, 46.5, 191.5));
#9135 = DIRECTION('', (0., 1., -0.));
#9136 = AXIS2_PLACEMENT_3D('', #9134, #9135, $);
#9137 = PLANE('', #9136);
#9138 = CARTESIAN_POINT('', (-61.5, 44.5, 191.5));
#9139 = DIRECTION('', (0., -0., 1.));
#9140 = DIRECTION('', (-0., 1., 0.));
#9141 = AXIS2_PLACEMENT_3D('', #9138, #9139, #9140);
#9142 = CYLINDRICAL_SURFACE('', #9141, 2.);
#9143 = CARTESIAN_POINT('', (-63.5, 3., 191.5));
#9144 = DIRECTION('', (-1., -0., 0.));
#9145 = AXIS2_PLACEMENT_3D('', #9143, #9144, $);
#9146 = PLANE('', #9145);
#9147 = CARTESIAN_POINT('', (-61.5, -38.5, 191.5));
#9148 = DIRECTION('', (0., 0., 1.));
#9149 = DIRECTION('', (-1., -0., 0.));
#9150 = AXIS2_PLACEMENT_3D('', #9147, #9148, #9149);
#9151 = CYLINDRICAL_SURFACE('', #9150, 2.);
#9152 = CARTESIAN_POINT('', (-55.5, -40.5, 191.5));
#9153 = DIRECTION('', (0., -1., 0.));
#9154 = AXIS2_PLACEMENT_3D('', #9152, #9153, $);
#9155 = PLANE('', #9154);
#9156 = CARTESIAN_POINT('', (-55.5, 3., 178.));
#9157 = DIRECTION('', (0., -0., 1.));
#9158 = AXIS2_PLACEMENT_3D('', #9156, #9157, $);
#9159 = PLANE('', #9158);
#9160 = CARTESIAN_POINT('', (-31., -38.5, 191.5));
#9161 = DIRECTION('', (0., 0., 1.));
#9162 = DIRECTION('', (-0., -1., 0.));
#9163 = AXIS2_PLACEMENT_3D('', #9160, #9161, #9162);
#9164 = CYLINDRICAL_SURFACE('', #9163, 2.);
#9165 = CARTESIAN_POINT('', (-29., 3., 191.5));
#9166 = DIRECTION('', (1., 0., 0.));
#9167 = AXIS2_PLACEMENT_3D('', #9165, #9166, $);
#9168 = PLANE('', #9167);
#9169 = CARTESIAN_POINT('', (-31., 44.5, 191.5));
#9170 = DIRECTION('', (-0., -0., 1.));
#9171 = DIRECTION('', (1., -0., 0.));
#9172 = AXIS2_PLACEMENT_3D('', #9169, #9170, #9171);
#9173 = CYLINDRICAL_SURFACE('', #9172, 2.);
#9174 = CARTESIAN_POINT('', (-37., 46.5, 191.5));
#9175 = DIRECTION('', (0., 1., -0.));
#9176 = AXIS2_PLACEMENT_3D('', #9174, #9175, $);
#9177 = PLANE('', #9176);
#9178 = CARTESIAN_POINT('', (-43., 44.5, 191.5));
#9179 = DIRECTION('', (0., -0., 1.));
#9180 = DIRECTION('', (-0., 1., 0.));
#9181 = AXIS2_PLACEMENT_3D('', #9178, #9179, #9180);
#9182 = CYLINDRICAL_SURFACE('', #9181, 2.);
#9183 = CARTESIAN_POINT('', (-45., 3., 191.5));
#9184 = DIRECTION('', (-1., -0., 0.));
#9185 = AXIS2_PLACEMENT_3D('', #9183, #9184, $);
#9186 = PLANE('', #9185);
#9187 = CARTESIAN_POINT('', (-43., -38.5, 191.5));
#9188 = DIRECTION('', (0., 0., 1.));
#9189 = DIRECTION('', (-1., -0., 0.));
#9190 = AXIS2_PLACEMENT_3D('', #9187, #9188, #9189);
#9191 = CYLINDRICAL_SURFACE('', #9190, 2.);
#9192 = CARTESIAN_POINT('', (-37., -40.5, 191.5));
#9193 = DIRECTION('', (0., -1., 0.));
#9194 = AXIS2_PLACEMENT_3D('', #9192, #9193, $);
#9195 = PLANE('', #9194);
#9196 = CARTESIAN_POINT('', (-37., 3., 178.));
#9197 = DIRECTION('', (0., -0., 1.));
#9198 = AXIS2_PLACEMENT_3D('', #9196, #9197, $);
#9199 = PLANE('', #9198);
#9200 = CARTESIAN_POINT('', (-12.5, -38.5, 191.5));
#9201 = DIRECTION('', (0., 0., 1.));
#9202 = DIRECTION('', (-0., -1., 0.));
#9203 = AXIS2_PLACEMENT_3D('', #9200, #9201, #9202);
#9204 = CYLINDRICAL_SURFACE('', #9203, 2.);
#9205 = CARTESIAN_POINT('', (-10.5, 3., 191.5));
#9206 = DIRECTION('', (1., 0., 0.));
#9207 = AXIS2_PLACEMENT_3D('', #9205, #9206, $);
#9208 = PLANE('', #9207);
#9209 = CARTESIAN_POINT('', (-12.5, 44.5, 191.5));
#9210 = DIRECTION('', (-0., -0., 1.));
#9211 = DIRECTION('', (1., -0., 0.));
#9212 = AXIS2_PLACEMENT_3D('', #9209, #9210, #9211);
#9213 = CYLINDRICAL_SURFACE('', #9212, 2.);
#9214 = CARTESIAN_POINT('', (-18.5, 46.5, 191.5));
#9215 = DIRECTION('', (0., 1., -0.));
#9216 = AXIS2_PLACEMENT_3D('', #9214, #9215, $);
#9217 = PLANE('', #9216);
#9218 = CARTESIAN_POINT('', (-24.5, 44.5, 191.5));
#9219 = DIRECTION('', (0., -0., 1.));
#9220 = DIRECTION('', (-0., 1., 0.));
#9221 = AXIS2_PLACEMENT_3D('', #9218, #9219, #9220);
#9222 = CYLINDRICAL_SURFACE('', #9221, 2.);
#9223 = CARTESIAN_POINT('', (-26.5, 3., 191.5));
#9224 = DIRECTION('', (-1., -0., 0.));
#9225 = AXIS2_PLACEMENT_3D('', #9223, #9224, $);
#9226 = PLANE('', #9225);
#9227 = CARTESIAN_POINT('', (-24.5, -38.5, 191.5));
#9228 = DIRECTION('', (0., 0., 1.));
#9229 = DIRECTION('', (-1., -0., 0.));
#9230 = AXIS2_PLACEMENT_3D('', #9227, #9228, #9229);
#9231 = CYLINDRICAL_SURFACE('', #9230, 2.);
#9232 = CARTESIAN_POINT('', (-18.5, -40.5, 191.5));
#9233 = DIRECTION('', (0., -1., 0.));
#9234 = AXIS2_PLACEMENT_3D('', #9232, #9233, $);
#9235 = PLANE('', #9234);
#9236 = CARTESIAN_POINT('', (-18.5, 3., 178.));
#9237 = DIRECTION('', (0., -0., 1.));
#9238 = AXIS2_PLACEMENT_3D('', #9236, #9237, $);
#9239 = PLANE('', #9238);
#9240 = CARTESIAN_POINT('', (6., -38.5, 191.5));
#9241 = DIRECTION('', (0., 0., 1.));
#9242 = DIRECTION('', (-0., -1., 0.));
#9243 = AXIS2_PLACEMENT_3D('', #9240, #9241, #9242);
#9244 = CYLINDRICAL_SURFACE('', #9243, 2.);
#9245 = CARTESIAN_POINT('', (8., 3., 191.5));
#9246 = DIRECTION('', (1., 0., 0.));
#9247 = AXIS2_PLACEMENT_3D('', #9245, #9246, $);
#9248 = PLANE('', #9247);
#9249 = CARTESIAN_POINT('', (6., 44.5, 191.5));
#9250 = DIRECTION('', (-0., -0., 1.));
#9251 = DIRECTION('', (1., -0., 0.));
#9252 = AXIS2_PLACEMENT_3D('', #9249, #9250, #9251);
#9253 = CYLINDRICAL_SURFACE('', #9252, 2.);
#9254 = CARTESIAN_POINT('', (-0., 46.5, 191.5));
#9255 = DIRECTION('', (0., 1., -0.));
#9256 = AXIS2_PLACEMENT_3D('', #9254, #9255, $);
#9257 = PLANE('', #9256);
#9258 = CARTESIAN_POINT('', (-6., 44.5, 191.5));
#9259 = DIRECTION('', (0., -0., 1.));
#9260 = DIRECTION('', (-0., 1., 0.));
#9261 = AXIS2_PLACEMENT_3D('', #9258, #9259, #9260);
#9262 = CYLINDRICAL_SURFACE('', #9261, 2.);
#9263 = CARTESIAN_POINT('', (-8., 3., 191.5));
#9264 = DIRECTION('', (-1., -0., 0.));
#9265 = AXIS2_PLACEMENT_3D('', #9263, #9264, $);
#9266 = PLANE('', #9265);
#9267 = CARTESIAN_POINT('', (-6., -38.5, 191.5));
#9268 = DIRECTION('', (0., 0., 1.));
#9269 = DIRECTION('', (-1., -0., 0.));
#9270 = AXIS2_PLACEMENT_3D('', #9267, #9268, #9269);
#9271 = CYLINDRICAL_SURFACE('', #9270, 2.);
#9272 = CARTESIAN_POINT('', (0., -40.5, 191.5));
#9273 = DIRECTION('', (0., -1., 0.));
#9274 = AXIS2_PLACEMENT_3D('', #9272, #9273, $);
#9275 = PLANE('', #9274);
#9276 = CARTESIAN_POINT('', (0., 3., 178.));
#9277 = DIRECTION('', (0., -0., 1.));
#9278 = AXIS2_PLACEMENT_3D('', #9276, #9277, $);
#9279 = PLANE('', #9278);
#9280 = CARTESIAN_POINT('', (24.5, -38.5, 191.5));
#9281 = DIRECTION('', (0., 0., 1.));
#9282 = DIRECTION('', (-0., -1., 0.));
#9283 = AXIS2_PLACEMENT_3D('', #9280, #9281, #9282);
#9284 = CYLINDRICAL_SURFACE('', #9283, 2.);
#9285 = CARTESIAN_POINT('', (26.5, 3., 191.5));
#9286 = DIRECTION('', (1., 0., 0.));
#9287 = AXIS2_PLACEMENT_3D('', #9285, #9286, $);
#9288 = PLANE('', #9287);
#9289 = CARTESIAN_POINT('', (24.5, 44.5, 191.5));
#9290 = DIRECTION('', (-0., -0., 1.));
#9291 = DIRECTION('', (1., -0., 0.));
#9292 = AXIS2_PLACEMENT_3D('', #9289, #9290, #9291);
#9293 = CYLINDRICAL_SURFACE('', #9292, 2.);
#9294 = CARTESIAN_POINT('', (18.5, 46.5, 191.5));
#9295 = DIRECTION('', (0., 1., -0.));
#9296 = AXIS2_PLACEMENT_3D('', #9294, #9295, $);
#9297 = PLANE('', #9296);
#9298 = CARTESIAN_POINT('', (12.5, 44.5, 191.5));
#9299 = DIRECTION('', (0., -0., 1.));
#9300 = DIRECTION('', (-0., 1., 0.));
#9301 = AXIS2_PLACEMENT_3D('', #9298, #9299, #9300);
#9302 = CYLINDRICAL_SURFACE('', #9301, 2.);
#9303 = CARTESIAN_POINT('', (10.5, 3., 191.5));
#9304 = DIRECTION('', (-1., -0., 0.));
#9305 = AXIS2_PLACEMENT_3D('', #9303, #9304, $);
#9306 = PLANE('', #9305);
#9307 = CARTESIAN_POINT('', (12.5, -38.5, 191.5));
#9308 = DIRECTION('', (0., 0., 1.));
#9309 = DIRECTION('', (-1., -0., 0.));
#9310 = AXIS2_PLACEMENT_3D('', #9307, #9308, #9309);
#9311 = CYLINDRICAL_SURFACE('', #9310, 2.);
#9312 = CARTESIAN_POINT('', (18.5, -40.5, 191.5));
#9313 = DIRECTION('', (0., -1., 0.));
#9314 = AXIS2_PLACEMENT_3D('', #9312, #9313, $);
#9315 = PLANE('', #9314);
#9316 = CARTESIAN_POINT('', (18.5, 3., 178.));
#9317 = DIRECTION('', (0., -0., 1.));
#9318 = AXIS2_PLACEMENT_3D('', #9316, #9317, $);
#9319 = PLANE('', #9318);
#9320 = CARTESIAN_POINT('', (43., -38.5, 191.5));
#9321 = DIRECTION('', (0., 0., 1.));
#9322 = DIRECTION('', (-0., -1., 0.));
#9323 = AXIS2_PLACEMENT_3D('', #9320, #9321, #9322);
#9324 = CYLINDRICAL_SURFACE('', #9323, 2.);
#9325 = CARTESIAN_POINT('', (45., 3., 191.5));
#9326 = DIRECTION('', (1., 0., 0.));
#9327 = AXIS2_PLACEMENT_3D('', #9325, #9326, $);
#9328 = PLANE('', #9327);
#9329 = CARTESIAN_POINT('', (43., 44.5, 191.5));
#9330 = DIRECTION('', (-0., -0., 1.));
#9331 = DIRECTION('', (1., -0., 0.));
#9332 = AXIS2_PLACEMENT_3D('', #9329, #9330, #9331);
#9333 = CYLINDRICAL_SURFACE('', #9332, 2.);
#9334 = CARTESIAN_POINT('', (37., 46.5, 191.5));
#9335 = DIRECTION('', (0., 1., -0.));
#9336 = AXIS2_PLACEMENT_3D('', #9334, #9335, $);
#9337 = PLANE('', #9336);
#9338 = CARTESIAN_POINT('', (31., 44.5, 191.5));
#9339 = DIRECTION('', (0., -0., 1.));
#9340 = DIRECTION('', (-0., 1., 0.));
#9341 = AXIS2_PLACEMENT_3D('', #9338, #9339, #9340);
#9342 = CYLINDRICAL_SURFACE('', #9341, 2.);
#9343 = CARTESIAN_POINT('', (29., 3., 191.5));
#9344 = DIRECTION('', (-1., -0., 0.));
#9345 = AXIS2_PLACEMENT_3D('', #9343, #9344, $);
#9346 = PLANE('', #9345);
#9347 = CARTESIAN_POINT('', (31., -38.5, 191.5));
#9348 = DIRECTION('', (0., 0., 1.));
#9349 = DIRECTION('', (-1., -0., 0.));
#9350 = AXIS2_PLACEMENT_3D('', #9347, #9348, #9349);
#9351 = CYLINDRICAL_SURFACE('', #9350, 2.);
#9352 = CARTESIAN_POINT('', (37., -40.5, 191.5));
#9353 = DIRECTION('', (0., -1., 0.));
#9354 = AXIS2_PLACEMENT_3D('', #9352, #9353, $);
#9355 = PLANE('', #9354);
#9356 = CARTESIAN_POINT('', (37., 3., 178.));
#9357 = DIRECTION('', (0., -0., 1.));
#9358 = AXIS2_PLACEMENT_3D('', #9356, #9357, $);
#9359 = PLANE('', #9358);
#9360 = CARTESIAN_POINT('', (61.5, -38.5, 191.5));
#9361 = DIRECTION('', (0., 0., 1.));
#9362 = DIRECTION('', (-0., -1., 0.));
#9363 = AXIS2_PLACEMENT_3D('', #9360, #9361, #9362);
#9364 = CYLINDRICAL_SURFACE('', #9363, 2.);
#9365 = CARTESIAN_POINT('', (63.5, 3., 191.5));
#9366 = DIRECTION('', (1., 0., 0.));
#9367 = AXIS2_PLACEMENT_3D('', #9365, #9366, $);
#9368 = PLANE('', #9367);
#9369 = CARTESIAN_POINT('', (61.5, 44.5, 191.5));
#9370 = DIRECTION('', (-0., -0., 1.));
#9371 = DIRECTION('', (1., -0., 0.));
#9372 = AXIS2_PLACEMENT_3D('', #9369, #9370, #9371);
#9373 = CYLINDRICAL_SURFACE('', #9372, 2.);
#9374 = CARTESIAN_POINT('', (55.5, 46.5, 191.5));
#9375 = DIRECTION('', (0., 1., -0.));
#9376 = AXIS2_PLACEMENT_3D('', #9374, #9375, $);
#9377 = PLANE('', #9376);
#9378 = CARTESIAN_POINT('', (49.5, 44.5, 191.5));
#9379 = DIRECTION('', (0., -0., 1.));
#9380 = DIRECTION('', (-0., 1., 0.));
#9381 = AXIS2_PLACEMENT_3D('', #9378, #9379, #9380);
#9382 = CYLINDRICAL_SURFACE('', #9381, 2.);
#9383 = CARTESIAN_POINT('', (47.5, 3., 191.5));
#9384 = DIRECTION('', (-1., -0., 0.));
#9385 = AXIS2_PLACEMENT_3D('', #9383, #9384, $);
#9386 = PLANE('', #9385);
#9387 = CARTESIAN_POINT('', (49.5, -38.5, 191.5));
#9388 = DIRECTION('', (0., 0., 1.));
#9389 = DIRECTION('', (-1., -0., 0.));
#9390 = AXIS2_PLACEMENT_3D('', #9387, #9388, #9389);
#9391 = CYLINDRICAL_SURFACE('', #9390, 2.);
#9392 = CARTESIAN_POINT('', (55.5, -40.5, 191.5));
#9393 = DIRECTION('', (0., -1., 0.));
#9394 = AXIS2_PLACEMENT_3D('', #9392, #9393, $);
#9395 = PLANE('', #9394);
#9396 = CARTESIAN_POINT('', (55.5, 3., 178.));
#9397 = DIRECTION('', (0., -0., 1.));
#9398 = AXIS2_PLACEMENT_3D('', #9396, #9397, $);
#9399 = PLANE('', #9398);
#9400 = CARTESIAN_POINT('', (34., -23., 174.));
#9401 = DIRECTION('', (-0., -0., 1.));
#9402 = DIRECTION('', (0., -1., 0.));
#9403 = AXIS2_PLACEMENT_3D('', #9400, #9401, #9402);
#9404 = CYLINDRICAL_SURFACE('', #9403, 7.);
#9405 = CARTESIAN_POINT('', (41., 3., 174.));
#9406 = DIRECTION('', (1., -0., 0.));
#9407 = AXIS2_PLACEMENT_3D('', #9405, #9406, $);
#9408 = PLANE('', #9407);
#9409 = CARTESIAN_POINT('', (34., 29., 174.));
#9410 = DIRECTION('', (0., -0., 1.));
#9411 = DIRECTION('', (1., 0., 0.));
#9412 = AXIS2_PLACEMENT_3D('', #9409, #9410, #9411);
#9413 = CYLINDRICAL_SURFACE('', #9412, 7.);
#9414 = CARTESIAN_POINT('', (-0., 36., 174.));
#9415 = DIRECTION('', (0., 1., 0.));
#9416 = AXIS2_PLACEMENT_3D('', #9414, #9415, $);
#9417 = PLANE('', #9416);
#9418 = CARTESIAN_POINT('', (-34., 29., 174.));
#9419 = DIRECTION('', (0., -0., 1.));
#9420 = DIRECTION('', (-0., 1., 0.));
#9421 = AXIS2_PLACEMENT_3D('', #9418, #9419, #9420);
#9422 = CYLINDRICAL_SURFACE('', #9421, 7.);
#9423 = CARTESIAN_POINT('', (-41., 3., 174.));
#9424 = DIRECTION('', (-1., -0., 0.));
#9425 = AXIS2_PLACEMENT_3D('', #9423, #9424, $);
#9426 = PLANE('', #9425);
#9427 = CARTESIAN_POINT('', (-34., -23., 174.));
#9428 = DIRECTION('', (0., 0., 1.));
#9429 = DIRECTION('', (-1., -0., 0.));
#9430 = AXIS2_PLACEMENT_3D('', #9427, #9428, #9429);
#9431 = CYLINDRICAL_SURFACE('', #9430, 7.);
#9432 = CARTESIAN_POINT('', (-0., -30., 174.));
#9433 = DIRECTION('', (0., -1., 0.));
#9434 = AXIS2_PLACEMENT_3D('', #9432, #9433, $);
#9435 = PLANE('', #9434);
#9436 = CARTESIAN_POINT('', (0., 3., 171.));
#9437 = DIRECTION('', (0., -0., 1.));
#9438 = AXIS2_PLACEMENT_3D('', #9436, #9437, $);
#9439 = PLANE('', #9438);
#9440 = CARTESIAN_POINT('', (0., -28., 174.));
#9441 = DIRECTION('', (0., -1., 0.));
#9442 = AXIS2_PLACEMENT_3D('', #9440, #9441, $);
#9443 = PLANE('', #9442);
#9444 = CARTESIAN_POINT('', (-34., -23., 174.));
#9445 = DIRECTION('', (0., 0., 1.));
#9446 = DIRECTION('', (-1., 0., 0.));
#9447 = AXIS2_PLACEMENT_3D('', #9444, #9445, #9446);
#9448 = CYLINDRICAL_SURFACE('', #9447, 5.);
#9449 = CARTESIAN_POINT('', (-39., 3., 174.));
#9450 = DIRECTION('', (-1., -0., 0.));
#9451 = AXIS2_PLACEMENT_3D('', #9449, #9450, $);
#9452 = PLANE('', #9451);
#9453 = CARTESIAN_POINT('', (-34., 29., 174.));
#9454 = DIRECTION('', (0., -0., 1.));
#9455 = DIRECTION('', (-0., 1., 0.));
#9456 = AXIS2_PLACEMENT_3D('', #9453, #9454, #9455);
#9457 = CYLINDRICAL_SURFACE('', #9456, 5.);
#9458 = CARTESIAN_POINT('', (0., 34., 174.));
#9459 = DIRECTION('', (-0., 1., 0.));
#9460 = AXIS2_PLACEMENT_3D('', #9458, #9459, $);
#9461 = PLANE('', #9460);
#9462 = CARTESIAN_POINT('', (34., 29., 174.));
#9463 = DIRECTION('', (0., 0., 1.));
#9464 = DIRECTION('', (1., -0., -0.));
#9465 = AXIS2_PLACEMENT_3D('', #9462, #9463, #9464);
#9466 = CYLINDRICAL_SURFACE('', #9465, 5.);
#9467 = CARTESIAN_POINT('', (39., 3., 174.));
#9468 = DIRECTION('', (1., 0., 0.));
#9469 = AXIS2_PLACEMENT_3D('', #9467, #9468, $);
#9470 = PLANE('', #9469);
#9471 = CARTESIAN_POINT('', (34., -23., 174.));
#9472 = DIRECTION('', (-0., 0., 1.));
#9473 = DIRECTION('', (-0., -1., 0.));
#9474 = AXIS2_PLACEMENT_3D('', #9471, #9472, #9473);
#9475 = CYLINDRICAL_SURFACE('', #9474, 5.);
#9476 = CARTESIAN_POINT('', (60., 88.65836165, 306.49036011));
#9477 = DIRECTION('', (-0., 0.96592583, -0.25881905));
#9478 = DIRECTION('', (0., 0.25881905, 0.96592583));
#9479 = AXIS2_PLACEMENT_3D('', #9476, #9477, #9478);
#9480 = CYLINDRICAL_SURFACE('', #9479, 15.);
#9481 = CARTESIAN_POINT('', (75., 77.52914271, 264.95554958));
#9482 = DIRECTION('', (1., -0., 0.));
#9483 = AXIS2_PLACEMENT_3D('', #9481, #9482, $);
#9484 = PLANE('', #9483);
#9485 = CARTESIAN_POINT('', (60., 66.39992377, 223.42073905));
#9486 = DIRECTION('', (-0., 0.96592583, -0.25881905));
#9487 = DIRECTION('', (1., 0., 0.));
#9488 = AXIS2_PLACEMENT_3D('', #9485, #9486, #9487);
#9489 = CYLINDRICAL_SURFACE('', #9488, 15.);
#9490 = CARTESIAN_POINT('', (0., 62.51763809, 208.93185165));
#9491 = DIRECTION('', (-0., -0.25881905, -0.96592583));
#9492 = AXIS2_PLACEMENT_3D('', #9490, #9491, $);
#9493 = PLANE('', #9492);
#9494 = CARTESIAN_POINT('', (-60., 66.39992377, 223.42073905));
#9495 = DIRECTION('', (-0., 0.96592583, -0.25881905));
#9496 = DIRECTION('', (0., -0.25881905, -0.96592583));
#9497 = AXIS2_PLACEMENT_3D('', #9494, #9495, #9496);
#9498 = CYLINDRICAL_SURFACE('', #9497, 15.);
#9499 = CARTESIAN_POINT('', (-75., 77.52914271, 264.95554958));
#9500 = DIRECTION('', (-1., 0., 0.));
#9501 = AXIS2_PLACEMENT_3D('', #9499, #9500, $);
#9502 = PLANE('', #9501);
#9503 = CARTESIAN_POINT('', (-60., 88.65836165, 306.49036011));
#9504 = DIRECTION('', (-0., 0.96592583, -0.25881905));
#9505 = DIRECTION('', (-1., -0., 0.));
#9506 = AXIS2_PLACEMENT_3D('', #9503, #9504, #9505);
#9507 = CYLINDRICAL_SURFACE('', #9506, 15.);
#9508 = CARTESIAN_POINT('', (0., 92.54064732, 320.9792475));
#9509 = DIRECTION('', (-0., 0.25881905, 0.96592583));
#9510 = AXIS2_PLACEMENT_3D('', #9508, #9509, $);
#9511 = PLANE('', #9510);
#9512 = CARTESIAN_POINT('', (0., 74.63136523, 265.73200671));
#9513 = DIRECTION('', (0., 0.96592583, -0.25881905));
#9514 = AXIS2_PLACEMENT_3D('', #9512, #9513, $);
#9515 = PLANE('', #9514);
#9516 = CARTESIAN_POINT('', (0., 80.42692019, 264.17909244));
#9517 = DIRECTION('', (0., 0.96592583, -0.25881905));
#9518 = AXIS2_PLACEMENT_3D('', #9516, #9517, $);
#9519 = PLANE('', #9518);
#9520 = CARTESIAN_POINT('', (-12.9, 63.94114284, 214.2444437));
#9521 = DIRECTION('', (0., 0.96592583, -0.25881905));
#9522 = DIRECTION('', (0., 0.25881905, 0.96592583));
#9523 = AXIS2_PLACEMENT_3D('', #9520, #9521, #9522);
#9524 = CYLINDRICAL_SURFACE('', #9523, 0.5);
#9525 = CARTESIAN_POINT('', (-12.4, 62.25881905, 207.96592583));
#9526 = DIRECTION('', (1., -0., -0.));
#9527 = AXIS2_PLACEMENT_3D('', #9525, #9526, $);
#9528 = PLANE('', #9527);
#9529 = CARTESIAN_POINT('', (-35.6, 62.25881905, 207.96592583));
#9530 = DIRECTION('', (-1., 0., 0.));
#9531 = AXIS2_PLACEMENT_3D('', #9529, #9530, $);
#9532 = PLANE('', #9531);
#9533 = CARTESIAN_POINT('', (-35.1, 63.94114284, 214.2444437));
#9534 = DIRECTION('', (0., 0.96592583, -0.25881905));
#9535 = DIRECTION('', (-1., 0., 0.));
#9536 = AXIS2_PLACEMENT_3D('', #9533, #9534, #9535);
#9537 = CYLINDRICAL_SURFACE('', #9536, 0.5);
#9538 = CARTESIAN_POINT('', (-24., 64.07055236, 214.72740661));
#9539 = DIRECTION('', (-0., 0.25881905, 0.96592583));
#9540 = AXIS2_PLACEMENT_3D('', #9538, #9539, $);
#9541 = PLANE('', #9540);
#9542 = CARTESIAN_POINT('', (35.1, 63.94114284, 214.2444437));
#9543 = DIRECTION('', (0., 0.96592583, -0.25881905));
#9544 = DIRECTION('', (0., 0.25881905, 0.96592583));
#9545 = AXIS2_PLACEMENT_3D('', #9542, #9543, #9544);
#9546 = CYLINDRICAL_SURFACE('', #9545, 0.5);
#9547 = CARTESIAN_POINT('', (35.6, 62.25881905, 207.96592583));
#9548 = DIRECTION('', (1., -0., -0.));
#9549 = AXIS2_PLACEMENT_3D('', #9547, #9548, $);
#9550 = PLANE('', #9549);
#9551 = CARTESIAN_POINT('', (12.4, 62.25881905, 207.96592583));
#9552 = DIRECTION('', (-1., 0., 0.));
#9553 = AXIS2_PLACEMENT_3D('', #9551, #9552, $);
#9554 = PLANE('', #9553);
#9555 = CARTESIAN_POINT('', (12.9, 63.94114284, 214.2444437));
#9556 = DIRECTION('', (0., 0.96592583, -0.25881905));
#9557 = DIRECTION('', (-1., 0., 0.));
#9558 = AXIS2_PLACEMENT_3D('', #9555, #9556, #9557);
#9559 = CYLINDRICAL_SURFACE('', #9558, 0.5);
#9560 = CARTESIAN_POINT('', (24., 64.07055236, 214.72740661));
#9561 = DIRECTION('', (-0., 0.25881905, 0.96592583));
#9562 = AXIS2_PLACEMENT_3D('', #9560, #9561, $);
#9563 = PLANE('', #9562);
#9564 = CARTESIAN_POINT('', (0., 62., 207.));
#9565 = DIRECTION('', (1., 0., 0.));
#9566 = DIRECTION('', (0., -0.96592583, 0.25881905));
#9567 = AXIS2_PLACEMENT_3D('', #9564, #9565, #9566);
#9568 = CYLINDRICAL_SURFACE('', #9567, 3.);
#9569 = CARTESIAN_POINT('', (-12., 62., 207.));
#9570 = DIRECTION('', (1., 0., -0.));
#9571 = AXIS2_PLACEMENT_3D('', #9569, #9570, $);
#9572 = PLANE('', #9571);
#9573 = CARTESIAN_POINT('', (12., 62., 207.));
#9574 = DIRECTION('', (1., 0., -0.));
#9575 = AXIS2_PLACEMENT_3D('', #9573, #9574, $);
#9576 = PLANE('', #9575);
#9577 = CARTESIAN_POINT('', (0., 62., 207.));
#9578 = DIRECTION('', (1., 0., 0.));
#9579 = DIRECTION('', (0., -0.96592583, 0.25881905));
#9580 = AXIS2_PLACEMENT_3D('', #9577, #9578, #9579);
#9581 = CYLINDRICAL_SURFACE('', #9580, 1.2);
#9582 = CARTESIAN_POINT('', (60., -41., 102.));
#9583 = DIRECTION('', (0., -0., 1.));
#9584 = DIRECTION('', (0., -1., -0.));
#9585 = AXIS2_PLACEMENT_3D('', #9582, #9583, #9584);
#9586 = CYLINDRICAL_SURFACE('', #9585, 15.);
#9587 = CARTESIAN_POINT('', (75., 2., 102.));
#9588 = DIRECTION('', (1., -0., 0.));
#9589 = AXIS2_PLACEMENT_3D('', #9587, #9588, $);
#9590 = PLANE('', #9589);
#9591 = CARTESIAN_POINT('', (60., 45., 102.));
#9592 = DIRECTION('', (0., -0., 1.));
#9593 = DIRECTION('', (1., 0., 0.));
#9594 = AXIS2_PLACEMENT_3D('', #9591, #9592, #9593);
#9595 = CYLINDRICAL_SURFACE('', #9594, 15.);
#9596 = CARTESIAN_POINT('', (0., 60., 102.));
#9597 = DIRECTION('', (0., 1., -0.));
#9598 = AXIS2_PLACEMENT_3D('', #9596, #9597, $);
#9599 = PLANE('', #9598);
#9600 = CARTESIAN_POINT('', (-60., 45., 102.));
#9601 = DIRECTION('', (-0., 0., 1.));
#9602 = DIRECTION('', (-0., 1., -0.));
#9603 = AXIS2_PLACEMENT_3D('', #9600, #9601, #9602);
#9604 = CYLINDRICAL_SURFACE('', #9603, 15.);
#9605 = CARTESIAN_POINT('', (-75., 2., 102.));
#9606 = DIRECTION('', (-1., -0., 0.));
#9607 = AXIS2_PLACEMENT_3D('', #9605, #9606, $);
#9608 = PLANE('', #9607);
#9609 = CARTESIAN_POINT('', (-60., -41., 102.));
#9610 = DIRECTION('', (0., 0., 1.));
#9611 = DIRECTION('', (-1., -0., 0.));
#9612 = AXIS2_PLACEMENT_3D('', #9609, #9610, #9611);
#9613 = CYLINDRICAL_SURFACE('', #9612, 15.);
#9614 = CARTESIAN_POINT('', (0., -56., 102.));
#9615 = DIRECTION('', (0., -1., 0.));
#9616 = AXIS2_PLACEMENT_3D('', #9614, #9615, $);
#9617 = PLANE('', #9616);
#9618 = CARTESIAN_POINT('', (0., 2., 0.));
#9619 = DIRECTION('', (0., -0., 1.));
#9620 = AXIS2_PLACEMENT_3D('', #9618, #9619, $);
#9621 = PLANE('', #9620);
#9622 = CARTESIAN_POINT('', (0., 2., 204.));
#9623 = DIRECTION('', (0., -0., 1.));
#9624 = AXIS2_PLACEMENT_3D('', #9622, #9623, $);
#9625 = PLANE('', #9624);
#9626 = CARTESIAN_POINT('', (60., -41., 105.));
#9627 = DIRECTION('', (0., -0., 1.));
#9628 = DIRECTION('', (-0., -1., -0.));
#9629 = AXIS2_PLACEMENT_3D('', #9626, #9627, #9628);
#9630 = CYLINDRICAL_SURFACE('', #9629, 12.);
#9631 = CARTESIAN_POINT('', (72., 2., 105.));
#9632 = DIRECTION('', (1., -0., 0.));
#9633 = AXIS2_PLACEMENT_3D('', #9631, #9632, $);
#9634 = PLANE('', #9633);
#9635 = CARTESIAN_POINT('', (60., 45., 105.));
#9636 = DIRECTION('', (0., 0., 1.));
#9637 = DIRECTION('', (1., -0., -0.));
#9638 = AXIS2_PLACEMENT_3D('', #9635, #9636, #9637);
#9639 = CYLINDRICAL_SURFACE('', #9638, 12.);
#9640 = CARTESIAN_POINT('', (0., 57., 105.));
#9641 = DIRECTION('', (-0., 1., 0.));
#9642 = AXIS2_PLACEMENT_3D('', #9640, #9641, $);
#9643 = PLANE('', #9642);
#9644 = CARTESIAN_POINT('', (-60., 45., 105.));
#9645 = DIRECTION('', (-0., 0., 1.));
#9646 = DIRECTION('', (-0., 1., -0.));
#9647 = AXIS2_PLACEMENT_3D('', #9644, #9645, #9646);
#9648 = CYLINDRICAL_SURFACE('', #9647, 12.);
#9649 = CARTESIAN_POINT('', (-72., 2., 105.));
#9650 = DIRECTION('', (-1., -0., 0.));
#9651 = AXIS2_PLACEMENT_3D('', #9649, #9650, $);
#9652 = PLANE('', #9651);
#9653 = CARTESIAN_POINT('', (-60., -41., 105.));
#9654 = DIRECTION('', (-0., -0., 1.));
#9655 = DIRECTION('', (-1., 0., -0.));
#9656 = AXIS2_PLACEMENT_3D('', #9653, #9654, #9655);
#9657 = CYLINDRICAL_SURFACE('', #9656, 12.);
#9658 = CARTESIAN_POINT('', (0., -53., 105.));
#9659 = DIRECTION('', (0., -1., 0.));
#9660 = AXIS2_PLACEMENT_3D('', #9658, #9659, $);
#9661 = PLANE('', #9660);
#9662 = CARTESIAN_POINT('', (0., 2., 3.));
#9663 = DIRECTION('', (0., -0., 1.));
#9664 = AXIS2_PLACEMENT_3D('', #9662, #9663, $);
#9665 = PLANE('', #9664);
#9666 = CARTESIAN_POINT('', (-0., -55.5, 4.));
#9667 = DIRECTION('', (0., -0., -1.));
#9668 = AXIS2_PLACEMENT_3D('', #9666, #9667, $);
#9669 = PLANE('', #9668);
#9670 = CARTESIAN_POINT('', (-46., -55.5, 10.));
#9671 = DIRECTION('', (0., -1., -0.));
#9672 = DIRECTION('', (-1., 0., -0.));
#9673 = AXIS2_PLACEMENT_3D('', #9670, #9671, #9672);
#9674 = CYLINDRICAL_SURFACE('', #9673, 6.);
#9675 = CARTESIAN_POINT('', (-52., -55.5, 38.));
#9676 = DIRECTION('', (-1., -0., -0.));
#9677 = AXIS2_PLACEMENT_3D('', #9675, #9676, $);
#9678 = PLANE('', #9677);
#9679 = CARTESIAN_POINT('', (-46., -55.5, 66.));
#9680 = DIRECTION('', (-0., -1., 0.));
#9681 = DIRECTION('', (0., 0., 1.));
#9682 = AXIS2_PLACEMENT_3D('', #9679, #9680, #9681);
#9683 = CYLINDRICAL_SURFACE('', #9682, 6.);
#9684 = CARTESIAN_POINT('', (0., -55.5, 72.));
#9685 = DIRECTION('', (0., 0., 1.));
#9686 = AXIS2_PLACEMENT_3D('', #9684, #9685, $);
#9687 = PLANE('', #9686);
#9688 = CARTESIAN_POINT('', (46., -55.5, 66.));
#9689 = DIRECTION('', (0., -1., 0.));
#9690 = DIRECTION('', (1., 0., 0.));
#9691 = AXIS2_PLACEMENT_3D('', #9688, #9689, #9690);
#9692 = CYLINDRICAL_SURFACE('', #9691, 6.);
#9693 = CARTESIAN_POINT('', (46., -55.5, 10.));
#9694 = DIRECTION('', (0., -1., 0.));
#9695 = DIRECTION('', (0., 0., -1.));
#9696 = AXIS2_PLACEMENT_3D('', #9693, #9694, #9695);
#9697 = CYLINDRICAL_SURFACE('', #9696, 6.);
#9698 = CARTESIAN_POINT('', (52., -55.5, 38.));
#9699 = DIRECTION('', (1., -0., -0.));
#9700 = AXIS2_PLACEMENT_3D('', #9698, #9699, $);
#9701 = PLANE('', #9700);
#9702 = CARTESIAN_POINT('', (0., -55., 124.8));
#9703 = DIRECTION('', (0., -0., -1.));
#9704 = AXIS2_PLACEMENT_3D('', #9702, #9703, $);
#9705 = PLANE('', #9704);
#9706 = CARTESIAN_POINT('', (-46.2, -55., 147.));
#9707 = DIRECTION('', (-1., -0., 0.));
#9708 = AXIS2_PLACEMENT_3D('', #9706, #9707, $);
#9709 = PLANE('', #9708);
#9710 = CARTESIAN_POINT('', (-43.2, -55., 166.2));
#9711 = DIRECTION('', (0., -1., 0.));
#9712 = DIRECTION('', (0., 0., 1.));
#9713 = AXIS2_PLACEMENT_3D('', #9710, #9711, #9712);
#9714 = CYLINDRICAL_SURFACE('', #9713, 3.);
#9715 = CARTESIAN_POINT('', (-0., -55., 169.2));
#9716 = DIRECTION('', (0., 0., 1.));
#9717 = AXIS2_PLACEMENT_3D('', #9715, #9716, $);
#9718 = PLANE('', #9717);
#9719 = CARTESIAN_POINT('', (43.2, -55., 166.2));
#9720 = DIRECTION('', (-0., -1., -0.));
#9721 = DIRECTION('', (1., -0., 0.));
#9722 = AXIS2_PLACEMENT_3D('', #9719, #9720, #9721);
#9723 = CYLINDRICAL_SURFACE('', #9722, 3.);
#9724 = CARTESIAN_POINT('', (46.2, -55., 147.));
#9725 = DIRECTION('', (1., -0., -0.));
#9726 = AXIS2_PLACEMENT_3D('', #9724, #9725, $);
#9727 = PLANE('', #9726);
#9728 = CARTESIAN_POINT('', (43.2, -55., 127.8));
#9729 = DIRECTION('', (-0., -1., 0.));
#9730 = DIRECTION('', (-0., -0., -1.));
#9731 = AXIS2_PLACEMENT_3D('', #9728, #9729, #9730);
#9732 = CYLINDRICAL_SURFACE('', #9731, 3.);
#9733 = CARTESIAN_POINT('', (-43.2, -55., 127.8));
#9734 = DIRECTION('', (0., -1., 0.));
#9735 = DIRECTION('', (-1., 0., 0.));
#9736 = AXIS2_PLACEMENT_3D('', #9733, #9734, #9735);
#9737 = CYLINDRICAL_SURFACE('', #9736, 3.);
#9738 = CARTESIAN_POINT('', (-28., -55., 94.));
#9739 = DIRECTION('', (0., -1., 0.));
#9740 = DIRECTION('', (1., 0., -0.));
#9741 = AXIS2_PLACEMENT_3D('', #9738, #9739, #9740);
#9742 = CYLINDRICAL_SURFACE('', #9741, 12.50000001);
#9743 = CARTESIAN_POINT('', (-28., -55.75, 94.));
#9744 = DIRECTION('', (0., -1., 0.));
#9745 = DIRECTION('', (1., 0., 0.));
#9746 = AXIS2_PLACEMENT_3D('', #9743, #9744, #9745);
#9747 = CYLINDRICAL_SURFACE('', #9746, 15.4);
#9748 = CARTESIAN_POINT('', (-28., -54.5, 94.));
#9749 = DIRECTION('', (0., -1., 0.));
#9750 = AXIS2_PLACEMENT_3D('', #9748, #9749, $);
#9751 = PLANE('', #9750);
#9752 = CARTESIAN_POINT('', (41., -55., 87.));
#9753 = DIRECTION('', (0., -1., 0.));
#9754 = DIRECTION('', (0., 0., -1.));
#9755 = AXIS2_PLACEMENT_3D('', #9752, #9753, #9754);
#9756 = CYLINDRICAL_SURFACE('', #9755, 3.);
#9757 = CARTESIAN_POINT('', (44., -55., 94.));
#9758 = DIRECTION('', (1., -0., -0.));
#9759 = AXIS2_PLACEMENT_3D('', #9757, #9758, $);
#9760 = PLANE('', #9759);
#9761 = CARTESIAN_POINT('', (41., -55., 101.));
#9762 = DIRECTION('', (0., -1., 0.));
#9763 = DIRECTION('', (1., 0., 0.));
#9764 = AXIS2_PLACEMENT_3D('', #9761, #9762, #9763);
#9765 = CYLINDRICAL_SURFACE('', #9764, 3.);
#9766 = CARTESIAN_POINT('', (28., -55., 104.));
#9767 = DIRECTION('', (-0., 0., 1.));
#9768 = AXIS2_PLACEMENT_3D('', #9766, #9767, $);
#9769 = PLANE('', #9768);
#9770 = CARTESIAN_POINT('', (15., -55., 101.));
#9771 = DIRECTION('', (-0., -1., 0.));
#9772 = DIRECTION('', (-0., 0., 1.));
#9773 = AXIS2_PLACEMENT_3D('', #9770, #9771, #9772);
#9774 = CYLINDRICAL_SURFACE('', #9773, 3.);
#9775 = CARTESIAN_POINT('', (12., -55., 94.));
#9776 = DIRECTION('', (-1., -0., -0.));
#9777 = AXIS2_PLACEMENT_3D('', #9775, #9776, $);
#9778 = PLANE('', #9777);
#9779 = CARTESIAN_POINT('', (15., -55., 87.));
#9780 = DIRECTION('', (-0., -1., -0.));
#9781 = DIRECTION('', (-1., 0., 0.));
#9782 = AXIS2_PLACEMENT_3D('', #9779, #9780, #9781);
#9783 = CYLINDRICAL_SURFACE('', #9782, 3.);
#9784 = CARTESIAN_POINT('', (28., -55., 84.));
#9785 = DIRECTION('', (0., -0., -1.));
#9786 = AXIS2_PLACEMENT_3D('', #9784, #9785, $);
#9787 = PLANE('', #9786);
#9788 = CARTESIAN_POINT('', (0., -55., 188.));
#9789 = DIRECTION('', (0., -1., 0.));
#9790 = DIRECTION('', (1., 0., 0.));
#9791 = AXIS2_PLACEMENT_3D('', #9788, #9789, #9790);
#9792 = CYLINDRICAL_SURFACE('', #9791, 5.);
#9793 = CARTESIAN_POINT('', (-29.5, -47., 3.9));
#9794 = DIRECTION('', (0., 0., 1.));
#9795 = DIRECTION('', (-0., -1., 0.));
#9796 = AXIS2_PLACEMENT_3D('', #9793, #9794, #9795);
#9797 = CYLINDRICAL_SURFACE('', #9796, 2.);
#9798 = CARTESIAN_POINT('', (-27.5, -30., 3.9));
#9799 = DIRECTION('', (1., 0., -0.));
#9800 = AXIS2_PLACEMENT_3D('', #9798, #9799, $);
#9801 = PLANE('', #9800);
#9802 = CARTESIAN_POINT('', (-29.5, -13., 3.9));
#9803 = DIRECTION('', (-0., -0., 1.));
#9804 = DIRECTION('', (1., -0., 0.));
#9805 = AXIS2_PLACEMENT_3D('', #9802, #9803, #9804);
#9806 = CYLINDRICAL_SURFACE('', #9805, 2.);
#9807 = CARTESIAN_POINT('', (-30., -11., 3.9));
#9808 = DIRECTION('', (-0., 1., 0.));
#9809 = AXIS2_PLACEMENT_3D('', #9807, #9808, $);
#9810 = PLANE('', #9809);
#9811 = CARTESIAN_POINT('', (-30.5, -13., 3.9));
#9812 = DIRECTION('', (0., -0., 1.));
#9813 = DIRECTION('', (0., 1., 0.));
#9814 = AXIS2_PLACEMENT_3D('', #9811, #9812, #9813);
#9815 = CYLINDRICAL_SURFACE('', #9814, 2.);
#9816 = CARTESIAN_POINT('', (-32.5, -30., 3.9));
#9817 = DIRECTION('', (-1., -0., 0.));
#9818 = AXIS2_PLACEMENT_3D('', #9816, #9817, $);
#9819 = PLANE('', #9818);
#9820 = CARTESIAN_POINT('', (-30.5, -47., 3.9));
#9821 = DIRECTION('', (0., 0., 1.));
#9822 = DIRECTION('', (-1., -0., 0.));
#9823 = AXIS2_PLACEMENT_3D('', #9820, #9821, #9822);
#9824 = CYLINDRICAL_SURFACE('', #9823, 2.);
#9825 = CARTESIAN_POINT('', (-30., -49., 3.9));
#9826 = DIRECTION('', (0., -1., 0.));
#9827 = AXIS2_PLACEMENT_3D('', #9825, #9826, $);
#9828 = PLANE('', #9827);
#9829 = CARTESIAN_POINT('', (-30., -30., 5.));
#9830 = DIRECTION('', (0., -0., 1.));
#9831 = AXIS2_PLACEMENT_3D('', #9829, #9830, $);
#9832 = PLANE('', #9831);
#9833 = CARTESIAN_POINT('', (30.5, -47., 3.9));
#9834 = DIRECTION('', (0., 0., 1.));
#9835 = DIRECTION('', (-0., -1., 0.));
#9836 = AXIS2_PLACEMENT_3D('', #9833, #9834, #9835);
#9837 = CYLINDRICAL_SURFACE('', #9836, 2.);
#9838 = CARTESIAN_POINT('', (32.5, -30., 3.9));
#9839 = DIRECTION('', (1., 0., -0.));
#9840 = AXIS2_PLACEMENT_3D('', #9838, #9839, $);
#9841 = PLANE('', #9840);
#9842 = CARTESIAN_POINT('', (30.5, -13., 3.9));
#9843 = DIRECTION('', (-0., -0., 1.));
#9844 = DIRECTION('', (1., -0., 0.));
#9845 = AXIS2_PLACEMENT_3D('', #9842, #9843, #9844);
#9846 = CYLINDRICAL_SURFACE('', #9845, 2.);
#9847 = CARTESIAN_POINT('', (30., -11., 3.9));
#9848 = DIRECTION('', (-0., 1., 0.));
#9849 = AXIS2_PLACEMENT_3D('', #9847, #9848, $);
#9850 = PLANE('', #9849);
#9851 = CARTESIAN_POINT('', (29.5, -13., 3.9));
#9852 = DIRECTION('', (0., -0., 1.));
#9853 = DIRECTION('', (0., 1., 0.));
#9854 = AXIS2_PLACEMENT_3D('', #9851, #9852, #9853);
#9855 = CYLINDRICAL_SURFACE('', #9854, 2.);
#9856 = CARTESIAN_POINT('', (27.5, -30., 3.9));
#9857 = DIRECTION('', (-1., -0., 0.));
#9858 = AXIS2_PLACEMENT_3D('', #9856, #9857, $);
#9859 = PLANE('', #9858);
#9860 = CARTESIAN_POINT('', (29.5, -47., 3.9));
#9861 = DIRECTION('', (0., 0., 1.));
#9862 = DIRECTION('', (-1., -0., 0.));
#9863 = AXIS2_PLACEMENT_3D('', #9860, #9861, #9862);
#9864 = CYLINDRICAL_SURFACE('', #9863, 2.);
#9865 = CARTESIAN_POINT('', (30., -49., 3.9));
#9866 = DIRECTION('', (0., -1., 0.));
#9867 = AXIS2_PLACEMENT_3D('', #9865, #9866, $);
#9868 = PLANE('', #9867);
#9869 = CARTESIAN_POINT('', (30., -30., 5.));
#9870 = DIRECTION('', (0., -0., 1.));
#9871 = AXIS2_PLACEMENT_3D('', #9869, #9870, $);
#9872 = PLANE('', #9871);
#9873 = CARTESIAN_POINT('', (-30., -25., 114.5));
#9874 = DIRECTION('', (-0., 0., 1.));
#9875 = DIRECTION('', (-0., -1., 0.));
#9876 = AXIS2_PLACEMENT_3D('', #9873, #9874, #9875);
#9877 = CYLINDRICAL_SURFACE('', #9876, 3.);
#9878 = CARTESIAN_POINT('', (-27., 3., 114.5));
#9879 = DIRECTION('', (1., 0., 0.));
#9880 = AXIS2_PLACEMENT_3D('', #9878, #9879, $);
#9881 = PLANE('', #9880);
#9882 = CARTESIAN_POINT('', (-30., 31., 114.5));
#9883 = DIRECTION('', (-0., -0., 1.));
#9884 = DIRECTION('', (1., -0., 0.));
#9885 = AXIS2_PLACEMENT_3D('', #9882, #9883, #9884);
#9886 = CYLINDRICAL_SURFACE('', #9885, 3.);
#9887 = CARTESIAN_POINT('', (-50., 34., 114.5));
#9888 = DIRECTION('', (0., 1., 0.));
#9889 = AXIS2_PLACEMENT_3D('', #9887, #9888, $);
#9890 = PLANE('', #9889);
#9891 = CARTESIAN_POINT('', (-70., 31., 114.5));
#9892 = DIRECTION('', (0., -0., 1.));
#9893 = DIRECTION('', (0., 1., 0.));
#9894 = AXIS2_PLACEMENT_3D('', #9891, #9892, #9893);
#9895 = CYLINDRICAL_SURFACE('', #9894, 3.);
#9896 = CARTESIAN_POINT('', (-70., -25., 114.5));
#9897 = DIRECTION('', (0., 0., 1.));
#9898 = DIRECTION('', (-1., 0., 0.));
#9899 = AXIS2_PLACEMENT_3D('', #9896, #9897, #9898);
#9900 = CYLINDRICAL_SURFACE('', #9899, 3.);
#9901 = CARTESIAN_POINT('', (-50., -28., 114.5));
#9902 = DIRECTION('', (0., -1., 0.));
#9903 = AXIS2_PLACEMENT_3D('', #9901, #9902, $);
#9904 = PLANE('', #9903);
#9905 = CARTESIAN_POINT('', (-50., 3., 113.));
#9906 = DIRECTION('', (0., -0., 1.));
#9907 = AXIS2_PLACEMENT_3D('', #9905, #9906, $);
#9908 = PLANE('', #9907);
#9909 = CARTESIAN_POINT('', (-50., 3., 116.));
#9910 = DIRECTION('', (0., -0., 1.));
#9911 = AXIS2_PLACEMENT_3D('', #9909, #9910, $);
#9912 = PLANE('', #9911);
#9913 = CARTESIAN_POINT('', (70., -25., 114.5));
#9914 = DIRECTION('', (-0., 0., 1.));
#9915 = DIRECTION('', (0., -1., 0.));
#9916 = AXIS2_PLACEMENT_3D('', #9913, #9914, #9915);
#9917 = CYLINDRICAL_SURFACE('', #9916, 3.);
#9918 = CARTESIAN_POINT('', (70., 31., 114.5));
#9919 = DIRECTION('', (-0., -0., 1.));
#9920 = DIRECTION('', (1., -0., 0.));
#9921 = AXIS2_PLACEMENT_3D('', #9918, #9919, #9920);
#9922 = CYLINDRICAL_SURFACE('', #9921, 3.);
#9923 = CARTESIAN_POINT('', (50., 34., 114.5));
#9924 = DIRECTION('', (0., 1., 0.));
#9925 = AXIS2_PLACEMENT_3D('', #9923, #9924, $);
#9926 = PLANE('', #9925);
#9927 = CARTESIAN_POINT('', (30., 31., 114.5));
#9928 = DIRECTION('', (0., -0., 1.));
#9929 = DIRECTION('', (0., 1., 0.));
#9930 = AXIS2_PLACEMENT_3D('', #9927, #9928, #9929);
#9931 = CYLINDRICAL_SURFACE('', #9930, 3.);
#9932 = CARTESIAN_POINT('', (27., 3., 114.5));
#9933 = DIRECTION('', (-1., -0., 0.));
#9934 = AXIS2_PLACEMENT_3D('', #9932, #9933, $);
#9935 = PLANE('', #9934);
#9936 = CARTESIAN_POINT('', (30., -25., 114.5));
#9937 = DIRECTION('', (0., 0., 1.));
#9938 = DIRECTION('', (-1., -0., 0.));
#9939 = AXIS2_PLACEMENT_3D('', #9936, #9937, #9938);
#9940 = CYLINDRICAL_SURFACE('', #9939, 3.);
#9941 = CARTESIAN_POINT('', (50., -28., 114.5));
#9942 = DIRECTION('', (0., -1., 0.));
#9943 = AXIS2_PLACEMENT_3D('', #9941, #9942, $);
#9944 = PLANE('', #9943);
#9945 = CARTESIAN_POINT('', (50., 3., 113.));
#9946 = DIRECTION('', (0., -0., 1.));
#9947 = AXIS2_PLACEMENT_3D('', #9945, #9946, $);
#9948 = PLANE('', #9947);
#9949 = CARTESIAN_POINT('', (50., 3., 116.));
#9950 = DIRECTION('', (0., -0., 1.));
#9951 = AXIS2_PLACEMENT_3D('', #9949, #9950, $);
#9952 = PLANE('', #9951);
#9953 = CARTESIAN_POINT('', (-13.8, 57.4, 203.5));
#9954 = DIRECTION('', (-0., 0., 1.));
#9955 = DIRECTION('', (0., -1., 0.));
#9956 = AXIS2_PLACEMENT_3D('', #9953, #9954, #9955);
#9957 = CYLINDRICAL_SURFACE('', #9956, 0.6);
#9958 = CARTESIAN_POINT('', (-13.2, 59.5, 203.5));
#9959 = DIRECTION('', (1., 0., -0.));
#9960 = AXIS2_PLACEMENT_3D('', #9958, #9959, $);
#9961 = PLANE('', #9960);
#9962 = CARTESIAN_POINT('', (-13.8, 61.6, 203.5));
#9963 = DIRECTION('', (-0., -0., 1.));
#9964 = DIRECTION('', (1., -0., 0.));
#9965 = AXIS2_PLACEMENT_3D('', #9962, #9963, #9964);
#9966 = CYLINDRICAL_SURFACE('', #9965, 0.6);
#9967 = CARTESIAN_POINT('', (-24., 62.2, 203.5));
#9968 = DIRECTION('', (-0., 1., 0.));
#9969 = AXIS2_PLACEMENT_3D('', #9967, #9968, $);
#9970 = PLANE('', #9969);
#9971 = CARTESIAN_POINT('', (-34.2, 61.6, 203.5));
#9972 = DIRECTION('', (0., -0., 1.));
#9973 = DIRECTION('', (-0., 1., 0.));
#9974 = AXIS2_PLACEMENT_3D('', #9971, #9972, #9973);
#9975 = CYLINDRICAL_SURFACE('', #9974, 0.6);
#9976 = CARTESIAN_POINT('', (-34.8, 59.5, 203.5));
#9977 = DIRECTION('', (-1., -0., 0.));
#9978 = AXIS2_PLACEMENT_3D('', #9976, #9977, $);
#9979 = PLANE('', #9978);
#9980 = CARTESIAN_POINT('', (-34.2, 57.4, 203.5));
#9981 = DIRECTION('', (0., 0., 1.));
#9982 = DIRECTION('', (-1., -0., 0.));
#9983 = AXIS2_PLACEMENT_3D('', #9980, #9981, #9982);
#9984 = CYLINDRICAL_SURFACE('', #9983, 0.6);
#9985 = CARTESIAN_POINT('', (-24., 56.8, 203.5));
#9986 = DIRECTION('', (0., -1., 0.));
#9987 = AXIS2_PLACEMENT_3D('', #9985, #9986, $);
#9988 = PLANE('', #9987);
#9989 = CARTESIAN_POINT('', (-24., 59.5, 200.));
#9990 = DIRECTION('', (0., -0., 1.));
#9991 = AXIS2_PLACEMENT_3D('', #9989, #9990, $);
#9992 = PLANE('', #9991);
#9993 = CARTESIAN_POINT('', (-24., 59.5, 207.));
#9994 = DIRECTION('', (0., -0., 1.));
#9995 = AXIS2_PLACEMENT_3D('', #9993, #9994, $);
#9996 = PLANE('', #9995);
#9997 = CARTESIAN_POINT('', (34.2, 57.4, 203.5));
#9998 = DIRECTION('', (-0., 0., 1.));
#9999 = DIRECTION('', (0., -1., 0.));
#10000 = AXIS2_PLACEMENT_3D('', #9997, #9998, #9999);
#10001 = CYLINDRICAL_SURFACE('', #10000, 0.6);
#10002 = CARTESIAN_POINT('', (34.8, 59.5, 203.5));
#10003 = DIRECTION('', (1., 0., -0.));
#10004 = AXIS2_PLACEMENT_3D('', #10002, #10003, $);
#10005 = PLANE('', #10004);
#10006 = CARTESIAN_POINT('', (34.2, 61.6, 203.5));
#10007 = DIRECTION('', (-0., -0., 1.));
#10008 = DIRECTION('', (1., -0., 0.));
#10009 = AXIS2_PLACEMENT_3D('', #10006, #10007, #10008);
#10010 = CYLINDRICAL_SURFACE('', #10009, 0.6);
#10011 = CARTESIAN_POINT('', (24., 62.2, 203.5));
#10012 = DIRECTION('', (-0., 1., 0.));
#10013 = AXIS2_PLACEMENT_3D('', #10011, #10012, $);
#10014 = PLANE('', #10013);
#10015 = CARTESIAN_POINT('', (13.8, 61.6, 203.5));
#10016 = DIRECTION('', (0., -0., 1.));
#10017 = DIRECTION('', (-0., 1., 0.));
#10018 = AXIS2_PLACEMENT_3D('', #10015, #10016, #10017);
#10019 = CYLINDRICAL_SURFACE('', #10018, 0.6);
#10020 = CARTESIAN_POINT('', (13.2, 59.5, 203.5));
#10021 = DIRECTION('', (-1., -0., 0.));
#10022 = AXIS2_PLACEMENT_3D('', #10020, #10021, $);
#10023 = PLANE('', #10022);
#10024 = CARTESIAN_POINT('', (13.8, 57.4, 203.5));
#10025 = DIRECTION('', (0., 0., 1.));
#10026 = DIRECTION('', (-1., -0., 0.));
#10027 = AXIS2_PLACEMENT_3D('', #10024, #10025, #10026);
#10028 = CYLINDRICAL_SURFACE('', #10027, 0.6);
#10029 = CARTESIAN_POINT('', (24., 56.8, 203.5));
#10030 = DIRECTION('', (0., -1., 0.));
#10031 = AXIS2_PLACEMENT_3D('', #10029, #10030, $);
#10032 = PLANE('', #10031);
#10033 = CARTESIAN_POINT('', (24., 59.5, 200.));
#10034 = DIRECTION('', (0., -0., 1.));
#10035 = AXIS2_PLACEMENT_3D('', #10033, #10034, $);
#10036 = PLANE('', #10035);
#10037 = CARTESIAN_POINT('', (24., 59.5, 207.));
#10038 = DIRECTION('', (0., -0., 1.));
#10039 = AXIS2_PLACEMENT_3D('', #10037, #10038, $);
#10040 = PLANE('', #10039);
#10041 = CARTESIAN_POINT('', (-24., 62., 207.));
#10042 = DIRECTION('', (1., -0., 0.));
#10043 = DIRECTION('', (0., 0., -1.));
#10044 = AXIS2_PLACEMENT_3D('', #10041, #10042, #10043);
#10045 = CYLINDRICAL_SURFACE('', #10044, 3.);
#10046 = CARTESIAN_POINT('', (-35., 62., 207.));
#10047 = DIRECTION('', (1., -0., 0.));
#10048 = AXIS2_PLACEMENT_3D('', #10046, #10047, $);
#10049 = PLANE('', #10048);
#10050 = CARTESIAN_POINT('', (-13., 62., 207.));
#10051 = DIRECTION('', (1., -0., 0.));
#10052 = AXIS2_PLACEMENT_3D('', #10050, #10051, $);
#10053 = PLANE('', #10052);
#10054 = CARTESIAN_POINT('', (24., 62., 207.));
#10055 = DIRECTION('', (1., -0., 0.));
#10056 = DIRECTION('', (0., 0., -1.));
#10057 = AXIS2_PLACEMENT_3D('', #10054, #10055, #10056);
#10058 = CYLINDRICAL_SURFACE('', #10057, 3.);
#10059 = CARTESIAN_POINT('', (13., 62., 207.));
#10060 = DIRECTION('', (1., -0., 0.));
#10061 = AXIS2_PLACEMENT_3D('', #10059, #10060, $);
#10062 = PLANE('', #10061);
#10063 = CARTESIAN_POINT('', (35., 62., 207.));
#10064 = DIRECTION('', (1., -0., 0.));
#10065 = AXIS2_PLACEMENT_3D('', #10063, #10064, $);
#10066 = PLANE('', #10065);
#10067 = CARTESIAN_POINT('', (-24., 62., 207.));
#10068 = DIRECTION('', (1., -0., 0.));
#10069 = DIRECTION('', (0., 0., -1.));
#10070 = AXIS2_PLACEMENT_3D('', #10067, #10068, #10069);
#10071 = CYLINDRICAL_SURFACE('', #10070, 1.2);
#10072 = CARTESIAN_POINT('', (24., 62., 207.));
#10073 = DIRECTION('', (1., -0., 0.));
#10074 = DIRECTION('', (0., 0., -1.));
#10075 = AXIS2_PLACEMENT_3D('', #10072, #10073, #10074);
#10076 = CYLINDRICAL_SURFACE('', #10075, 1.2);
#10077 = ORIENTED_EDGE('', *, *, #7101, .T.);
#10078 = ORIENTED_EDGE('', *, *, #7102, .T.);
#10079 = ORIENTED_EDGE('', *, *, #7103, .F.);
#10080 = ORIENTED_EDGE('', *, *, #7104, .F.);
#10081 = EDGE_LOOP('', (#10077, #10078, #10079, #10080));
#10082 = FACE_BOUND('', #10081, .T.);
#10083 = ADVANCED_FACE('', (#10082), #8288, .T.);
#10084 = ORIENTED_EDGE('', *, *, #7105, .T.);
#10085 = ORIENTED_EDGE('', *, *, #7106, .T.);
#10086 = ORIENTED_EDGE('', *, *, #7107, .F.);
#10087 = ORIENTED_EDGE('', *, *, #7102, .F.);
#10088 = EDGE_LOOP('', (#10084, #10085, #10086, #10087));
#10089 = FACE_BOUND('', #10088, .T.);
#10090 = ADVANCED_FACE('', (#10089), #8292, .T.);
#10091 = ORIENTED_EDGE('', *, *, #7108, .T.);
#10092 = ORIENTED_EDGE('', *, *, #7109, .T.);
#10093 = ORIENTED_EDGE('', *, *, #7110, .F.);
#10094 = ORIENTED_EDGE('', *, *, #7106, .F.);
#10095 = EDGE_LOOP('', (#10091, #10092, #10093, #10094));
#10096 = FACE_BOUND('', #10095, .T.);
#10097 = ADVANCED_FACE('', (#10096), #8297, .T.);
#10098 = ORIENTED_EDGE('', *, *, #7111, .T.);
#10099 = ORIENTED_EDGE('', *, *, #7112, .T.);
#10100 = ORIENTED_EDGE('', *, *, #7113, .F.);
#10101 = ORIENTED_EDGE('', *, *, #7109, .F.);
#10102 = EDGE_LOOP('', (#10098, #10099, #10100, #10101));
#10103 = FACE_BOUND('', #10102, .T.);
#10104 = ADVANCED_FACE('', (#10103), #8301, .T.);
#10105 = ORIENTED_EDGE('', *, *, #7114, .T.);
#10106 = ORIENTED_EDGE('', *, *, #7115, .T.);
#10107 = ORIENTED_EDGE('', *, *, #7116, .F.);
#10108 = ORIENTED_EDGE('', *, *, #7112, .F.);
#10109 = EDGE_LOOP('', (#10105, #10106, #10107, #10108));
#10110 = FACE_BOUND('', #10109, .T.);
#10111 = ADVANCED_FACE('', (#10110), #8306, .T.);
#10112 = ORIENTED_EDGE('', *, *, #7117, .T.);
#10113 = ORIENTED_EDGE('', *, *, #7118, .T.);
#10114 = ORIENTED_EDGE('', *, *, #7119, .F.);
#10115 = ORIENTED_EDGE('', *, *, #7115, .F.);
#10116 = EDGE_LOOP('', (#10112, #10113, #10114, #10115));
#10117 = FACE_BOUND('', #10116, .T.);
#10118 = ADVANCED_FACE('', (#10117), #8310, .T.);
#10119 = ORIENTED_EDGE('', *, *, #7120, .T.);
#10120 = ORIENTED_EDGE('', *, *, #7121, .T.);
#10121 = ORIENTED_EDGE('', *, *, #7122, .F.);
#10122 = ORIENTED_EDGE('', *, *, #7118, .F.);
#10123 = EDGE_LOOP('', (#10119, #10120, #10121, #10122));
#10124 = FACE_BOUND('', #10123, .T.);
#10125 = ADVANCED_FACE('', (#10124), #8315, .T.);
#10126 = ORIENTED_EDGE('', *, *, #7123, .T.);
#10127 = ORIENTED_EDGE('', *, *, #7104, .T.);
#10128 = ORIENTED_EDGE('', *, *, #7124, .F.);
#10129 = ORIENTED_EDGE('', *, *, #7121, .F.);
#10130 = EDGE_LOOP('', (#10126, #10127, #10128, #10129));
#10131 = FACE_BOUND('', #10130, .T.);
#10132 = ADVANCED_FACE('', (#10131), #8319, .T.);
#10133 = ORIENTED_EDGE('', *, *, #7123, .F.);
#10134 = ORIENTED_EDGE('', *, *, #7120, .F.);
#10135 = ORIENTED_EDGE('', *, *, #7117, .F.);
#10136 = ORIENTED_EDGE('', *, *, #7114, .F.);
#10137 = ORIENTED_EDGE('', *, *, #7111, .F.);
#10138 = ORIENTED_EDGE('', *, *, #7108, .F.);
#10139 = ORIENTED_EDGE('', *, *, #7105, .F.);
#10140 = ORIENTED_EDGE('', *, *, #7101, .F.);
#10141 = EDGE_LOOP('', (#10133, #10134, #10135, #10136, #10137, #10138, #10139, #10140));
#10142 = FACE_BOUND('', #10141, .T.);
#10143 = ADVANCED_FACE('', (#10142), #8323, .F.);
#10144 = ORIENTED_EDGE('', *, *, #7103, .T.);
#10145 = ORIENTED_EDGE('', *, *, #7107, .T.);
#10146 = ORIENTED_EDGE('', *, *, #7110, .T.);
#10147 = ORIENTED_EDGE('', *, *, #7113, .T.);
#10148 = ORIENTED_EDGE('', *, *, #7116, .T.);
#10149 = ORIENTED_EDGE('', *, *, #7119, .T.);
#10150 = ORIENTED_EDGE('', *, *, #7122, .T.);
#10151 = ORIENTED_EDGE('', *, *, #7124, .T.);
#10152 = EDGE_LOOP('', (#10144, #10145, #10146, #10147, #10148, #10149, #10150, #10151));
#10153 = FACE_BOUND('', #10152, .T.);
#10154 = ADVANCED_FACE('', (#10153), #8327, .T.);
#10155 = ORIENTED_EDGE('', *, *, #7125, .T.);
#10156 = ORIENTED_EDGE('', *, *, #7127, .F.);
#10157 = EDGE_LOOP('', (#10155));
#10158 = FACE_BOUND('', #10157, .T.);
#10159 = EDGE_LOOP('', (#10156));
#10160 = FACE_BOUND('', #10159, .T.);
#10161 = ADVANCED_FACE('', (#10158, #10160), #8332, .T.);
#10162 = ORIENTED_EDGE('', *, *, #7125, .F.);
#10163 = EDGE_LOOP('', (#10162));
#10164 = FACE_BOUND('', #10163, .T.);
#10165 = ADVANCED_FACE('', (#10164), #8336, .F.);
#10166 = ORIENTED_EDGE('', *, *, #7127, .T.);
#10167 = EDGE_LOOP('', (#10166));
#10168 = FACE_BOUND('', #10167, .T.);
#10169 = ADVANCED_FACE('', (#10168), #8340, .T.);
#10170 = ORIENTED_EDGE('', *, *, #7128, .T.);
#10171 = ORIENTED_EDGE('', *, *, #7129, .T.);
#10172 = ORIENTED_EDGE('', *, *, #7130, .F.);
#10173 = ORIENTED_EDGE('', *, *, #7131, .F.);
#10174 = EDGE_LOOP('', (#10170, #10171, #10172, #10173));
#10175 = FACE_BOUND('', #10174, .T.);
#10176 = ADVANCED_FACE('', (#10175), #8345, .T.);
#10177 = ORIENTED_EDGE('', *, *, #7132, .T.);
#10178 = ORIENTED_EDGE('', *, *, #7133, .T.);
#10179 = ORIENTED_EDGE('', *, *, #7134, .F.);
#10180 = ORIENTED_EDGE('', *, *, #7129, .F.);
#10181 = EDGE_LOOP('', (#10177, #10178, #10179, #10180));
#10182 = FACE_BOUND('', #10181, .T.);
#10183 = ADVANCED_FACE('', (#10182), #8349, .T.);
#10184 = ORIENTED_EDGE('', *, *, #7135, .T.);
#10185 = ORIENTED_EDGE('', *, *, #7136, .T.);
#10186 = ORIENTED_EDGE('', *, *, #7137, .F.);
#10187 = ORIENTED_EDGE('', *, *, #7133, .F.);
#10188 = EDGE_LOOP('', (#10184, #10185, #10186, #10187));
#10189 = FACE_BOUND('', #10188, .T.);
#10190 = ADVANCED_FACE('', (#10189), #8354, .T.);
#10191 = ORIENTED_EDGE('', *, *, #7138, .T.);
#10192 = ORIENTED_EDGE('', *, *, #7139, .T.);
#10193 = ORIENTED_EDGE('', *, *, #7140, .F.);
#10194 = ORIENTED_EDGE('', *, *, #7136, .F.);
#10195 = EDGE_LOOP('', (#10191, #10192, #10193, #10194));
#10196 = FACE_BOUND('', #10195, .T.);
#10197 = ADVANCED_FACE('', (#10196), #8358, .T.);
#10198 = ORIENTED_EDGE('', *, *, #7141, .T.);
#10199 = ORIENTED_EDGE('', *, *, #7142, .T.);
#10200 = ORIENTED_EDGE('', *, *, #7143, .F.);
#10201 = ORIENTED_EDGE('', *, *, #7139, .F.);
#10202 = EDGE_LOOP('', (#10198, #10199, #10200, #10201));
#10203 = FACE_BOUND('', #10202, .T.);
#10204 = ADVANCED_FACE('', (#10203), #8363, .T.);
#10205 = ORIENTED_EDGE('', *, *, #7144, .T.);
#10206 = ORIENTED_EDGE('', *, *, #7145, .T.);
#10207 = ORIENTED_EDGE('', *, *, #7146, .F.);
#10208 = ORIENTED_EDGE('', *, *, #7142, .F.);
#10209 = EDGE_LOOP('', (#10205, #10206, #10207, #10208));
#10210 = FACE_BOUND('', #10209, .T.);
#10211 = ADVANCED_FACE('', (#10210), #8367, .T.);
#10212 = ORIENTED_EDGE('', *, *, #7147, .T.);
#10213 = ORIENTED_EDGE('', *, *, #7148, .T.);
#10214 = ORIENTED_EDGE('', *, *, #7149, .F.);
#10215 = ORIENTED_EDGE('', *, *, #7145, .F.);
#10216 = EDGE_LOOP('', (#10212, #10213, #10214, #10215));
#10217 = FACE_BOUND('', #10216, .T.);
#10218 = ADVANCED_FACE('', (#10217), #8372, .T.);
#10219 = ORIENTED_EDGE('', *, *, #7150, .T.);
#10220 = ORIENTED_EDGE('', *, *, #7131, .T.);
#10221 = ORIENTED_EDGE('', *, *, #7151, .F.);
#10222 = ORIENTED_EDGE('', *, *, #7148, .F.);
#10223 = EDGE_LOOP('', (#10219, #10220, #10221, #10222));
#10224 = FACE_BOUND('', #10223, .T.);
#10225 = ADVANCED_FACE('', (#10224), #8376, .T.);
#10226 = ORIENTED_EDGE('', *, *, #7150, .F.);
#10227 = ORIENTED_EDGE('', *, *, #7147, .F.);
#10228 = ORIENTED_EDGE('', *, *, #7144, .F.);
#10229 = ORIENTED_EDGE('', *, *, #7141, .F.);
#10230 = ORIENTED_EDGE('', *, *, #7138, .F.);
#10231 = ORIENTED_EDGE('', *, *, #7135, .F.);
#10232 = ORIENTED_EDGE('', *, *, #7132, .F.);
#10233 = ORIENTED_EDGE('', *, *, #7128, .F.);
#10234 = ORIENTED_EDGE('', *, *, #7157, .T.);
#10235 = ORIENTED_EDGE('', *, *, #7156, .F.);
#10236 = ORIENTED_EDGE('', *, *, #7153, .F.);
#10237 = ORIENTED_EDGE('', *, *, #7152, .T.);
#10238 = EDGE_LOOP('', (#10226, #10227, #10228, #10229, #10230, #10231, #10232, #10233));
#10239 = FACE_BOUND('', #10238, .T.);
#10240 = EDGE_LOOP('', (#10234, #10235, #10236, #10237));
#10241 = FACE_BOUND('', #10240, .T.);
#10242 = ADVANCED_FACE('', (#10239, #10241), #8380, .F.);
#10243 = ORIENTED_EDGE('', *, *, #7130, .T.);
#10244 = ORIENTED_EDGE('', *, *, #7134, .T.);
#10245 = ORIENTED_EDGE('', *, *, #7137, .T.);
#10246 = ORIENTED_EDGE('', *, *, #7140, .T.);
#10247 = ORIENTED_EDGE('', *, *, #7143, .T.);
#10248 = ORIENTED_EDGE('', *, *, #7146, .T.);
#10249 = ORIENTED_EDGE('', *, *, #7149, .T.);
#10250 = ORIENTED_EDGE('', *, *, #7151, .T.);
#10251 = ORIENTED_EDGE('', *, *, #7154, .F.);
#10252 = ORIENTED_EDGE('', *, *, #7155, .T.);
#10253 = ORIENTED_EDGE('', *, *, #7158, .T.);
#10254 = ORIENTED_EDGE('', *, *, #7159, .F.);
#10255 = EDGE_LOOP('', (#10243, #10244, #10245, #10246, #10247, #10248, #10249, #10250));
#10256 = FACE_BOUND('', #10255, .T.);
#10257 = EDGE_LOOP('', (#10251, #10252, #10253, #10254));
#10258 = FACE_BOUND('', #10257, .T.);
#10259 = ADVANCED_FACE('', (#10256, #10258), #8384, .T.);
#10260 = ORIENTED_EDGE('', *, *, #7157, .F.);
#10261 = ORIENTED_EDGE('', *, *, #7152, .F.);
#10262 = ORIENTED_EDGE('', *, *, #7161, .T.);
#10263 = ORIENTED_EDGE('', *, *, #7154, .T.);
#10264 = ORIENTED_EDGE('', *, *, #7159, .T.);
#10265 = ORIENTED_EDGE('', *, *, #7160, .F.);
#10266 = EDGE_LOOP('', (#10260, #10261, #10262, #10263, #10264, #10265));
#10267 = FACE_BOUND('', #10266, .T.);
#10268 = ADVANCED_FACE('', (#10267), #8389, .F.);
#10269 = ORIENTED_EDGE('', *, *, #7158, .F.);
#10270 = ORIENTED_EDGE('', *, *, #7155, .F.);
#10271 = ORIENTED_EDGE('', *, *, #7161, .F.);
#10272 = ORIENTED_EDGE('', *, *, #7153, .T.);
#10273 = ORIENTED_EDGE('', *, *, #7156, .T.);
#10274 = ORIENTED_EDGE('', *, *, #7160, .T.);
#10275 = EDGE_LOOP('', (#10269, #10270, #10271, #10272, #10273, #10274));
#10276 = FACE_BOUND('', #10275, .T.);
#10277 = ADVANCED_FACE('', (#10276), #8389, .F.);
#10278 = ORIENTED_EDGE('', *, *, #7167, .T.);
#10279 = ORIENTED_EDGE('', *, *, #7164, .F.);
#10280 = ORIENTED_EDGE('', *, *, #7163, .F.);
#10281 = ORIENTED_EDGE('', *, *, #7162, .T.);
#10282 = EDGE_LOOP('', (#10278, #10279, #10280, #10281));
#10283 = FACE_BOUND('', #10282, .T.);
#10284 = ADVANCED_FACE('', (#10283), #8394, .T.);
#10285 = ORIENTED_EDGE('', *, *, #7165, .F.);
#10286 = ORIENTED_EDGE('', *, *, #7162, .F.);
#10287 = ORIENTED_EDGE('', *, *, #7173, .T.);
#10288 = ORIENTED_EDGE('', *, *, #7172, .F.);
#10289 = ORIENTED_EDGE('', *, *, #7169, .F.);
#10290 = ORIENTED_EDGE('', *, *, #7168, .T.);
#10291 = EDGE_LOOP('', (#10285, #10286));
#10292 = FACE_BOUND('', #10291, .T.);
#10293 = EDGE_LOOP('', (#10287, #10288, #10289, #10290));
#10294 = FACE_BOUND('', #10293, .T.);
#10295 = ADVANCED_FACE('', (#10292, #10294), #8398, .F.);
#10296 = ORIENTED_EDGE('', *, *, #7164, .T.);
#10297 = ORIENTED_EDGE('', *, *, #7166, .T.);
#10298 = ORIENTED_EDGE('', *, *, #7170, .F.);
#10299 = ORIENTED_EDGE('', *, *, #7171, .T.);
#10300 = ORIENTED_EDGE('', *, *, #7174, .T.);
#10301 = ORIENTED_EDGE('', *, *, #7175, .F.);
#10302 = EDGE_LOOP('', (#10296, #10297));
#10303 = FACE_BOUND('', #10302, .T.);
#10304 = EDGE_LOOP('', (#10298, #10299, #10300, #10301));
#10305 = FACE_BOUND('', #10304, .T.);
#10306 = ADVANCED_FACE('', (#10303, #10305), #8402, .T.);
#10307 = ORIENTED_EDGE('', *, *, #7167, .F.);
#10308 = ORIENTED_EDGE('', *, *, #7165, .T.);
#10309 = ORIENTED_EDGE('', *, *, #7163, .T.);
#10310 = ORIENTED_EDGE('', *, *, #7166, .F.);
#10311 = EDGE_LOOP('', (#10307, #10308, #10309, #10310));
#10312 = FACE_BOUND('', #10311, .T.);
#10313 = ADVANCED_FACE('', (#10312), #8394, .T.);
#10314 = ORIENTED_EDGE('', *, *, #7173, .F.);
#10315 = ORIENTED_EDGE('', *, *, #7168, .F.);
#10316 = ORIENTED_EDGE('', *, *, #7177, .T.);
#10317 = ORIENTED_EDGE('', *, *, #7170, .T.);
#10318 = ORIENTED_EDGE('', *, *, #7175, .T.);
#10319 = ORIENTED_EDGE('', *, *, #7176, .F.);
#10320 = EDGE_LOOP('', (#10314, #10315, #10316, #10317, #10318, #10319));
#10321 = FACE_BOUND('', #10320, .T.);
#10322 = ADVANCED_FACE('', (#10321), #8407, .F.);
#10323 = ORIENTED_EDGE('', *, *, #7174, .F.);
#10324 = ORIENTED_EDGE('', *, *, #7171, .F.);
#10325 = ORIENTED_EDGE('', *, *, #7177, .F.);
#10326 = ORIENTED_EDGE('', *, *, #7169, .T.);
#10327 = ORIENTED_EDGE('', *, *, #7172, .T.);
#10328 = ORIENTED_EDGE('', *, *, #7176, .T.);
#10329 = EDGE_LOOP('', (#10323, #10324, #10325, #10326, #10327, #10328));
#10330 = FACE_BOUND('', #10329, .T.);
#10331 = ADVANCED_FACE('', (#10330), #8407, .F.);
#10332 = ORIENTED_EDGE('', *, *, #7183, .T.);
#10333 = ORIENTED_EDGE('', *, *, #7180, .F.);
#10334 = ORIENTED_EDGE('', *, *, #7179, .F.);
#10335 = ORIENTED_EDGE('', *, *, #7178, .T.);
#10336 = EDGE_LOOP('', (#10332, #10333, #10334, #10335));
#10337 = FACE_BOUND('', #10336, .T.);
#10338 = ADVANCED_FACE('', (#10337), #8412, .T.);
#10339 = ORIENTED_EDGE('', *, *, #7181, .F.);
#10340 = ORIENTED_EDGE('', *, *, #7178, .F.);
#10341 = ORIENTED_EDGE('', *, *, #7191, .T.);
#10342 = ORIENTED_EDGE('', *, *, #7190, .F.);
#10343 = ORIENTED_EDGE('', *, *, #7189, .F.);
#10344 = ORIENTED_EDGE('', *, *, #7188, .T.);
#10345 = EDGE_LOOP('', (#10339, #10340));
#10346 = FACE_BOUND('', #10345, .T.);
#10347 = EDGE_LOOP('', (#10341, #10342, #10343, #10344));
#10348 = FACE_BOUND('', #10347, .T.);
#10349 = ADVANCED_FACE('', (#10346, #10348), #8416, .F.);
#10350 = ORIENTED_EDGE('', *, *, #7180, .T.);
#10351 = ORIENTED_EDGE('', *, *, #7182, .T.);
#10352 = EDGE_LOOP('', (#10350, #10351));
#10353 = FACE_BOUND('', #10352, .T.);
#10354 = ADVANCED_FACE('', (#10353), #8420, .T.);
#10355 = ORIENTED_EDGE('', *, *, #7183, .F.);
#10356 = ORIENTED_EDGE('', *, *, #7181, .T.);
#10357 = ORIENTED_EDGE('', *, *, #7179, .T.);
#10358 = ORIENTED_EDGE('', *, *, #7182, .F.);
#10359 = EDGE_LOOP('', (#10355, #10356, #10357, #10358));
#10360 = FACE_BOUND('', #10359, .T.);
#10361 = ADVANCED_FACE('', (#10360), #8412, .T.);
#10362 = ORIENTED_EDGE('', *, *, #7187, .T.);
#10363 = ORIENTED_EDGE('', *, *, #7191, .F.);
#10364 = ORIENTED_EDGE('', *, *, #7188, .F.);
#10365 = ORIENTED_EDGE('', *, *, #7185, .F.);
#10366 = ORIENTED_EDGE('', *, *, #7184, .T.);
#10367 = EDGE_LOOP('', (#10362, #10363, #10364, #10365, #10366));
#10368 = FACE_BOUND('', #10367, .T.);
#10369 = ADVANCED_FACE('', (#10368), #8425, .T.);
#10370 = ORIENTED_EDGE('', *, *, #7186, .F.);
#10371 = ORIENTED_EDGE('', *, *, #7184, .F.);
#10372 = EDGE_LOOP('', (#10370, #10371));
#10373 = FACE_BOUND('', #10372, .T.);
#10374 = ADVANCED_FACE('', (#10373), #8429, .F.);
#10375 = ORIENTED_EDGE('', *, *, #7187, .F.);
#10376 = ORIENTED_EDGE('', *, *, #7186, .T.);
#10377 = ORIENTED_EDGE('', *, *, #7185, .T.);
#10378 = ORIENTED_EDGE('', *, *, #7189, .T.);
#10379 = ORIENTED_EDGE('', *, *, #7190, .T.);
#10380 = EDGE_LOOP('', (#10375, #10376, #10377, #10378, #10379));
#10381 = FACE_BOUND('', #10380, .T.);
#10382 = ADVANCED_FACE('', (#10381), #8425, .T.);
#10383 = ORIENTED_EDGE('', *, *, #7192, .T.);
#10384 = ORIENTED_EDGE('', *, *, #7193, .T.);
#10385 = ORIENTED_EDGE('', *, *, #7194, .F.);
#10386 = ORIENTED_EDGE('', *, *, #7195, .F.);
#10387 = EDGE_LOOP('', (#10383, #10384, #10385, #10386));
#10388 = FACE_BOUND('', #10387, .T.);
#10389 = ADVANCED_FACE('', (#10388), #8434, .T.);
#10390 = ORIENTED_EDGE('', *, *, #7196, .T.);
#10391 = ORIENTED_EDGE('', *, *, #7197, .T.);
#10392 = ORIENTED_EDGE('', *, *, #7198, .F.);
#10393 = ORIENTED_EDGE('', *, *, #7193, .F.);
#10394 = EDGE_LOOP('', (#10390, #10391, #10392, #10393));
#10395 = FACE_BOUND('', #10394, .T.);
#10396 = ADVANCED_FACE('', (#10395), #8438, .T.);
#10397 = ORIENTED_EDGE('', *, *, #7199, .T.);
#10398 = ORIENTED_EDGE('', *, *, #7200, .T.);
#10399 = ORIENTED_EDGE('', *, *, #7201, .F.);
#10400 = ORIENTED_EDGE('', *, *, #7197, .F.);
#10401 = EDGE_LOOP('', (#10397, #10398, #10399, #10400));
#10402 = FACE_BOUND('', #10401, .T.);
#10403 = ADVANCED_FACE('', (#10402), #8443, .T.);
#10404 = ORIENTED_EDGE('', *, *, #7202, .T.);
#10405 = ORIENTED_EDGE('', *, *, #7203, .T.);
#10406 = ORIENTED_EDGE('', *, *, #7204, .F.);
#10407 = ORIENTED_EDGE('', *, *, #7200, .F.);
#10408 = EDGE_LOOP('', (#10404, #10405, #10406, #10407));
#10409 = FACE_BOUND('', #10408, .T.);
#10410 = ADVANCED_FACE('', (#10409), #8447, .T.);
#10411 = ORIENTED_EDGE('', *, *, #7205, .T.);
#10412 = ORIENTED_EDGE('', *, *, #7206, .T.);
#10413 = ORIENTED_EDGE('', *, *, #7207, .F.);
#10414 = ORIENTED_EDGE('', *, *, #7203, .F.);
#10415 = EDGE_LOOP('', (#10411, #10412, #10413, #10414));
#10416 = FACE_BOUND('', #10415, .T.);
#10417 = ADVANCED_FACE('', (#10416), #8452, .T.);
#10418 = ORIENTED_EDGE('', *, *, #7208, .T.);
#10419 = ORIENTED_EDGE('', *, *, #7209, .T.);
#10420 = ORIENTED_EDGE('', *, *, #7210, .F.);
#10421 = ORIENTED_EDGE('', *, *, #7206, .F.);
#10422 = EDGE_LOOP('', (#10418, #10419, #10420, #10421));
#10423 = FACE_BOUND('', #10422, .T.);
#10424 = ADVANCED_FACE('', (#10423), #8456, .T.);
#10425 = ORIENTED_EDGE('', *, *, #7211, .T.);
#10426 = ORIENTED_EDGE('', *, *, #7212, .T.);
#10427 = ORIENTED_EDGE('', *, *, #7213, .F.);
#10428 = ORIENTED_EDGE('', *, *, #7209, .F.);
#10429 = EDGE_LOOP('', (#10425, #10426, #10427, #10428));
#10430 = FACE_BOUND('', #10429, .T.);
#10431 = ADVANCED_FACE('', (#10430), #8461, .T.);
#10432 = ORIENTED_EDGE('', *, *, #7214, .T.);
#10433 = ORIENTED_EDGE('', *, *, #7195, .T.);
#10434 = ORIENTED_EDGE('', *, *, #7215, .F.);
#10435 = ORIENTED_EDGE('', *, *, #7212, .F.);
#10436 = EDGE_LOOP('', (#10432, #10433, #10434, #10435));
#10437 = FACE_BOUND('', #10436, .T.);
#10438 = ADVANCED_FACE('', (#10437), #8465, .T.);
#10439 = ORIENTED_EDGE('', *, *, #7214, .F.);
#10440 = ORIENTED_EDGE('', *, *, #7211, .F.);
#10441 = ORIENTED_EDGE('', *, *, #7208, .F.);
#10442 = ORIENTED_EDGE('', *, *, #7205, .F.);
#10443 = ORIENTED_EDGE('', *, *, #7202, .F.);
#10444 = ORIENTED_EDGE('', *, *, #7199, .F.);
#10445 = ORIENTED_EDGE('', *, *, #7196, .F.);
#10446 = ORIENTED_EDGE('', *, *, #7192, .F.);
#10447 = EDGE_LOOP('', (#10439, #10440, #10441, #10442, #10443, #10444, #10445, #10446));
#10448 = FACE_BOUND('', #10447, .T.);
#10449 = ADVANCED_FACE('', (#10448), #8469, .F.);
#10450 = ORIENTED_EDGE('', *, *, #7194, .T.);
#10451 = ORIENTED_EDGE('', *, *, #7198, .T.);
#10452 = ORIENTED_EDGE('', *, *, #7201, .T.);
#10453 = ORIENTED_EDGE('', *, *, #7204, .T.);
#10454 = ORIENTED_EDGE('', *, *, #7207, .T.);
#10455 = ORIENTED_EDGE('', *, *, #7210, .T.);
#10456 = ORIENTED_EDGE('', *, *, #7213, .T.);
#10457 = ORIENTED_EDGE('', *, *, #7215, .T.);
#10458 = ORIENTED_EDGE('', *, *, #7232, .T.);
#10459 = ORIENTED_EDGE('', *, *, #7239, .F.);
#10460 = ORIENTED_EDGE('', *, *, #7238, .T.);
#10461 = ORIENTED_EDGE('', *, *, #7237, .F.);
#10462 = ORIENTED_EDGE('', *, *, #7236, .F.);
#10463 = ORIENTED_EDGE('', *, *, #7235, .F.);
#10464 = ORIENTED_EDGE('', *, *, #7234, .F.);
#10465 = ORIENTED_EDGE('', *, *, #7233, .F.);
#10466 = EDGE_LOOP('', (#10450, #10451, #10452, #10453, #10454, #10455, #10456, #10457));
#10467 = FACE_BOUND('', #10466, .T.);
#10468 = EDGE_LOOP('', (#10458, #10459, #10460, #10461, #10462, #10463, #10464, #10465));
#10469 = FACE_BOUND('', #10468, .T.);
#10470 = ADVANCED_FACE('', (#10467, #10469), #8473, .T.);
#10471 = ORIENTED_EDGE('', *, *, #7218, .T.);
#10472 = ORIENTED_EDGE('', *, *, #7232, .F.);
#10473 = ORIENTED_EDGE('', *, *, #7217, .F.);
#10474 = ORIENTED_EDGE('', *, *, #7216, .F.);
#10475 = EDGE_LOOP('', (#10471, #10472, #10473, #10474));
#10476 = FACE_BOUND('', #10475, .T.);
#10477 = ADVANCED_FACE('', (#10476), #8478, .F.);
#10478 = ORIENTED_EDGE('', *, *, #7217, .T.);
#10479 = ORIENTED_EDGE('', *, *, #7233, .T.);
#10480 = ORIENTED_EDGE('', *, *, #7220, .F.);
#10481 = ORIENTED_EDGE('', *, *, #7219, .F.);
#10482 = EDGE_LOOP('', (#10478, #10479, #10480, #10481));
#10483 = FACE_BOUND('', #10482, .T.);
#10484 = ADVANCED_FACE('', (#10483), #8482, .F.);
#10485 = ORIENTED_EDGE('', *, *, #7220, .T.);
#10486 = ORIENTED_EDGE('', *, *, #7234, .T.);
#10487 = ORIENTED_EDGE('', *, *, #7222, .F.);
#10488 = ORIENTED_EDGE('', *, *, #7221, .F.);
#10489 = EDGE_LOOP('', (#10485, #10486, #10487, #10488));
#10490 = FACE_BOUND('', #10489, .T.);
#10491 = ADVANCED_FACE('', (#10490), #8487, .F.);
#10492 = ORIENTED_EDGE('', *, *, #7222, .T.);
#10493 = ORIENTED_EDGE('', *, *, #7235, .T.);
#10494 = ORIENTED_EDGE('', *, *, #7224, .F.);
#10495 = ORIENTED_EDGE('', *, *, #7223, .F.);
#10496 = EDGE_LOOP('', (#10492, #10493, #10494, #10495));
#10497 = FACE_BOUND('', #10496, .T.);
#10498 = ADVANCED_FACE('', (#10497), #8491, .F.);
#10499 = ORIENTED_EDGE('', *, *, #7224, .T.);
#10500 = ORIENTED_EDGE('', *, *, #7236, .T.);
#10501 = ORIENTED_EDGE('', *, *, #7226, .F.);
#10502 = ORIENTED_EDGE('', *, *, #7225, .F.);
#10503 = EDGE_LOOP('', (#10499, #10500, #10501, #10502));
#10504 = FACE_BOUND('', #10503, .T.);
#10505 = ADVANCED_FACE('', (#10504), #8496, .F.);
#10506 = ORIENTED_EDGE('', *, *, #7226, .T.);
#10507 = ORIENTED_EDGE('', *, *, #7237, .T.);
#10508 = ORIENTED_EDGE('', *, *, #7228, .F.);
#10509 = ORIENTED_EDGE('', *, *, #7227, .F.);
#10510 = EDGE_LOOP('', (#10506, #10507, #10508, #10509));
#10511 = FACE_BOUND('', #10510, .T.);
#10512 = ADVANCED_FACE('', (#10511), #8500, .F.);
#10513 = ORIENTED_EDGE('', *, *, #7228, .T.);
#10514 = ORIENTED_EDGE('', *, *, #7238, .F.);
#10515 = ORIENTED_EDGE('', *, *, #7230, .F.);
#10516 = ORIENTED_EDGE('', *, *, #7229, .F.);
#10517 = EDGE_LOOP('', (#10513, #10514, #10515, #10516));
#10518 = FACE_BOUND('', #10517, .T.);
#10519 = ADVANCED_FACE('', (#10518), #8505, .F.);
#10520 = ORIENTED_EDGE('', *, *, #7230, .T.);
#10521 = ORIENTED_EDGE('', *, *, #7239, .T.);
#10522 = ORIENTED_EDGE('', *, *, #7218, .F.);
#10523 = ORIENTED_EDGE('', *, *, #7231, .F.);
#10524 = EDGE_LOOP('', (#10520, #10521, #10522, #10523));
#10525 = FACE_BOUND('', #10524, .T.);
#10526 = ADVANCED_FACE('', (#10525), #8509, .F.);
#10527 = ORIENTED_EDGE('', *, *, #7216, .T.);
#10528 = ORIENTED_EDGE('', *, *, #7219, .T.);
#10529 = ORIENTED_EDGE('', *, *, #7221, .T.);
#10530 = ORIENTED_EDGE('', *, *, #7223, .T.);
#10531 = ORIENTED_EDGE('', *, *, #7225, .T.);
#10532 = ORIENTED_EDGE('', *, *, #7227, .T.);
#10533 = ORIENTED_EDGE('', *, *, #7229, .T.);
#10534 = ORIENTED_EDGE('', *, *, #7231, .T.);
#10535 = EDGE_LOOP('', (#10527, #10528, #10529, #10530, #10531, #10532, #10533, #10534));
#10536 = FACE_BOUND('', #10535, .T.);
#10537 = ADVANCED_FACE('', (#10536), #8513, .T.);
#10538 = ORIENTED_EDGE('', *, *, #7240, .T.);
#10539 = ORIENTED_EDGE('', *, *, #7241, .T.);
#10540 = EDGE_LOOP('', (#10538, #10539));
#10541 = FACE_BOUND('', #10540, .T.);
#10542 = ADVANCED_FACE('', (#10541), #8522, .T.);
#10543 = ORIENTED_EDGE('', *, *, #7252, .F.);
#10544 = ORIENTED_EDGE('', *, *, #7250, .F.);
#10545 = ORIENTED_EDGE('', *, *, #7249, .F.);
#10546 = ORIENTED_EDGE('', *, *, #7253, .T.);
#10547 = ORIENTED_EDGE('', *, *, #7241, .F.);
#10548 = EDGE_LOOP('', (#10543, #10544, #10545, #10546, #10547));
#10549 = FACE_BOUND('', #10548, .T.);
#10550 = ADVANCED_FACE('', (#10549), #8518, .T.);
#10551 = ORIENTED_EDGE('', *, *, #7247, .T.);
#10552 = ORIENTED_EDGE('', *, *, #7244, .F.);
#10553 = ORIENTED_EDGE('', *, *, #7243, .F.);
#10554 = ORIENTED_EDGE('', *, *, #7242, .T.);
#10555 = EDGE_LOOP('', (#10551, #10552, #10553, #10554));
#10556 = FACE_BOUND('', #10555, .T.);
#10557 = ADVANCED_FACE('', (#10556), #8527, .T.);
#10558 = ORIENTED_EDGE('', *, *, #7245, .F.);
#10559 = ORIENTED_EDGE('', *, *, #7242, .F.);
#10560 = EDGE_LOOP('', (#10558, #10559));
#10561 = FACE_BOUND('', #10560, .T.);
#10562 = ADVANCED_FACE('', (#10561), #8531, .F.);
#10563 = ORIENTED_EDGE('', *, *, #7244, .T.);
#10564 = ORIENTED_EDGE('', *, *, #7246, .T.);
#10565 = ORIENTED_EDGE('', *, *, #7248, .F.);
#10566 = ORIENTED_EDGE('', *, *, #7249, .T.);
#10567 = ORIENTED_EDGE('', *, *, #7250, .T.);
#10568 = ORIENTED_EDGE('', *, *, #7251, .F.);
#10569 = EDGE_LOOP('', (#10563, #10564));
#10570 = FACE_BOUND('', #10569, .T.);
#10571 = EDGE_LOOP('', (#10565, #10566, #10567, #10568));
#10572 = FACE_BOUND('', #10571, .T.);
#10573 = ADVANCED_FACE('', (#10570, #10572), #8535, .T.);
#10574 = ORIENTED_EDGE('', *, *, #7247, .F.);
#10575 = ORIENTED_EDGE('', *, *, #7245, .T.);
#10576 = ORIENTED_EDGE('', *, *, #7243, .T.);
#10577 = ORIENTED_EDGE('', *, *, #7246, .F.);
#10578 = EDGE_LOOP('', (#10574, #10575, #10576, #10577));
#10579 = FACE_BOUND('', #10578, .T.);
#10580 = ADVANCED_FACE('', (#10579), #8527, .T.);
#10581 = ORIENTED_EDGE('', *, *, #7252, .T.);
#10582 = ORIENTED_EDGE('', *, *, #7240, .F.);
#10583 = ORIENTED_EDGE('', *, *, #7253, .F.);
#10584 = ORIENTED_EDGE('', *, *, #7248, .T.);
#10585 = ORIENTED_EDGE('', *, *, #7251, .T.);
#10586 = EDGE_LOOP('', (#10581, #10582, #10583, #10584, #10585));
#10587 = FACE_BOUND('', #10586, .T.);
#10588 = ADVANCED_FACE('', (#10587), #8518, .T.);
#10589 = ORIENTED_EDGE('', *, *, #7254, .T.);
#10590 = ORIENTED_EDGE('', *, *, #7255, .T.);
#10591 = ORIENTED_EDGE('', *, *, #7256, .F.);
#10592 = ORIENTED_EDGE('', *, *, #7257, .F.);
#10593 = EDGE_LOOP('', (#10589, #10590, #10591, #10592));
#10594 = FACE_BOUND('', #10593, .T.);
#10595 = ADVANCED_FACE('', (#10594), #8540, .T.);
#10596 = ORIENTED_EDGE('', *, *, #7258, .T.);
#10597 = ORIENTED_EDGE('', *, *, #7259, .T.);
#10598 = ORIENTED_EDGE('', *, *, #7260, .F.);
#10599 = ORIENTED_EDGE('', *, *, #7255, .F.);
#10600 = EDGE_LOOP('', (#10596, #10597, #10598, #10599));
#10601 = FACE_BOUND('', #10600, .T.);
#10602 = ADVANCED_FACE('', (#10601), #8544, .T.);
#10603 = ORIENTED_EDGE('', *, *, #7261, .T.);
#10604 = ORIENTED_EDGE('', *, *, #7262, .T.);
#10605 = ORIENTED_EDGE('', *, *, #7263, .F.);
#10606 = ORIENTED_EDGE('', *, *, #7259, .F.);
#10607 = EDGE_LOOP('', (#10603, #10604, #10605, #10606));
#10608 = FACE_BOUND('', #10607, .T.);
#10609 = ADVANCED_FACE('', (#10608), #8549, .T.);
#10610 = ORIENTED_EDGE('', *, *, #7264, .T.);
#10611 = ORIENTED_EDGE('', *, *, #7265, .T.);
#10612 = ORIENTED_EDGE('', *, *, #7266, .F.);
#10613 = ORIENTED_EDGE('', *, *, #7262, .F.);
#10614 = EDGE_LOOP('', (#10610, #10611, #10612, #10613));
#10615 = FACE_BOUND('', #10614, .T.);
#10616 = ADVANCED_FACE('', (#10615), #8553, .T.);
#10617 = ORIENTED_EDGE('', *, *, #7267, .T.);
#10618 = ORIENTED_EDGE('', *, *, #7268, .T.);
#10619 = ORIENTED_EDGE('', *, *, #7269, .F.);
#10620 = ORIENTED_EDGE('', *, *, #7265, .F.);
#10621 = EDGE_LOOP('', (#10617, #10618, #10619, #10620));
#10622 = FACE_BOUND('', #10621, .T.);
#10623 = ADVANCED_FACE('', (#10622), #8558, .T.);
#10624 = ORIENTED_EDGE('', *, *, #7270, .T.);
#10625 = ORIENTED_EDGE('', *, *, #7271, .T.);
#10626 = ORIENTED_EDGE('', *, *, #7272, .F.);
#10627 = ORIENTED_EDGE('', *, *, #7268, .F.);
#10628 = EDGE_LOOP('', (#10624, #10625, #10626, #10627));
#10629 = FACE_BOUND('', #10628, .T.);
#10630 = ADVANCED_FACE('', (#10629), #8562, .T.);
#10631 = ORIENTED_EDGE('', *, *, #7273, .T.);
#10632 = ORIENTED_EDGE('', *, *, #7274, .T.);
#10633 = ORIENTED_EDGE('', *, *, #7275, .F.);
#10634 = ORIENTED_EDGE('', *, *, #7271, .F.);
#10635 = EDGE_LOOP('', (#10631, #10632, #10633, #10634));
#10636 = FACE_BOUND('', #10635, .T.);
#10637 = ADVANCED_FACE('', (#10636), #8567, .T.);
#10638 = ORIENTED_EDGE('', *, *, #7276, .T.);
#10639 = ORIENTED_EDGE('', *, *, #7257, .T.);
#10640 = ORIENTED_EDGE('', *, *, #7277, .F.);
#10641 = ORIENTED_EDGE('', *, *, #7274, .F.);
#10642 = EDGE_LOOP('', (#10638, #10639, #10640, #10641));
#10643 = FACE_BOUND('', #10642, .T.);
#10644 = ADVANCED_FACE('', (#10643), #8571, .T.);
#10645 = ORIENTED_EDGE('', *, *, #7276, .F.);
#10646 = ORIENTED_EDGE('', *, *, #7273, .F.);
#10647 = ORIENTED_EDGE('', *, *, #7270, .F.);
#10648 = ORIENTED_EDGE('', *, *, #7267, .F.);
#10649 = ORIENTED_EDGE('', *, *, #7264, .F.);
#10650 = ORIENTED_EDGE('', *, *, #7261, .F.);
#10651 = ORIENTED_EDGE('', *, *, #7258, .F.);
#10652 = ORIENTED_EDGE('', *, *, #7254, .F.);
#10653 = ORIENTED_EDGE('', *, *, #7283, .T.);
#10654 = ORIENTED_EDGE('', *, *, #7282, .F.);
#10655 = ORIENTED_EDGE('', *, *, #7279, .F.);
#10656 = ORIENTED_EDGE('', *, *, #7278, .T.);
#10657 = EDGE_LOOP('', (#10645, #10646, #10647, #10648, #10649, #10650, #10651, #10652));
#10658 = FACE_BOUND('', #10657, .T.);
#10659 = EDGE_LOOP('', (#10653, #10654, #10655, #10656));
#10660 = FACE_BOUND('', #10659, .T.);
#10661 = ADVANCED_FACE('', (#10658, #10660), #8575, .F.);
#10662 = ORIENTED_EDGE('', *, *, #7256, .T.);
#10663 = ORIENTED_EDGE('', *, *, #7260, .T.);
#10664 = ORIENTED_EDGE('', *, *, #7263, .T.);
#10665 = ORIENTED_EDGE('', *, *, #7266, .T.);
#10666 = ORIENTED_EDGE('', *, *, #7269, .T.);
#10667 = ORIENTED_EDGE('', *, *, #7272, .T.);
#10668 = ORIENTED_EDGE('', *, *, #7275, .T.);
#10669 = ORIENTED_EDGE('', *, *, #7277, .T.);
#10670 = ORIENTED_EDGE('', *, *, #7280, .F.);
#10671 = ORIENTED_EDGE('', *, *, #7281, .T.);
#10672 = ORIENTED_EDGE('', *, *, #7284, .T.);
#10673 = ORIENTED_EDGE('', *, *, #7285, .F.);
#10674 = EDGE_LOOP('', (#10662, #10663, #10664, #10665, #10666, #10667, #10668, #10669));
#10675 = FACE_BOUND('', #10674, .T.);
#10676 = EDGE_LOOP('', (#10670, #10671, #10672, #10673));
#10677 = FACE_BOUND('', #10676, .T.);
#10678 = ADVANCED_FACE('', (#10675, #10677), #8579, .T.);
#10679 = ORIENTED_EDGE('', *, *, #7283, .F.);
#10680 = ORIENTED_EDGE('', *, *, #7278, .F.);
#10681 = ORIENTED_EDGE('', *, *, #7287, .T.);
#10682 = ORIENTED_EDGE('', *, *, #7280, .T.);
#10683 = ORIENTED_EDGE('', *, *, #7285, .T.);
#10684 = ORIENTED_EDGE('', *, *, #7286, .F.);
#10685 = EDGE_LOOP('', (#10679, #10680, #10681, #10682, #10683, #10684));
#10686 = FACE_BOUND('', #10685, .T.);
#10687 = ADVANCED_FACE('', (#10686), #8584, .F.);
#10688 = ORIENTED_EDGE('', *, *, #7284, .F.);
#10689 = ORIENTED_EDGE('', *, *, #7281, .F.);
#10690 = ORIENTED_EDGE('', *, *, #7287, .F.);
#10691 = ORIENTED_EDGE('', *, *, #7279, .T.);
#10692 = ORIENTED_EDGE('', *, *, #7282, .T.);
#10693 = ORIENTED_EDGE('', *, *, #7286, .T.);
#10694 = EDGE_LOOP('', (#10688, #10689, #10690, #10691, #10692, #10693));
#10695 = FACE_BOUND('', #10694, .T.);
#10696 = ADVANCED_FACE('', (#10695), #8584, .F.);
#10697 = ORIENTED_EDGE('', *, *, #7288, .T.);
#10698 = ORIENTED_EDGE('', *, *, #7289, .T.);
#10699 = ORIENTED_EDGE('', *, *, #7290, .F.);
#10700 = ORIENTED_EDGE('', *, *, #7291, .F.);
#10701 = EDGE_LOOP('', (#10697, #10698, #10699, #10700));
#10702 = FACE_BOUND('', #10701, .T.);
#10703 = ADVANCED_FACE('', (#10702), #8589, .T.);
#10704 = ORIENTED_EDGE('', *, *, #7292, .T.);
#10705 = ORIENTED_EDGE('', *, *, #7293, .T.);
#10706 = ORIENTED_EDGE('', *, *, #7294, .F.);
#10707 = ORIENTED_EDGE('', *, *, #7289, .F.);
#10708 = EDGE_LOOP('', (#10704, #10705, #10706, #10707));
#10709 = FACE_BOUND('', #10708, .T.);
#10710 = ADVANCED_FACE('', (#10709), #8593, .T.);
#10711 = ORIENTED_EDGE('', *, *, #7295, .T.);
#10712 = ORIENTED_EDGE('', *, *, #7296, .T.);
#10713 = ORIENTED_EDGE('', *, *, #7297, .F.);
#10714 = ORIENTED_EDGE('', *, *, #7293, .F.);
#10715 = EDGE_LOOP('', (#10711, #10712, #10713, #10714));
#10716 = FACE_BOUND('', #10715, .T.);
#10717 = ADVANCED_FACE('', (#10716), #8598, .T.);
#10718 = ORIENTED_EDGE('', *, *, #7298, .T.);
#10719 = ORIENTED_EDGE('', *, *, #7299, .T.);
#10720 = ORIENTED_EDGE('', *, *, #7300, .F.);
#10721 = ORIENTED_EDGE('', *, *, #7296, .F.);
#10722 = EDGE_LOOP('', (#10718, #10719, #10720, #10721));
#10723 = FACE_BOUND('', #10722, .T.);
#10724 = ADVANCED_FACE('', (#10723), #8602, .T.);
#10725 = ORIENTED_EDGE('', *, *, #7301, .T.);
#10726 = ORIENTED_EDGE('', *, *, #7302, .T.);
#10727 = ORIENTED_EDGE('', *, *, #7303, .F.);
#10728 = ORIENTED_EDGE('', *, *, #7299, .F.);
#10729 = EDGE_LOOP('', (#10725, #10726, #10727, #10728));
#10730 = FACE_BOUND('', #10729, .T.);
#10731 = ADVANCED_FACE('', (#10730), #8607, .T.);
#10732 = ORIENTED_EDGE('', *, *, #7304, .T.);
#10733 = ORIENTED_EDGE('', *, *, #7305, .T.);
#10734 = ORIENTED_EDGE('', *, *, #7306, .F.);
#10735 = ORIENTED_EDGE('', *, *, #7302, .F.);
#10736 = EDGE_LOOP('', (#10732, #10733, #10734, #10735));
#10737 = FACE_BOUND('', #10736, .T.);
#10738 = ADVANCED_FACE('', (#10737), #8611, .T.);
#10739 = ORIENTED_EDGE('', *, *, #7307, .T.);
#10740 = ORIENTED_EDGE('', *, *, #7308, .T.);
#10741 = ORIENTED_EDGE('', *, *, #7309, .F.);
#10742 = ORIENTED_EDGE('', *, *, #7305, .F.);
#10743 = EDGE_LOOP('', (#10739, #10740, #10741, #10742));
#10744 = FACE_BOUND('', #10743, .T.);
#10745 = ADVANCED_FACE('', (#10744), #8616, .T.);
#10746 = ORIENTED_EDGE('', *, *, #7310, .T.);
#10747 = ORIENTED_EDGE('', *, *, #7291, .T.);
#10748 = ORIENTED_EDGE('', *, *, #7311, .F.);
#10749 = ORIENTED_EDGE('', *, *, #7308, .F.);
#10750 = EDGE_LOOP('', (#10746, #10747, #10748, #10749));
#10751 = FACE_BOUND('', #10750, .T.);
#10752 = ADVANCED_FACE('', (#10751), #8620, .T.);
#10753 = ORIENTED_EDGE('', *, *, #7310, .F.);
#10754 = ORIENTED_EDGE('', *, *, #7307, .F.);
#10755 = ORIENTED_EDGE('', *, *, #7304, .F.);
#10756 = ORIENTED_EDGE('', *, *, #7301, .F.);
#10757 = ORIENTED_EDGE('', *, *, #7298, .F.);
#10758 = ORIENTED_EDGE('', *, *, #7295, .F.);
#10759 = ORIENTED_EDGE('', *, *, #7292, .F.);
#10760 = ORIENTED_EDGE('', *, *, #7288, .F.);
#10761 = ORIENTED_EDGE('', *, *, #7313, .T.);
#10762 = ORIENTED_EDGE('', *, *, #7314, .T.);
#10763 = ORIENTED_EDGE('', *, *, #7315, .T.);
#10764 = ORIENTED_EDGE('', *, *, #7316, .T.);
#10765 = ORIENTED_EDGE('', *, *, #7317, .T.);
#10766 = ORIENTED_EDGE('', *, *, #7318, .F.);
#10767 = ORIENTED_EDGE('', *, *, #7319, .T.);
#10768 = ORIENTED_EDGE('', *, *, #7312, .F.);
#10769 = EDGE_LOOP('', (#10753, #10754, #10755, #10756, #10757, #10758, #10759, #10760));
#10770 = FACE_BOUND('', #10769, .T.);
#10771 = EDGE_LOOP('', (#10761, #10762, #10763, #10764, #10765, #10766, #10767, #10768));
#10772 = FACE_BOUND('', #10771, .T.);
#10773 = ADVANCED_FACE('', (#10770, #10772), #8624, .F.);
#10774 = ORIENTED_EDGE('', *, *, #7290, .T.);
#10775 = ORIENTED_EDGE('', *, *, #7294, .T.);
#10776 = ORIENTED_EDGE('', *, *, #7297, .T.);
#10777 = ORIENTED_EDGE('', *, *, #7300, .T.);
#10778 = ORIENTED_EDGE('', *, *, #7303, .T.);
#10779 = ORIENTED_EDGE('', *, *, #7306, .T.);
#10780 = ORIENTED_EDGE('', *, *, #7309, .T.);
#10781 = ORIENTED_EDGE('', *, *, #7311, .T.);
#10782 = ORIENTED_EDGE('', *, *, #7320, .T.);
#10783 = ORIENTED_EDGE('', *, *, #7327, .F.);
#10784 = ORIENTED_EDGE('', *, *, #7326, .T.);
#10785 = ORIENTED_EDGE('', *, *, #7325, .F.);
#10786 = ORIENTED_EDGE('', *, *, #7324, .F.);
#10787 = ORIENTED_EDGE('', *, *, #7323, .F.);
#10788 = ORIENTED_EDGE('', *, *, #7322, .F.);
#10789 = ORIENTED_EDGE('', *, *, #7321, .F.);
#10790 = EDGE_LOOP('', (#10774, #10775, #10776, #10777, #10778, #10779, #10780, #10781));
#10791 = FACE_BOUND('', #10790, .T.);
#10792 = EDGE_LOOP('', (#10782, #10783, #10784, #10785, #10786, #10787, #10788, #10789));
#10793 = FACE_BOUND('', #10792, .T.);
#10794 = ADVANCED_FACE('', (#10791, #10793), #8628, .T.);
#10795 = ORIENTED_EDGE('', *, *, #7319, .F.);
#10796 = ORIENTED_EDGE('', *, *, #7335, .T.);
#10797 = ORIENTED_EDGE('', *, *, #7327, .T.);
#10798 = ORIENTED_EDGE('', *, *, #7329, .F.);
#10799 = EDGE_LOOP('', (#10795, #10796, #10797, #10798));
#10800 = FACE_BOUND('', #10799, .T.);
#10801 = ADVANCED_FACE('', (#10800), #8632, .F.);
#10802 = ORIENTED_EDGE('', *, *, #7318, .T.);
#10803 = ORIENTED_EDGE('', *, *, #7334, .T.);
#10804 = ORIENTED_EDGE('', *, *, #7326, .F.);
#10805 = ORIENTED_EDGE('', *, *, #7335, .F.);
#10806 = EDGE_LOOP('', (#10802, #10803, #10804, #10805));
#10807 = FACE_BOUND('', #10806, .T.);
#10808 = ADVANCED_FACE('', (#10807), #8637, .F.);
#10809 = ORIENTED_EDGE('', *, *, #7317, .F.);
#10810 = ORIENTED_EDGE('', *, *, #7333, .T.);
#10811 = ORIENTED_EDGE('', *, *, #7325, .T.);
#10812 = ORIENTED_EDGE('', *, *, #7334, .F.);
#10813 = EDGE_LOOP('', (#10809, #10810, #10811, #10812));
#10814 = FACE_BOUND('', #10813, .T.);
#10815 = ADVANCED_FACE('', (#10814), #8641, .F.);
#10816 = ORIENTED_EDGE('', *, *, #7316, .F.);
#10817 = ORIENTED_EDGE('', *, *, #7332, .T.);
#10818 = ORIENTED_EDGE('', *, *, #7324, .T.);
#10819 = ORIENTED_EDGE('', *, *, #7333, .F.);
#10820 = EDGE_LOOP('', (#10816, #10817, #10818, #10819));
#10821 = FACE_BOUND('', #10820, .T.);
#10822 = ADVANCED_FACE('', (#10821), #8646, .F.);
#10823 = ORIENTED_EDGE('', *, *, #7315, .F.);
#10824 = ORIENTED_EDGE('', *, *, #7331, .T.);
#10825 = ORIENTED_EDGE('', *, *, #7323, .T.);
#10826 = ORIENTED_EDGE('', *, *, #7332, .F.);
#10827 = EDGE_LOOP('', (#10823, #10824, #10825, #10826));
#10828 = FACE_BOUND('', #10827, .T.);
#10829 = ADVANCED_FACE('', (#10828), #8650, .F.);
#10830 = ORIENTED_EDGE('', *, *, #7314, .F.);
#10831 = ORIENTED_EDGE('', *, *, #7330, .T.);
#10832 = ORIENTED_EDGE('', *, *, #7322, .T.);
#10833 = ORIENTED_EDGE('', *, *, #7331, .F.);
#10834 = EDGE_LOOP('', (#10830, #10831, #10832, #10833));
#10835 = FACE_BOUND('', #10834, .T.);
#10836 = ADVANCED_FACE('', (#10835), #8655, .F.);
#10837 = ORIENTED_EDGE('', *, *, #7313, .F.);
#10838 = ORIENTED_EDGE('', *, *, #7328, .T.);
#10839 = ORIENTED_EDGE('', *, *, #7321, .T.);
#10840 = ORIENTED_EDGE('', *, *, #7330, .F.);
#10841 = EDGE_LOOP('', (#10837, #10838, #10839, #10840));
#10842 = FACE_BOUND('', #10841, .T.);
#10843 = ADVANCED_FACE('', (#10842), #8659, .F.);
#10844 = ORIENTED_EDGE('', *, *, #7312, .T.);
#10845 = ORIENTED_EDGE('', *, *, #7329, .T.);
#10846 = ORIENTED_EDGE('', *, *, #7320, .F.);
#10847 = ORIENTED_EDGE('', *, *, #7328, .F.);
#10848 = EDGE_LOOP('', (#10844, #10845, #10846, #10847));
#10849 = FACE_BOUND('', #10848, .T.);
#10850 = ADVANCED_FACE('', (#10849), #8664, .F.);
#10851 = ORIENTED_EDGE('', *, *, #7341, .T.);
#10852 = ORIENTED_EDGE('', *, *, #7338, .F.);
#10853 = ORIENTED_EDGE('', *, *, #7337, .F.);
#10854 = ORIENTED_EDGE('', *, *, #7336, .T.);
#10855 = EDGE_LOOP('', (#10851, #10852, #10853, #10854));
#10856 = FACE_BOUND('', #10855, .T.);
#10857 = ADVANCED_FACE('', (#10856), #8669, .T.);
#10858 = ORIENTED_EDGE('', *, *, #7339, .F.);
#10859 = ORIENTED_EDGE('', *, *, #7336, .F.);
#10860 = ORIENTED_EDGE('', *, *, #7347, .T.);
#10861 = ORIENTED_EDGE('', *, *, #7346, .F.);
#10862 = ORIENTED_EDGE('', *, *, #7343, .F.);
#10863 = ORIENTED_EDGE('', *, *, #7342, .T.);
#10864 = EDGE_LOOP('', (#10858, #10859));
#10865 = FACE_BOUND('', #10864, .T.);
#10866 = EDGE_LOOP('', (#10860, #10861, #10862, #10863));
#10867 = FACE_BOUND('', #10866, .T.);
#10868 = ADVANCED_FACE('', (#10865, #10867), #8673, .F.);
#10869 = ORIENTED_EDGE('', *, *, #7338, .T.);
#10870 = ORIENTED_EDGE('', *, *, #7340, .T.);
#10871 = ORIENTED_EDGE('', *, *, #7344, .F.);
#10872 = ORIENTED_EDGE('', *, *, #7345, .T.);
#10873 = ORIENTED_EDGE('', *, *, #7348, .T.);
#10874 = ORIENTED_EDGE('', *, *, #7349, .F.);
#10875 = EDGE_LOOP('', (#10869, #10870));
#10876 = FACE_BOUND('', #10875, .T.);
#10877 = EDGE_LOOP('', (#10871, #10872, #10873, #10874));
#10878 = FACE_BOUND('', #10877, .T.);
#10879 = ADVANCED_FACE('', (#10876, #10878), #8677, .T.);
#10880 = ORIENTED_EDGE('', *, *, #7341, .F.);
#10881 = ORIENTED_EDGE('', *, *, #7339, .T.);
#10882 = ORIENTED_EDGE('', *, *, #7337, .T.);
#10883 = ORIENTED_EDGE('', *, *, #7340, .F.);
#10884 = EDGE_LOOP('', (#10880, #10881, #10882, #10883));
#10885 = FACE_BOUND('', #10884, .T.);
#10886 = ADVANCED_FACE('', (#10885), #8669, .T.);
#10887 = ORIENTED_EDGE('', *, *, #7347, .F.);
#10888 = ORIENTED_EDGE('', *, *, #7342, .F.);
#10889 = ORIENTED_EDGE('', *, *, #7351, .T.);
#10890 = ORIENTED_EDGE('', *, *, #7344, .T.);
#10891 = ORIENTED_EDGE('', *, *, #7349, .T.);
#10892 = ORIENTED_EDGE('', *, *, #7350, .F.);
#10893 = EDGE_LOOP('', (#10887, #10888, #10889, #10890, #10891, #10892));
#10894 = FACE_BOUND('', #10893, .T.);
#10895 = ADVANCED_FACE('', (#10894), #8682, .F.);
#10896 = ORIENTED_EDGE('', *, *, #7348, .F.);
#10897 = ORIENTED_EDGE('', *, *, #7345, .F.);
#10898 = ORIENTED_EDGE('', *, *, #7351, .F.);
#10899 = ORIENTED_EDGE('', *, *, #7343, .T.);
#10900 = ORIENTED_EDGE('', *, *, #7346, .T.);
#10901 = ORIENTED_EDGE('', *, *, #7350, .T.);
#10902 = EDGE_LOOP('', (#10896, #10897, #10898, #10899, #10900, #10901));
#10903 = FACE_BOUND('', #10902, .T.);
#10904 = ADVANCED_FACE('', (#10903), #8682, .F.);
#10905 = ORIENTED_EDGE('', *, *, #7352, .T.);
#10906 = ORIENTED_EDGE('', *, *, #7353, .T.);
#10907 = ORIENTED_EDGE('', *, *, #7354, .F.);
#10908 = ORIENTED_EDGE('', *, *, #7355, .F.);
#10909 = EDGE_LOOP('', (#10905, #10906, #10907, #10908));
#10910 = FACE_BOUND('', #10909, .T.);
#10911 = ADVANCED_FACE('', (#10910), #8687, .T.);
#10912 = ORIENTED_EDGE('', *, *, #7356, .T.);
#10913 = ORIENTED_EDGE('', *, *, #7357, .T.);
#10914 = ORIENTED_EDGE('', *, *, #7358, .F.);
#10915 = ORIENTED_EDGE('', *, *, #7353, .F.);
#10916 = EDGE_LOOP('', (#10912, #10913, #10914, #10915));
#10917 = FACE_BOUND('', #10916, .T.);
#10918 = ADVANCED_FACE('', (#10917), #8691, .T.);
#10919 = ORIENTED_EDGE('', *, *, #7359, .T.);
#10920 = ORIENTED_EDGE('', *, *, #7360, .T.);
#10921 = ORIENTED_EDGE('', *, *, #7361, .F.);
#10922 = ORIENTED_EDGE('', *, *, #7357, .F.);
#10923 = EDGE_LOOP('', (#10919, #10920, #10921, #10922));
#10924 = FACE_BOUND('', #10923, .T.);
#10925 = ADVANCED_FACE('', (#10924), #8696, .T.);
#10926 = ORIENTED_EDGE('', *, *, #7362, .T.);
#10927 = ORIENTED_EDGE('', *, *, #7363, .T.);
#10928 = ORIENTED_EDGE('', *, *, #7364, .F.);
#10929 = ORIENTED_EDGE('', *, *, #7360, .F.);
#10930 = EDGE_LOOP('', (#10926, #10927, #10928, #10929));
#10931 = FACE_BOUND('', #10930, .T.);
#10932 = ADVANCED_FACE('', (#10931), #8700, .T.);
#10933 = ORIENTED_EDGE('', *, *, #7365, .T.);
#10934 = ORIENTED_EDGE('', *, *, #7366, .T.);
#10935 = ORIENTED_EDGE('', *, *, #7367, .F.);
#10936 = ORIENTED_EDGE('', *, *, #7363, .F.);
#10937 = EDGE_LOOP('', (#10933, #10934, #10935, #10936));
#10938 = FACE_BOUND('', #10937, .T.);
#10939 = ADVANCED_FACE('', (#10938), #8705, .T.);
#10940 = ORIENTED_EDGE('', *, *, #7368, .T.);
#10941 = ORIENTED_EDGE('', *, *, #7369, .T.);
#10942 = ORIENTED_EDGE('', *, *, #7370, .F.);
#10943 = ORIENTED_EDGE('', *, *, #7366, .F.);
#10944 = EDGE_LOOP('', (#10940, #10941, #10942, #10943));
#10945 = FACE_BOUND('', #10944, .T.);
#10946 = ADVANCED_FACE('', (#10945), #8709, .T.);
#10947 = ORIENTED_EDGE('', *, *, #7371, .T.);
#10948 = ORIENTED_EDGE('', *, *, #7372, .T.);
#10949 = ORIENTED_EDGE('', *, *, #7373, .F.);
#10950 = ORIENTED_EDGE('', *, *, #7369, .F.);
#10951 = EDGE_LOOP('', (#10947, #10948, #10949, #10950));
#10952 = FACE_BOUND('', #10951, .T.);
#10953 = ADVANCED_FACE('', (#10952), #8714, .T.);
#10954 = ORIENTED_EDGE('', *, *, #7374, .T.);
#10955 = ORIENTED_EDGE('', *, *, #7355, .T.);
#10956 = ORIENTED_EDGE('', *, *, #7375, .F.);
#10957 = ORIENTED_EDGE('', *, *, #7372, .F.);
#10958 = EDGE_LOOP('', (#10954, #10955, #10956, #10957));
#10959 = FACE_BOUND('', #10958, .T.);
#10960 = ADVANCED_FACE('', (#10959), #8718, .T.);
#10961 = ORIENTED_EDGE('', *, *, #7374, .F.);
#10962 = ORIENTED_EDGE('', *, *, #7371, .F.);
#10963 = ORIENTED_EDGE('', *, *, #7368, .F.);
#10964 = ORIENTED_EDGE('', *, *, #7365, .F.);
#10965 = ORIENTED_EDGE('', *, *, #7362, .F.);
#10966 = ORIENTED_EDGE('', *, *, #7359, .F.);
#10967 = ORIENTED_EDGE('', *, *, #7356, .F.);
#10968 = ORIENTED_EDGE('', *, *, #7352, .F.);
#10969 = ORIENTED_EDGE('', *, *, #7377, .T.);
#10970 = ORIENTED_EDGE('', *, *, #7378, .T.);
#10971 = ORIENTED_EDGE('', *, *, #7379, .T.);
#10972 = ORIENTED_EDGE('', *, *, #7380, .T.);
#10973 = ORIENTED_EDGE('', *, *, #7381, .T.);
#10974 = ORIENTED_EDGE('', *, *, #7382, .F.);
#10975 = ORIENTED_EDGE('', *, *, #7383, .T.);
#10976 = ORIENTED_EDGE('', *, *, #7376, .F.);
#10977 = EDGE_LOOP('', (#10961, #10962, #10963, #10964, #10965, #10966, #10967, #10968));
#10978 = FACE_BOUND('', #10977, .T.);
#10979 = EDGE_LOOP('', (#10969, #10970, #10971, #10972, #10973, #10974, #10975, #10976));
#10980 = FACE_BOUND('', #10979, .T.);
#10981 = ADVANCED_FACE('', (#10978, #10980), #8722, .F.);
#10982 = ORIENTED_EDGE('', *, *, #7354, .T.);
#10983 = ORIENTED_EDGE('', *, *, #7358, .T.);
#10984 = ORIENTED_EDGE('', *, *, #7361, .T.);
#10985 = ORIENTED_EDGE('', *, *, #7364, .T.);
#10986 = ORIENTED_EDGE('', *, *, #7367, .T.);
#10987 = ORIENTED_EDGE('', *, *, #7370, .T.);
#10988 = ORIENTED_EDGE('', *, *, #7373, .T.);
#10989 = ORIENTED_EDGE('', *, *, #7375, .T.);
#10990 = ORIENTED_EDGE('', *, *, #7384, .T.);
#10991 = ORIENTED_EDGE('', *, *, #7391, .F.);
#10992 = ORIENTED_EDGE('', *, *, #7390, .T.);
#10993 = ORIENTED_EDGE('', *, *, #7389, .F.);
#10994 = ORIENTED_EDGE('', *, *, #7388, .F.);
#10995 = ORIENTED_EDGE('', *, *, #7387, .F.);
#10996 = ORIENTED_EDGE('', *, *, #7386, .F.);
#10997 = ORIENTED_EDGE('', *, *, #7385, .F.);
#10998 = EDGE_LOOP('', (#10982, #10983, #10984, #10985, #10986, #10987, #10988, #10989));
#10999 = FACE_BOUND('', #10998, .T.);
#11000 = EDGE_LOOP('', (#10990, #10991, #10992, #10993, #10994, #10995, #10996, #10997));
#11001 = FACE_BOUND('', #11000, .T.);
#11002 = ADVANCED_FACE('', (#10999, #11001), #8726, .T.);
#11003 = ORIENTED_EDGE('', *, *, #7383, .F.);
#11004 = ORIENTED_EDGE('', *, *, #7399, .T.);
#11005 = ORIENTED_EDGE('', *, *, #7391, .T.);
#11006 = ORIENTED_EDGE('', *, *, #7393, .F.);
#11007 = EDGE_LOOP('', (#11003, #11004, #11005, #11006));
#11008 = FACE_BOUND('', #11007, .T.);
#11009 = ADVANCED_FACE('', (#11008), #8730, .F.);
#11010 = ORIENTED_EDGE('', *, *, #7382, .T.);
#11011 = ORIENTED_EDGE('', *, *, #7398, .T.);
#11012 = ORIENTED_EDGE('', *, *, #7390, .F.);
#11013 = ORIENTED_EDGE('', *, *, #7399, .F.);
#11014 = EDGE_LOOP('', (#11010, #11011, #11012, #11013));
#11015 = FACE_BOUND('', #11014, .T.);
#11016 = ADVANCED_FACE('', (#11015), #8735, .F.);
#11017 = ORIENTED_EDGE('', *, *, #7381, .F.);
#11018 = ORIENTED_EDGE('', *, *, #7397, .T.);
#11019 = ORIENTED_EDGE('', *, *, #7389, .T.);
#11020 = ORIENTED_EDGE('', *, *, #7398, .F.);
#11021 = EDGE_LOOP('', (#11017, #11018, #11019, #11020));
#11022 = FACE_BOUND('', #11021, .T.);
#11023 = ADVANCED_FACE('', (#11022), #8739, .F.);
#11024 = ORIENTED_EDGE('', *, *, #7380, .F.);
#11025 = ORIENTED_EDGE('', *, *, #7396, .T.);
#11026 = ORIENTED_EDGE('', *, *, #7388, .T.);
#11027 = ORIENTED_EDGE('', *, *, #7397, .F.);
#11028 = EDGE_LOOP('', (#11024, #11025, #11026, #11027));
#11029 = FACE_BOUND('', #11028, .T.);
#11030 = ADVANCED_FACE('', (#11029), #8744, .F.);
#11031 = ORIENTED_EDGE('', *, *, #7379, .F.);
#11032 = ORIENTED_EDGE('', *, *, #7395, .T.);
#11033 = ORIENTED_EDGE('', *, *, #7387, .T.);
#11034 = ORIENTED_EDGE('', *, *, #7396, .F.);
#11035 = EDGE_LOOP('', (#11031, #11032, #11033, #11034));
#11036 = FACE_BOUND('', #11035, .T.);
#11037 = ADVANCED_FACE('', (#11036), #8748, .F.);
#11038 = ORIENTED_EDGE('', *, *, #7378, .F.);
#11039 = ORIENTED_EDGE('', *, *, #7394, .T.);
#11040 = ORIENTED_EDGE('', *, *, #7386, .T.);
#11041 = ORIENTED_EDGE('', *, *, #7395, .F.);
#11042 = EDGE_LOOP('', (#11038, #11039, #11040, #11041));
#11043 = FACE_BOUND('', #11042, .T.);
#11044 = ADVANCED_FACE('', (#11043), #8753, .F.);
#11045 = ORIENTED_EDGE('', *, *, #7377, .F.);
#11046 = ORIENTED_EDGE('', *, *, #7392, .T.);
#11047 = ORIENTED_EDGE('', *, *, #7385, .T.);
#11048 = ORIENTED_EDGE('', *, *, #7394, .F.);
#11049 = EDGE_LOOP('', (#11045, #11046, #11047, #11048));
#11050 = FACE_BOUND('', #11049, .T.);
#11051 = ADVANCED_FACE('', (#11050), #8757, .F.);
#11052 = ORIENTED_EDGE('', *, *, #7376, .T.);
#11053 = ORIENTED_EDGE('', *, *, #7393, .T.);
#11054 = ORIENTED_EDGE('', *, *, #7384, .F.);
#11055 = ORIENTED_EDGE('', *, *, #7392, .F.);
#11056 = EDGE_LOOP('', (#11052, #11053, #11054, #11055));
#11057 = FACE_BOUND('', #11056, .T.);
#11058 = ADVANCED_FACE('', (#11057), #8762, .F.);
#11059 = ORIENTED_EDGE('', *, *, #7400, .T.);
#11060 = ORIENTED_EDGE('', *, *, #7401, .T.);
#11061 = ORIENTED_EDGE('', *, *, #7402, .F.);
#11062 = ORIENTED_EDGE('', *, *, #7403, .F.);
#11063 = EDGE_LOOP('', (#11059, #11060, #11061, #11062));
#11064 = FACE_BOUND('', #11063, .T.);
#11065 = ADVANCED_FACE('', (#11064), #8767, .T.);
#11066 = ORIENTED_EDGE('', *, *, #7404, .T.);
#11067 = ORIENTED_EDGE('', *, *, #7405, .T.);
#11068 = ORIENTED_EDGE('', *, *, #7406, .F.);
#11069 = ORIENTED_EDGE('', *, *, #7401, .F.);
#11070 = EDGE_LOOP('', (#11066, #11067, #11068, #11069));
#11071 = FACE_BOUND('', #11070, .T.);
#11072 = ADVANCED_FACE('', (#11071), #8771, .T.);
#11073 = ORIENTED_EDGE('', *, *, #7407, .T.);
#11074 = ORIENTED_EDGE('', *, *, #7408, .T.);
#11075 = ORIENTED_EDGE('', *, *, #7409, .F.);
#11076 = ORIENTED_EDGE('', *, *, #7405, .F.);
#11077 = EDGE_LOOP('', (#11073, #11074, #11075, #11076));
#11078 = FACE_BOUND('', #11077, .T.);
#11079 = ADVANCED_FACE('', (#11078), #8776, .T.);
#11080 = ORIENTED_EDGE('', *, *, #7410, .T.);
#11081 = ORIENTED_EDGE('', *, *, #7411, .T.);
#11082 = ORIENTED_EDGE('', *, *, #7412, .F.);
#11083 = ORIENTED_EDGE('', *, *, #7408, .F.);
#11084 = EDGE_LOOP('', (#11080, #11081, #11082, #11083));
#11085 = FACE_BOUND('', #11084, .T.);
#11086 = ADVANCED_FACE('', (#11085), #8780, .T.);
#11087 = ORIENTED_EDGE('', *, *, #7413, .T.);
#11088 = ORIENTED_EDGE('', *, *, #7414, .T.);
#11089 = ORIENTED_EDGE('', *, *, #7415, .F.);
#11090 = ORIENTED_EDGE('', *, *, #7411, .F.);
#11091 = EDGE_LOOP('', (#11087, #11088, #11089, #11090));
#11092 = FACE_BOUND('', #11091, .T.);
#11093 = ADVANCED_FACE('', (#11092), #8785, .T.);
#11094 = ORIENTED_EDGE('', *, *, #7416, .T.);
#11095 = ORIENTED_EDGE('', *, *, #7417, .T.);
#11096 = ORIENTED_EDGE('', *, *, #7418, .F.);
#11097 = ORIENTED_EDGE('', *, *, #7414, .F.);
#11098 = EDGE_LOOP('', (#11094, #11095, #11096, #11097));
#11099 = FACE_BOUND('', #11098, .T.);
#11100 = ADVANCED_FACE('', (#11099), #8789, .T.);
#11101 = ORIENTED_EDGE('', *, *, #7419, .T.);
#11102 = ORIENTED_EDGE('', *, *, #7420, .T.);
#11103 = ORIENTED_EDGE('', *, *, #7421, .F.);
#11104 = ORIENTED_EDGE('', *, *, #7417, .F.);
#11105 = EDGE_LOOP('', (#11101, #11102, #11103, #11104));
#11106 = FACE_BOUND('', #11105, .T.);
#11107 = ADVANCED_FACE('', (#11106), #8794, .T.);
#11108 = ORIENTED_EDGE('', *, *, #7422, .T.);
#11109 = ORIENTED_EDGE('', *, *, #7403, .T.);
#11110 = ORIENTED_EDGE('', *, *, #7423, .F.);
#11111 = ORIENTED_EDGE('', *, *, #7420, .F.);
#11112 = EDGE_LOOP('', (#11108, #11109, #11110, #11111));
#11113 = FACE_BOUND('', #11112, .T.);
#11114 = ADVANCED_FACE('', (#11113), #8798, .T.);
#11115 = ORIENTED_EDGE('', *, *, #7422, .F.);
#11116 = ORIENTED_EDGE('', *, *, #7419, .F.);
#11117 = ORIENTED_EDGE('', *, *, #7416, .F.);
#11118 = ORIENTED_EDGE('', *, *, #7413, .F.);
#11119 = ORIENTED_EDGE('', *, *, #7410, .F.);
#11120 = ORIENTED_EDGE('', *, *, #7407, .F.);
#11121 = ORIENTED_EDGE('', *, *, #7404, .F.);
#11122 = ORIENTED_EDGE('', *, *, #7400, .F.);
#11123 = ORIENTED_EDGE('', *, *, #7425, .T.);
#11124 = ORIENTED_EDGE('', *, *, #7426, .T.);
#11125 = ORIENTED_EDGE('', *, *, #7427, .T.);
#11126 = ORIENTED_EDGE('', *, *, #7428, .T.);
#11127 = ORIENTED_EDGE('', *, *, #7429, .T.);
#11128 = ORIENTED_EDGE('', *, *, #7430, .F.);
#11129 = ORIENTED_EDGE('', *, *, #7431, .T.);
#11130 = ORIENTED_EDGE('', *, *, #7424, .F.);
#11131 = ORIENTED_EDGE('', *, *, #7449, .T.);
#11132 = ORIENTED_EDGE('', *, *, #7450, .T.);
#11133 = ORIENTED_EDGE('', *, *, #7451, .T.);
#11134 = ORIENTED_EDGE('', *, *, #7452, .T.);
#11135 = ORIENTED_EDGE('', *, *, #7453, .T.);
#11136 = ORIENTED_EDGE('', *, *, #7454, .F.);
#11137 = ORIENTED_EDGE('', *, *, #7455, .T.);
#11138 = ORIENTED_EDGE('', *, *, #7448, .F.);
#11139 = ORIENTED_EDGE('', *, *, #7473, .T.);
#11140 = ORIENTED_EDGE('', *, *, #7474, .T.);
#11141 = ORIENTED_EDGE('', *, *, #7475, .T.);
#11142 = ORIENTED_EDGE('', *, *, #7476, .T.);
#11143 = ORIENTED_EDGE('', *, *, #7477, .T.);
#11144 = ORIENTED_EDGE('', *, *, #7478, .F.);
#11145 = ORIENTED_EDGE('', *, *, #7479, .T.);
#11146 = ORIENTED_EDGE('', *, *, #7472, .F.);
#11147 = ORIENTED_EDGE('', *, *, #7497, .T.);
#11148 = ORIENTED_EDGE('', *, *, #7498, .T.);
#11149 = ORIENTED_EDGE('', *, *, #7499, .T.);
#11150 = ORIENTED_EDGE('', *, *, #7500, .T.);
#11151 = ORIENTED_EDGE('', *, *, #7501, .T.);
#11152 = ORIENTED_EDGE('', *, *, #7502, .F.);
#11153 = ORIENTED_EDGE('', *, *, #7503, .T.);
#11154 = ORIENTED_EDGE('', *, *, #7496, .F.);
#11155 = ORIENTED_EDGE('', *, *, #7521, .T.);
#11156 = ORIENTED_EDGE('', *, *, #7522, .T.);
#11157 = ORIENTED_EDGE('', *, *, #7523, .T.);
#11158 = ORIENTED_EDGE('', *, *, #7524, .T.);
#11159 = ORIENTED_EDGE('', *, *, #7525, .T.);
#11160 = ORIENTED_EDGE('', *, *, #7526, .F.);
#11161 = ORIENTED_EDGE('', *, *, #7527, .T.);
#11162 = ORIENTED_EDGE('', *, *, #7520, .F.);
#11163 = EDGE_LOOP('', (#11115, #11116, #11117, #11118, #11119, #11120, #11121, #11122));
#11164 = FACE_BOUND('', #11163, .T.);
#11165 = EDGE_LOOP('', (#11123, #11124, #11125, #11126, #11127, #11128, #11129, #11130));
#11166 = FACE_BOUND('', #11165, .T.);
#11167 = EDGE_LOOP('', (#11131, #11132, #11133, #11134, #11135, #11136, #11137, #11138));
#11168 = FACE_BOUND('', #11167, .T.);
#11169 = EDGE_LOOP('', (#11139, #11140, #11141, #11142, #11143, #11144, #11145, #11146));
#11170 = FACE_BOUND('', #11169, .T.);
#11171 = EDGE_LOOP('', (#11147, #11148, #11149, #11150, #11151, #11152, #11153, #11154));
#11172 = FACE_BOUND('', #11171, .T.);
#11173 = EDGE_LOOP('', (#11155, #11156, #11157, #11158, #11159, #11160, #11161, #11162));
#11174 = FACE_BOUND('', #11173, .T.);
#11175 = ADVANCED_FACE('', (#11164, #11166, #11168, #11170, #11172, #11174), #8802, .F.);
#11176 = ORIENTED_EDGE('', *, *, #7402, .T.);
#11177 = ORIENTED_EDGE('', *, *, #7406, .T.);
#11178 = ORIENTED_EDGE('', *, *, #7409, .T.);
#11179 = ORIENTED_EDGE('', *, *, #7412, .T.);
#11180 = ORIENTED_EDGE('', *, *, #7415, .T.);
#11181 = ORIENTED_EDGE('', *, *, #7418, .T.);
#11182 = ORIENTED_EDGE('', *, *, #7421, .T.);
#11183 = ORIENTED_EDGE('', *, *, #7423, .T.);
#11184 = ORIENTED_EDGE('', *, *, #7432, .T.);
#11185 = ORIENTED_EDGE('', *, *, #7439, .F.);
#11186 = ORIENTED_EDGE('', *, *, #7438, .T.);
#11187 = ORIENTED_EDGE('', *, *, #7437, .F.);
#11188 = ORIENTED_EDGE('', *, *, #7436, .F.);
#11189 = ORIENTED_EDGE('', *, *, #7435, .F.);
#11190 = ORIENTED_EDGE('', *, *, #7434, .F.);
#11191 = ORIENTED_EDGE('', *, *, #7433, .F.);
#11192 = ORIENTED_EDGE('', *, *, #7456, .T.);
#11193 = ORIENTED_EDGE('', *, *, #7463, .F.);
#11194 = ORIENTED_EDGE('', *, *, #7462, .T.);
#11195 = ORIENTED_EDGE('', *, *, #7461, .F.);
#11196 = ORIENTED_EDGE('', *, *, #7460, .F.);
#11197 = ORIENTED_EDGE('', *, *, #7459, .F.);
#11198 = ORIENTED_EDGE('', *, *, #7458, .F.);
#11199 = ORIENTED_EDGE('', *, *, #7457, .F.);
#11200 = ORIENTED_EDGE('', *, *, #7480, .T.);
#11201 = ORIENTED_EDGE('', *, *, #7487, .F.);
#11202 = ORIENTED_EDGE('', *, *, #7486, .T.);
#11203 = ORIENTED_EDGE('', *, *, #7485, .F.);
#11204 = ORIENTED_EDGE('', *, *, #7484, .F.);
#11205 = ORIENTED_EDGE('', *, *, #7483, .F.);
#11206 = ORIENTED_EDGE('', *, *, #7482, .F.);
#11207 = ORIENTED_EDGE('', *, *, #7481, .F.);
#11208 = ORIENTED_EDGE('', *, *, #7504, .T.);
#11209 = ORIENTED_EDGE('', *, *, #7511, .F.);
#11210 = ORIENTED_EDGE('', *, *, #7510, .T.);
#11211 = ORIENTED_EDGE('', *, *, #7509, .F.);
#11212 = ORIENTED_EDGE('', *, *, #7508, .F.);
#11213 = ORIENTED_EDGE('', *, *, #7507, .F.);
#11214 = ORIENTED_EDGE('', *, *, #7506, .F.);
#11215 = ORIENTED_EDGE('', *, *, #7505, .F.);
#11216 = ORIENTED_EDGE('', *, *, #7528, .T.);
#11217 = ORIENTED_EDGE('', *, *, #7535, .F.);
#11218 = ORIENTED_EDGE('', *, *, #7534, .T.);
#11219 = ORIENTED_EDGE('', *, *, #7533, .F.);
#11220 = ORIENTED_EDGE('', *, *, #7532, .F.);
#11221 = ORIENTED_EDGE('', *, *, #7531, .F.);
#11222 = ORIENTED_EDGE('', *, *, #7530, .F.);
#11223 = ORIENTED_EDGE('', *, *, #7529, .F.);
#11224 = EDGE_LOOP('', (#11176, #11177, #11178, #11179, #11180, #11181, #11182, #11183));
#11225 = FACE_BOUND('', #11224, .T.);
#11226 = EDGE_LOOP('', (#11184, #11185, #11186, #11187, #11188, #11189, #11190, #11191));
#11227 = FACE_BOUND('', #11226, .T.);
#11228 = EDGE_LOOP('', (#11192, #11193, #11194, #11195, #11196, #11197, #11198, #11199));
#11229 = FACE_BOUND('', #11228, .T.);
#11230 = EDGE_LOOP('', (#11200, #11201, #11202, #11203, #11204, #11205, #11206, #11207));
#11231 = FACE_BOUND('', #11230, .T.);
#11232 = EDGE_LOOP('', (#11208, #11209, #11210, #11211, #11212, #11213, #11214, #11215));
#11233 = FACE_BOUND('', #11232, .T.);
#11234 = EDGE_LOOP('', (#11216, #11217, #11218, #11219, #11220, #11221, #11222, #11223));
#11235 = FACE_BOUND('', #11234, .T.);
#11236 = ADVANCED_FACE('', (#11225, #11227, #11229, #11231, #11233, #11235), #8806, .T.);
#11237 = ORIENTED_EDGE('', *, *, #7431, .F.);
#11238 = ORIENTED_EDGE('', *, *, #7447, .T.);
#11239 = ORIENTED_EDGE('', *, *, #7439, .T.);
#11240 = ORIENTED_EDGE('', *, *, #7441, .F.);
#11241 = EDGE_LOOP('', (#11237, #11238, #11239, #11240));
#11242 = FACE_BOUND('', #11241, .T.);
#11243 = ADVANCED_FACE('', (#11242), #8810, .F.);
#11244 = ORIENTED_EDGE('', *, *, #7430, .T.);
#11245 = ORIENTED_EDGE('', *, *, #7446, .T.);
#11246 = ORIENTED_EDGE('', *, *, #7438, .F.);
#11247 = ORIENTED_EDGE('', *, *, #7447, .F.);
#11248 = EDGE_LOOP('', (#11244, #11245, #11246, #11247));
#11249 = FACE_BOUND('', #11248, .T.);
#11250 = ADVANCED_FACE('', (#11249), #8815, .F.);
#11251 = ORIENTED_EDGE('', *, *, #7429, .F.);
#11252 = ORIENTED_EDGE('', *, *, #7445, .T.);
#11253 = ORIENTED_EDGE('', *, *, #7437, .T.);
#11254 = ORIENTED_EDGE('', *, *, #7446, .F.);
#11255 = EDGE_LOOP('', (#11251, #11252, #11253, #11254));
#11256 = FACE_BOUND('', #11255, .T.);
#11257 = ADVANCED_FACE('', (#11256), #8819, .F.);
#11258 = ORIENTED_EDGE('', *, *, #7428, .F.);
#11259 = ORIENTED_EDGE('', *, *, #7444, .T.);
#11260 = ORIENTED_EDGE('', *, *, #7436, .T.);
#11261 = ORIENTED_EDGE('', *, *, #7445, .F.);
#11262 = EDGE_LOOP('', (#11258, #11259, #11260, #11261));
#11263 = FACE_BOUND('', #11262, .T.);
#11264 = ADVANCED_FACE('', (#11263), #8824, .F.);
#11265 = ORIENTED_EDGE('', *, *, #7427, .F.);
#11266 = ORIENTED_EDGE('', *, *, #7443, .T.);
#11267 = ORIENTED_EDGE('', *, *, #7435, .T.);
#11268 = ORIENTED_EDGE('', *, *, #7444, .F.);
#11269 = EDGE_LOOP('', (#11265, #11266, #11267, #11268));
#11270 = FACE_BOUND('', #11269, .T.);
#11271 = ADVANCED_FACE('', (#11270), #8828, .F.);
#11272 = ORIENTED_EDGE('', *, *, #7426, .F.);
#11273 = ORIENTED_EDGE('', *, *, #7442, .T.);
#11274 = ORIENTED_EDGE('', *, *, #7434, .T.);
#11275 = ORIENTED_EDGE('', *, *, #7443, .F.);
#11276 = EDGE_LOOP('', (#11272, #11273, #11274, #11275));
#11277 = FACE_BOUND('', #11276, .T.);
#11278 = ADVANCED_FACE('', (#11277), #8833, .F.);
#11279 = ORIENTED_EDGE('', *, *, #7425, .F.);
#11280 = ORIENTED_EDGE('', *, *, #7440, .T.);
#11281 = ORIENTED_EDGE('', *, *, #7433, .T.);
#11282 = ORIENTED_EDGE('', *, *, #7442, .F.);
#11283 = EDGE_LOOP('', (#11279, #11280, #11281, #11282));
#11284 = FACE_BOUND('', #11283, .T.);
#11285 = ADVANCED_FACE('', (#11284), #8837, .F.);
#11286 = ORIENTED_EDGE('', *, *, #7424, .T.);
#11287 = ORIENTED_EDGE('', *, *, #7441, .T.);
#11288 = ORIENTED_EDGE('', *, *, #7432, .F.);
#11289 = ORIENTED_EDGE('', *, *, #7440, .F.);
#11290 = EDGE_LOOP('', (#11286, #11287, #11288, #11289));
#11291 = FACE_BOUND('', #11290, .T.);
#11292 = ADVANCED_FACE('', (#11291), #8842, .F.);
#11293 = ORIENTED_EDGE('', *, *, #7455, .F.);
#11294 = ORIENTED_EDGE('', *, *, #7471, .T.);
#11295 = ORIENTED_EDGE('', *, *, #7463, .T.);
#11296 = ORIENTED_EDGE('', *, *, #7465, .F.);
#11297 = EDGE_LOOP('', (#11293, #11294, #11295, #11296));
#11298 = FACE_BOUND('', #11297, .T.);
#11299 = ADVANCED_FACE('', (#11298), #8846, .F.);
#11300 = ORIENTED_EDGE('', *, *, #7454, .T.);
#11301 = ORIENTED_EDGE('', *, *, #7470, .T.);
#11302 = ORIENTED_EDGE('', *, *, #7462, .F.);
#11303 = ORIENTED_EDGE('', *, *, #7471, .F.);
#11304 = EDGE_LOOP('', (#11300, #11301, #11302, #11303));
#11305 = FACE_BOUND('', #11304, .T.);
#11306 = ADVANCED_FACE('', (#11305), #8851, .F.);
#11307 = ORIENTED_EDGE('', *, *, #7453, .F.);
#11308 = ORIENTED_EDGE('', *, *, #7469, .T.);
#11309 = ORIENTED_EDGE('', *, *, #7461, .T.);
#11310 = ORIENTED_EDGE('', *, *, #7470, .F.);
#11311 = EDGE_LOOP('', (#11307, #11308, #11309, #11310));
#11312 = FACE_BOUND('', #11311, .T.);
#11313 = ADVANCED_FACE('', (#11312), #8855, .F.);
#11314 = ORIENTED_EDGE('', *, *, #7452, .F.);
#11315 = ORIENTED_EDGE('', *, *, #7468, .T.);
#11316 = ORIENTED_EDGE('', *, *, #7460, .T.);
#11317 = ORIENTED_EDGE('', *, *, #7469, .F.);
#11318 = EDGE_LOOP('', (#11314, #11315, #11316, #11317));
#11319 = FACE_BOUND('', #11318, .T.);
#11320 = ADVANCED_FACE('', (#11319), #8860, .F.);
#11321 = ORIENTED_EDGE('', *, *, #7450, .F.);
#11322 = ORIENTED_EDGE('', *, *, #7466, .T.);
#11323 = ORIENTED_EDGE('', *, *, #7458, .T.);
#11324 = ORIENTED_EDGE('', *, *, #7467, .F.);
#11325 = EDGE_LOOP('', (#11321, #11322, #11323, #11324));
#11326 = FACE_BOUND('', #11325, .T.);
#11327 = ADVANCED_FACE('', (#11326), #8865, .F.);
#11328 = ORIENTED_EDGE('', *, *, #7449, .F.);
#11329 = ORIENTED_EDGE('', *, *, #7464, .T.);
#11330 = ORIENTED_EDGE('', *, *, #7457, .T.);
#11331 = ORIENTED_EDGE('', *, *, #7466, .F.);
#11332 = EDGE_LOOP('', (#11328, #11329, #11330, #11331));
#11333 = FACE_BOUND('', #11332, .T.);
#11334 = ADVANCED_FACE('', (#11333), #8869, .F.);
#11335 = ORIENTED_EDGE('', *, *, #7448, .T.);
#11336 = ORIENTED_EDGE('', *, *, #7465, .T.);
#11337 = ORIENTED_EDGE('', *, *, #7456, .F.);
#11338 = ORIENTED_EDGE('', *, *, #7464, .F.);
#11339 = EDGE_LOOP('', (#11335, #11336, #11337, #11338));
#11340 = FACE_BOUND('', #11339, .T.);
#11341 = ADVANCED_FACE('', (#11340), #8874, .F.);
#11342 = ORIENTED_EDGE('', *, *, #7451, .F.);
#11343 = ORIENTED_EDGE('', *, *, #7467, .T.);
#11344 = ORIENTED_EDGE('', *, *, #7459, .T.);
#11345 = ORIENTED_EDGE('', *, *, #7468, .F.);
#11346 = EDGE_LOOP('', (#11342, #11343, #11344, #11345));
#11347 = FACE_BOUND('', #11346, .T.);
#11348 = ADVANCED_FACE('', (#11347), #8878, .F.);
#11349 = ORIENTED_EDGE('', *, *, #7479, .F.);
#11350 = ORIENTED_EDGE('', *, *, #7495, .T.);
#11351 = ORIENTED_EDGE('', *, *, #7487, .T.);
#11352 = ORIENTED_EDGE('', *, *, #7489, .F.);
#11353 = EDGE_LOOP('', (#11349, #11350, #11351, #11352));
#11354 = FACE_BOUND('', #11353, .T.);
#11355 = ADVANCED_FACE('', (#11354), #8882, .F.);
#11356 = ORIENTED_EDGE('', *, *, #7478, .T.);
#11357 = ORIENTED_EDGE('', *, *, #7494, .T.);
#11358 = ORIENTED_EDGE('', *, *, #7486, .F.);
#11359 = ORIENTED_EDGE('', *, *, #7495, .F.);
#11360 = EDGE_LOOP('', (#11356, #11357, #11358, #11359));
#11361 = FACE_BOUND('', #11360, .T.);
#11362 = ADVANCED_FACE('', (#11361), #8887, .F.);
#11363 = ORIENTED_EDGE('', *, *, #7477, .F.);
#11364 = ORIENTED_EDGE('', *, *, #7493, .T.);
#11365 = ORIENTED_EDGE('', *, *, #7485, .T.);
#11366 = ORIENTED_EDGE('', *, *, #7494, .F.);
#11367 = EDGE_LOOP('', (#11363, #11364, #11365, #11366));
#11368 = FACE_BOUND('', #11367, .T.);
#11369 = ADVANCED_FACE('', (#11368), #8891, .F.);
#11370 = ORIENTED_EDGE('', *, *, #7476, .F.);
#11371 = ORIENTED_EDGE('', *, *, #7492, .T.);
#11372 = ORIENTED_EDGE('', *, *, #7484, .T.);
#11373 = ORIENTED_EDGE('', *, *, #7493, .F.);
#11374 = EDGE_LOOP('', (#11370, #11371, #11372, #11373));
#11375 = FACE_BOUND('', #11374, .T.);
#11376 = ADVANCED_FACE('', (#11375), #8896, .F.);
#11377 = ORIENTED_EDGE('', *, *, #7475, .F.);
#11378 = ORIENTED_EDGE('', *, *, #7491, .T.);
#11379 = ORIENTED_EDGE('', *, *, #7483, .T.);
#11380 = ORIENTED_EDGE('', *, *, #7492, .F.);
#11381 = EDGE_LOOP('', (#11377, #11378, #11379, #11380));
#11382 = FACE_BOUND('', #11381, .T.);
#11383 = ADVANCED_FACE('', (#11382), #8900, .F.);
#11384 = ORIENTED_EDGE('', *, *, #7474, .F.);
#11385 = ORIENTED_EDGE('', *, *, #7490, .T.);
#11386 = ORIENTED_EDGE('', *, *, #7482, .T.);
#11387 = ORIENTED_EDGE('', *, *, #7491, .F.);
#11388 = EDGE_LOOP('', (#11384, #11385, #11386, #11387));
#11389 = FACE_BOUND('', #11388, .T.);
#11390 = ADVANCED_FACE('', (#11389), #8905, .F.);
#11391 = ORIENTED_EDGE('', *, *, #7473, .F.);
#11392 = ORIENTED_EDGE('', *, *, #7488, .T.);
#11393 = ORIENTED_EDGE('', *, *, #7481, .T.);
#11394 = ORIENTED_EDGE('', *, *, #7490, .F.);
#11395 = EDGE_LOOP('', (#11391, #11392, #11393, #11394));
#11396 = FACE_BOUND('', #11395, .T.);
#11397 = ADVANCED_FACE('', (#11396), #8909, .F.);
#11398 = ORIENTED_EDGE('', *, *, #7472, .T.);
#11399 = ORIENTED_EDGE('', *, *, #7489, .T.);
#11400 = ORIENTED_EDGE('', *, *, #7480, .F.);
#11401 = ORIENTED_EDGE('', *, *, #7488, .F.);
#11402 = EDGE_LOOP('', (#11398, #11399, #11400, #11401));
#11403 = FACE_BOUND('', #11402, .T.);
#11404 = ADVANCED_FACE('', (#11403), #8914, .F.);
#11405 = ORIENTED_EDGE('', *, *, #7503, .F.);
#11406 = ORIENTED_EDGE('', *, *, #7519, .T.);
#11407 = ORIENTED_EDGE('', *, *, #7511, .T.);
#11408 = ORIENTED_EDGE('', *, *, #7513, .F.);
#11409 = EDGE_LOOP('', (#11405, #11406, #11407, #11408));
#11410 = FACE_BOUND('', #11409, .T.);
#11411 = ADVANCED_FACE('', (#11410), #8918, .F.);
#11412 = ORIENTED_EDGE('', *, *, #7502, .T.);
#11413 = ORIENTED_EDGE('', *, *, #7518, .T.);
#11414 = ORIENTED_EDGE('', *, *, #7510, .F.);
#11415 = ORIENTED_EDGE('', *, *, #7519, .F.);
#11416 = EDGE_LOOP('', (#11412, #11413, #11414, #11415));
#11417 = FACE_BOUND('', #11416, .T.);
#11418 = ADVANCED_FACE('', (#11417), #8923, .F.);
#11419 = ORIENTED_EDGE('', *, *, #7501, .F.);
#11420 = ORIENTED_EDGE('', *, *, #7517, .T.);
#11421 = ORIENTED_EDGE('', *, *, #7509, .T.);
#11422 = ORIENTED_EDGE('', *, *, #7518, .F.);
#11423 = EDGE_LOOP('', (#11419, #11420, #11421, #11422));
#11424 = FACE_BOUND('', #11423, .T.);
#11425 = ADVANCED_FACE('', (#11424), #8927, .F.);
#11426 = ORIENTED_EDGE('', *, *, #7500, .F.);
#11427 = ORIENTED_EDGE('', *, *, #7516, .T.);
#11428 = ORIENTED_EDGE('', *, *, #7508, .T.);
#11429 = ORIENTED_EDGE('', *, *, #7517, .F.);
#11430 = EDGE_LOOP('', (#11426, #11427, #11428, #11429));
#11431 = FACE_BOUND('', #11430, .T.);
#11432 = ADVANCED_FACE('', (#11431), #8932, .F.);
#11433 = ORIENTED_EDGE('', *, *, #7499, .F.);
#11434 = ORIENTED_EDGE('', *, *, #7515, .T.);
#11435 = ORIENTED_EDGE('', *, *, #7507, .T.);
#11436 = ORIENTED_EDGE('', *, *, #7516, .F.);
#11437 = EDGE_LOOP('', (#11433, #11434, #11435, #11436));
#11438 = FACE_BOUND('', #11437, .T.);
#11439 = ADVANCED_FACE('', (#11438), #8936, .F.);
#11440 = ORIENTED_EDGE('', *, *, #7498, .F.);
#11441 = ORIENTED_EDGE('', *, *, #7514, .T.);
#11442 = ORIENTED_EDGE('', *, *, #7506, .T.);
#11443 = ORIENTED_EDGE('', *, *, #7515, .F.);
#11444 = EDGE_LOOP('', (#11440, #11441, #11442, #11443));
#11445 = FACE_BOUND('', #11444, .T.);
#11446 = ADVANCED_FACE('', (#11445), #8941, .F.);
#11447 = ORIENTED_EDGE('', *, *, #7497, .F.);
#11448 = ORIENTED_EDGE('', *, *, #7512, .T.);
#11449 = ORIENTED_EDGE('', *, *, #7505, .T.);
#11450 = ORIENTED_EDGE('', *, *, #7514, .F.);
#11451 = EDGE_LOOP('', (#11447, #11448, #11449, #11450));
#11452 = FACE_BOUND('', #11451, .T.);
#11453 = ADVANCED_FACE('', (#11452), #8945, .F.);
#11454 = ORIENTED_EDGE('', *, *, #7496, .T.);
#11455 = ORIENTED_EDGE('', *, *, #7513, .T.);
#11456 = ORIENTED_EDGE('', *, *, #7504, .F.);
#11457 = ORIENTED_EDGE('', *, *, #7512, .F.);
#11458 = EDGE_LOOP('', (#11454, #11455, #11456, #11457));
#11459 = FACE_BOUND('', #11458, .T.);
#11460 = ADVANCED_FACE('', (#11459), #8950, .F.);
#11461 = ORIENTED_EDGE('', *, *, #7527, .F.);
#11462 = ORIENTED_EDGE('', *, *, #7543, .T.);
#11463 = ORIENTED_EDGE('', *, *, #7535, .T.);
#11464 = ORIENTED_EDGE('', *, *, #7537, .F.);
#11465 = EDGE_LOOP('', (#11461, #11462, #11463, #11464));
#11466 = FACE_BOUND('', #11465, .T.);
#11467 = ADVANCED_FACE('', (#11466), #8954, .F.);
#11468 = ORIENTED_EDGE('', *, *, #7526, .T.);
#11469 = ORIENTED_EDGE('', *, *, #7542, .T.);
#11470 = ORIENTED_EDGE('', *, *, #7534, .F.);
#11471 = ORIENTED_EDGE('', *, *, #7543, .F.);
#11472 = EDGE_LOOP('', (#11468, #11469, #11470, #11471));
#11473 = FACE_BOUND('', #11472, .T.);
#11474 = ADVANCED_FACE('', (#11473), #8959, .F.);
#11475 = ORIENTED_EDGE('', *, *, #7524, .F.);
#11476 = ORIENTED_EDGE('', *, *, #7540, .T.);
#11477 = ORIENTED_EDGE('', *, *, #7532, .T.);
#11478 = ORIENTED_EDGE('', *, *, #7541, .F.);
#11479 = EDGE_LOOP('', (#11475, #11476, #11477, #11478));
#11480 = FACE_BOUND('', #11479, .T.);
#11481 = ADVANCED_FACE('', (#11480), #8964, .F.);
#11482 = ORIENTED_EDGE('', *, *, #7523, .F.);
#11483 = ORIENTED_EDGE('', *, *, #7539, .T.);
#11484 = ORIENTED_EDGE('', *, *, #7531, .T.);
#11485 = ORIENTED_EDGE('', *, *, #7540, .F.);
#11486 = EDGE_LOOP('', (#11482, #11483, #11484, #11485));
#11487 = FACE_BOUND('', #11486, .T.);
#11488 = ADVANCED_FACE('', (#11487), #8968, .F.);
#11489 = ORIENTED_EDGE('', *, *, #7522, .F.);
#11490 = ORIENTED_EDGE('', *, *, #7538, .T.);
#11491 = ORIENTED_EDGE('', *, *, #7530, .T.);
#11492 = ORIENTED_EDGE('', *, *, #7539, .F.);
#11493 = EDGE_LOOP('', (#11489, #11490, #11491, #11492));
#11494 = FACE_BOUND('', #11493, .T.);
#11495 = ADVANCED_FACE('', (#11494), #8973, .F.);
#11496 = ORIENTED_EDGE('', *, *, #7521, .F.);
#11497 = ORIENTED_EDGE('', *, *, #7536, .T.);
#11498 = ORIENTED_EDGE('', *, *, #7529, .T.);
#11499 = ORIENTED_EDGE('', *, *, #7538, .F.);
#11500 = EDGE_LOOP('', (#11496, #11497, #11498, #11499));
#11501 = FACE_BOUND('', #11500, .T.);
#11502 = ADVANCED_FACE('', (#11501), #8977, .F.);
#11503 = ORIENTED_EDGE('', *, *, #7520, .T.);
#11504 = ORIENTED_EDGE('', *, *, #7537, .T.);
#11505 = ORIENTED_EDGE('', *, *, #7528, .F.);
#11506 = ORIENTED_EDGE('', *, *, #7536, .F.);
#11507 = EDGE_LOOP('', (#11503, #11504, #11505, #11506));
#11508 = FACE_BOUND('', #11507, .T.);
#11509 = ADVANCED_FACE('', (#11508), #8982, .F.);
#11510 = ORIENTED_EDGE('', *, *, #7525, .F.);
#11511 = ORIENTED_EDGE('', *, *, #7541, .T.);
#11512 = ORIENTED_EDGE('', *, *, #7533, .T.);
#11513 = ORIENTED_EDGE('', *, *, #7542, .F.);
#11514 = EDGE_LOOP('', (#11510, #11511, #11512, #11513));
#11515 = FACE_BOUND('', #11514, .T.);
#11516 = ADVANCED_FACE('', (#11515), #8986, .F.);
#11517 = ORIENTED_EDGE('', *, *, #7544, .T.);
#11518 = ORIENTED_EDGE('', *, *, #7545, .T.);
#11519 = ORIENTED_EDGE('', *, *, #7546, .F.);
#11520 = ORIENTED_EDGE('', *, *, #7547, .F.);
#11521 = EDGE_LOOP('', (#11517, #11518, #11519, #11520));
#11522 = FACE_BOUND('', #11521, .T.);
#11523 = ADVANCED_FACE('', (#11522), #8991, .T.);
#11524 = ORIENTED_EDGE('', *, *, #7548, .T.);
#11525 = ORIENTED_EDGE('', *, *, #7549, .T.);
#11526 = ORIENTED_EDGE('', *, *, #7550, .F.);
#11527 = ORIENTED_EDGE('', *, *, #7545, .F.);
#11528 = EDGE_LOOP('', (#11524, #11525, #11526, #11527));
#11529 = FACE_BOUND('', #11528, .T.);
#11530 = ADVANCED_FACE('', (#11529), #8995, .T.);
#11531 = ORIENTED_EDGE('', *, *, #7551, .T.);
#11532 = ORIENTED_EDGE('', *, *, #7552, .T.);
#11533 = ORIENTED_EDGE('', *, *, #7553, .F.);
#11534 = ORIENTED_EDGE('', *, *, #7549, .F.);
#11535 = EDGE_LOOP('', (#11531, #11532, #11533, #11534));
#11536 = FACE_BOUND('', #11535, .T.);
#11537 = ADVANCED_FACE('', (#11536), #9000, .T.);
#11538 = ORIENTED_EDGE('', *, *, #7554, .T.);
#11539 = ORIENTED_EDGE('', *, *, #7555, .T.);
#11540 = ORIENTED_EDGE('', *, *, #7556, .F.);
#11541 = ORIENTED_EDGE('', *, *, #7552, .F.);
#11542 = EDGE_LOOP('', (#11538, #11539, #11540, #11541));
#11543 = FACE_BOUND('', #11542, .T.);
#11544 = ADVANCED_FACE('', (#11543), #9004, .T.);
#11545 = ORIENTED_EDGE('', *, *, #7557, .T.);
#11546 = ORIENTED_EDGE('', *, *, #7558, .T.);
#11547 = ORIENTED_EDGE('', *, *, #7559, .F.);
#11548 = ORIENTED_EDGE('', *, *, #7555, .F.);
#11549 = EDGE_LOOP('', (#11545, #11546, #11547, #11548));
#11550 = FACE_BOUND('', #11549, .T.);
#11551 = ADVANCED_FACE('', (#11550), #9009, .T.);
#11552 = ORIENTED_EDGE('', *, *, #7560, .T.);
#11553 = ORIENTED_EDGE('', *, *, #7561, .T.);
#11554 = ORIENTED_EDGE('', *, *, #7562, .F.);
#11555 = ORIENTED_EDGE('', *, *, #7558, .F.);
#11556 = EDGE_LOOP('', (#11552, #11553, #11554, #11555));
#11557 = FACE_BOUND('', #11556, .T.);
#11558 = ADVANCED_FACE('', (#11557), #9013, .T.);
#11559 = ORIENTED_EDGE('', *, *, #7563, .T.);
#11560 = ORIENTED_EDGE('', *, *, #7564, .T.);
#11561 = ORIENTED_EDGE('', *, *, #7565, .F.);
#11562 = ORIENTED_EDGE('', *, *, #7561, .F.);
#11563 = EDGE_LOOP('', (#11559, #11560, #11561, #11562));
#11564 = FACE_BOUND('', #11563, .T.);
#11565 = ADVANCED_FACE('', (#11564), #9018, .T.);
#11566 = ORIENTED_EDGE('', *, *, #7566, .T.);
#11567 = ORIENTED_EDGE('', *, *, #7547, .T.);
#11568 = ORIENTED_EDGE('', *, *, #7567, .F.);
#11569 = ORIENTED_EDGE('', *, *, #7564, .F.);
#11570 = EDGE_LOOP('', (#11566, #11567, #11568, #11569));
#11571 = FACE_BOUND('', #11570, .T.);
#11572 = ADVANCED_FACE('', (#11571), #9022, .T.);
#11573 = ORIENTED_EDGE('', *, *, #7566, .F.);
#11574 = ORIENTED_EDGE('', *, *, #7563, .F.);
#11575 = ORIENTED_EDGE('', *, *, #7560, .F.);
#11576 = ORIENTED_EDGE('', *, *, #7557, .F.);
#11577 = ORIENTED_EDGE('', *, *, #7554, .F.);
#11578 = ORIENTED_EDGE('', *, *, #7551, .F.);
#11579 = ORIENTED_EDGE('', *, *, #7548, .F.);
#11580 = ORIENTED_EDGE('', *, *, #7544, .F.);
#11581 = ORIENTED_EDGE('', *, *, #7597, .T.);
#11582 = ORIENTED_EDGE('', *, *, #7596, .F.);
#11583 = ORIENTED_EDGE('', *, *, #7593, .F.);
#11584 = ORIENTED_EDGE('', *, *, #7592, .T.);
#11585 = EDGE_LOOP('', (#11573, #11574, #11575, #11576, #11577, #11578, #11579, #11580));
#11586 = FACE_BOUND('', #11585, .T.);
#11587 = EDGE_LOOP('', (#11581, #11582, #11583, #11584));
#11588 = FACE_BOUND('', #11587, .T.);
#11589 = ADVANCED_FACE('', (#11586, #11588), #9026, .F.);
#11590 = ORIENTED_EDGE('', *, *, #7546, .T.);
#11591 = ORIENTED_EDGE('', *, *, #7550, .T.);
#11592 = ORIENTED_EDGE('', *, *, #7553, .T.);
#11593 = ORIENTED_EDGE('', *, *, #7556, .T.);
#11594 = ORIENTED_EDGE('', *, *, #7559, .T.);
#11595 = ORIENTED_EDGE('', *, *, #7562, .T.);
#11596 = ORIENTED_EDGE('', *, *, #7565, .T.);
#11597 = ORIENTED_EDGE('', *, *, #7567, .T.);
#11598 = ORIENTED_EDGE('', *, *, #7584, .T.);
#11599 = ORIENTED_EDGE('', *, *, #7591, .F.);
#11600 = ORIENTED_EDGE('', *, *, #7590, .T.);
#11601 = ORIENTED_EDGE('', *, *, #7589, .F.);
#11602 = ORIENTED_EDGE('', *, *, #7588, .F.);
#11603 = ORIENTED_EDGE('', *, *, #7587, .F.);
#11604 = ORIENTED_EDGE('', *, *, #7586, .F.);
#11605 = ORIENTED_EDGE('', *, *, #7585, .F.);
#11606 = EDGE_LOOP('', (#11590, #11591, #11592, #11593, #11594, #11595, #11596, #11597));
#11607 = FACE_BOUND('', #11606, .T.);
#11608 = EDGE_LOOP('', (#11598, #11599, #11600, #11601, #11602, #11603, #11604, #11605));
#11609 = FACE_BOUND('', #11608, .T.);
#11610 = ADVANCED_FACE('', (#11607, #11609), #9030, .T.);
#11611 = ORIENTED_EDGE('', *, *, #7570, .T.);
#11612 = ORIENTED_EDGE('', *, *, #7584, .F.);
#11613 = ORIENTED_EDGE('', *, *, #7569, .F.);
#11614 = ORIENTED_EDGE('', *, *, #7568, .F.);
#11615 = EDGE_LOOP('', (#11611, #11612, #11613, #11614));
#11616 = FACE_BOUND('', #11615, .T.);
#11617 = ADVANCED_FACE('', (#11616), #9035, .F.);
#11618 = ORIENTED_EDGE('', *, *, #7569, .T.);
#11619 = ORIENTED_EDGE('', *, *, #7585, .T.);
#11620 = ORIENTED_EDGE('', *, *, #7572, .F.);
#11621 = ORIENTED_EDGE('', *, *, #7571, .F.);
#11622 = EDGE_LOOP('', (#11618, #11619, #11620, #11621));
#11623 = FACE_BOUND('', #11622, .T.);
#11624 = ADVANCED_FACE('', (#11623), #9039, .F.);
#11625 = ORIENTED_EDGE('', *, *, #7572, .T.);
#11626 = ORIENTED_EDGE('', *, *, #7586, .T.);
#11627 = ORIENTED_EDGE('', *, *, #7574, .F.);
#11628 = ORIENTED_EDGE('', *, *, #7573, .F.);
#11629 = EDGE_LOOP('', (#11625, #11626, #11627, #11628));
#11630 = FACE_BOUND('', #11629, .T.);
#11631 = ADVANCED_FACE('', (#11630), #9044, .F.);
#11632 = ORIENTED_EDGE('', *, *, #7574, .T.);
#11633 = ORIENTED_EDGE('', *, *, #7587, .T.);
#11634 = ORIENTED_EDGE('', *, *, #7576, .F.);
#11635 = ORIENTED_EDGE('', *, *, #7575, .F.);
#11636 = EDGE_LOOP('', (#11632, #11633, #11634, #11635));
#11637 = FACE_BOUND('', #11636, .T.);
#11638 = ADVANCED_FACE('', (#11637), #9048, .F.);
#11639 = ORIENTED_EDGE('', *, *, #7576, .T.);
#11640 = ORIENTED_EDGE('', *, *, #7588, .T.);
#11641 = ORIENTED_EDGE('', *, *, #7578, .F.);
#11642 = ORIENTED_EDGE('', *, *, #7577, .F.);
#11643 = EDGE_LOOP('', (#11639, #11640, #11641, #11642));
#11644 = FACE_BOUND('', #11643, .T.);
#11645 = ADVANCED_FACE('', (#11644), #9053, .F.);
#11646 = ORIENTED_EDGE('', *, *, #7578, .T.);
#11647 = ORIENTED_EDGE('', *, *, #7589, .T.);
#11648 = ORIENTED_EDGE('', *, *, #7580, .F.);
#11649 = ORIENTED_EDGE('', *, *, #7579, .F.);
#11650 = EDGE_LOOP('', (#11646, #11647, #11648, #11649));
#11651 = FACE_BOUND('', #11650, .T.);
#11652 = ADVANCED_FACE('', (#11651), #9057, .F.);
#11653 = ORIENTED_EDGE('', *, *, #7580, .T.);
#11654 = ORIENTED_EDGE('', *, *, #7590, .F.);
#11655 = ORIENTED_EDGE('', *, *, #7582, .F.);
#11656 = ORIENTED_EDGE('', *, *, #7581, .F.);
#11657 = EDGE_LOOP('', (#11653, #11654, #11655, #11656));
#11658 = FACE_BOUND('', #11657, .T.);
#11659 = ADVANCED_FACE('', (#11658), #9062, .F.);
#11660 = ORIENTED_EDGE('', *, *, #7582, .T.);
#11661 = ORIENTED_EDGE('', *, *, #7591, .T.);
#11662 = ORIENTED_EDGE('', *, *, #7570, .F.);
#11663 = ORIENTED_EDGE('', *, *, #7583, .F.);
#11664 = EDGE_LOOP('', (#11660, #11661, #11662, #11663));
#11665 = FACE_BOUND('', #11664, .T.);
#11666 = ADVANCED_FACE('', (#11665), #9066, .F.);
#11667 = ORIENTED_EDGE('', *, *, #7568, .T.);
#11668 = ORIENTED_EDGE('', *, *, #7571, .T.);
#11669 = ORIENTED_EDGE('', *, *, #7573, .T.);
#11670 = ORIENTED_EDGE('', *, *, #7575, .T.);
#11671 = ORIENTED_EDGE('', *, *, #7577, .T.);
#11672 = ORIENTED_EDGE('', *, *, #7579, .T.);
#11673 = ORIENTED_EDGE('', *, *, #7581, .T.);
#11674 = ORIENTED_EDGE('', *, *, #7583, .T.);
#11675 = ORIENTED_EDGE('', *, *, #7594, .F.);
#11676 = ORIENTED_EDGE('', *, *, #7595, .T.);
#11677 = ORIENTED_EDGE('', *, *, #7598, .T.);
#11678 = ORIENTED_EDGE('', *, *, #7599, .F.);
#11679 = EDGE_LOOP('', (#11667, #11668, #11669, #11670, #11671, #11672, #11673, #11674));
#11680 = FACE_BOUND('', #11679, .T.);
#11681 = EDGE_LOOP('', (#11675, #11676, #11677, #11678));
#11682 = FACE_BOUND('', #11681, .T.);
#11683 = ADVANCED_FACE('', (#11680, #11682), #9070, .T.);
#11684 = ORIENTED_EDGE('', *, *, #7597, .F.);
#11685 = ORIENTED_EDGE('', *, *, #7592, .F.);
#11686 = ORIENTED_EDGE('', *, *, #7601, .T.);
#11687 = ORIENTED_EDGE('', *, *, #7594, .T.);
#11688 = ORIENTED_EDGE('', *, *, #7599, .T.);
#11689 = ORIENTED_EDGE('', *, *, #7600, .F.);
#11690 = EDGE_LOOP('', (#11684, #11685, #11686, #11687, #11688, #11689));
#11691 = FACE_BOUND('', #11690, .T.);
#11692 = ADVANCED_FACE('', (#11691), #9075, .F.);
#11693 = ORIENTED_EDGE('', *, *, #7598, .F.);
#11694 = ORIENTED_EDGE('', *, *, #7595, .F.);
#11695 = ORIENTED_EDGE('', *, *, #7601, .F.);
#11696 = ORIENTED_EDGE('', *, *, #7593, .T.);
#11697 = ORIENTED_EDGE('', *, *, #7596, .T.);
#11698 = ORIENTED_EDGE('', *, *, #7600, .T.);
#11699 = EDGE_LOOP('', (#11693, #11694, #11695, #11696, #11697, #11698));
#11700 = FACE_BOUND('', #11699, .T.);
#11701 = ADVANCED_FACE('', (#11700), #9075, .F.);
#11702 = ORIENTED_EDGE('', *, *, #7602, .T.);
#11703 = ORIENTED_EDGE('', *, *, #7603, .T.);
#11704 = ORIENTED_EDGE('', *, *, #7604, .F.);
#11705 = ORIENTED_EDGE('', *, *, #7605, .F.);
#11706 = EDGE_LOOP('', (#11702, #11703, #11704, #11705));
#11707 = FACE_BOUND('', #11706, .T.);
#11708 = ADVANCED_FACE('', (#11707), #9080, .T.);
#11709 = ORIENTED_EDGE('', *, *, #7606, .T.);
#11710 = ORIENTED_EDGE('', *, *, #7607, .T.);
#11711 = ORIENTED_EDGE('', *, *, #7608, .F.);
#11712 = ORIENTED_EDGE('', *, *, #7603, .F.);
#11713 = EDGE_LOOP('', (#11709, #11710, #11711, #11712));
#11714 = FACE_BOUND('', #11713, .T.);
#11715 = ADVANCED_FACE('', (#11714), #9084, .T.);
#11716 = ORIENTED_EDGE('', *, *, #7609, .T.);
#11717 = ORIENTED_EDGE('', *, *, #7610, .T.);
#11718 = ORIENTED_EDGE('', *, *, #7611, .F.);
#11719 = ORIENTED_EDGE('', *, *, #7607, .F.);
#11720 = EDGE_LOOP('', (#11716, #11717, #11718, #11719));
#11721 = FACE_BOUND('', #11720, .T.);
#11722 = ADVANCED_FACE('', (#11721), #9089, .T.);
#11723 = ORIENTED_EDGE('', *, *, #7612, .T.);
#11724 = ORIENTED_EDGE('', *, *, #7613, .T.);
#11725 = ORIENTED_EDGE('', *, *, #7614, .F.);
#11726 = ORIENTED_EDGE('', *, *, #7610, .F.);
#11727 = EDGE_LOOP('', (#11723, #11724, #11725, #11726));
#11728 = FACE_BOUND('', #11727, .T.);
#11729 = ADVANCED_FACE('', (#11728), #9093, .T.);
#11730 = ORIENTED_EDGE('', *, *, #7615, .T.);
#11731 = ORIENTED_EDGE('', *, *, #7616, .T.);
#11732 = ORIENTED_EDGE('', *, *, #7617, .F.);
#11733 = ORIENTED_EDGE('', *, *, #7613, .F.);
#11734 = EDGE_LOOP('', (#11730, #11731, #11732, #11733));
#11735 = FACE_BOUND('', #11734, .T.);
#11736 = ADVANCED_FACE('', (#11735), #9098, .T.);
#11737 = ORIENTED_EDGE('', *, *, #7618, .T.);
#11738 = ORIENTED_EDGE('', *, *, #7619, .T.);
#11739 = ORIENTED_EDGE('', *, *, #7620, .F.);
#11740 = ORIENTED_EDGE('', *, *, #7616, .F.);
#11741 = EDGE_LOOP('', (#11737, #11738, #11739, #11740));
#11742 = FACE_BOUND('', #11741, .T.);
#11743 = ADVANCED_FACE('', (#11742), #9102, .T.);
#11744 = ORIENTED_EDGE('', *, *, #7621, .T.);
#11745 = ORIENTED_EDGE('', *, *, #7622, .T.);
#11746 = ORIENTED_EDGE('', *, *, #7623, .F.);
#11747 = ORIENTED_EDGE('', *, *, #7619, .F.);
#11748 = EDGE_LOOP('', (#11744, #11745, #11746, #11747));
#11749 = FACE_BOUND('', #11748, .T.);
#11750 = ADVANCED_FACE('', (#11749), #9107, .T.);
#11751 = ORIENTED_EDGE('', *, *, #7624, .T.);
#11752 = ORIENTED_EDGE('', *, *, #7605, .T.);
#11753 = ORIENTED_EDGE('', *, *, #7625, .F.);
#11754 = ORIENTED_EDGE('', *, *, #7622, .F.);
#11755 = EDGE_LOOP('', (#11751, #11752, #11753, #11754));
#11756 = FACE_BOUND('', #11755, .T.);
#11757 = ADVANCED_FACE('', (#11756), #9111, .T.);
#11758 = ORIENTED_EDGE('', *, *, #7624, .F.);
#11759 = ORIENTED_EDGE('', *, *, #7621, .F.);
#11760 = ORIENTED_EDGE('', *, *, #7618, .F.);
#11761 = ORIENTED_EDGE('', *, *, #7615, .F.);
#11762 = ORIENTED_EDGE('', *, *, #7612, .F.);
#11763 = ORIENTED_EDGE('', *, *, #7609, .F.);
#11764 = ORIENTED_EDGE('', *, *, #7606, .F.);
#11765 = ORIENTED_EDGE('', *, *, #7602, .F.);
#11766 = ORIENTED_EDGE('', *, *, #7827, .T.);
#11767 = ORIENTED_EDGE('', *, *, #7828, .T.);
#11768 = ORIENTED_EDGE('', *, *, #7829, .T.);
#11769 = ORIENTED_EDGE('', *, *, #7830, .T.);
#11770 = ORIENTED_EDGE('', *, *, #7831, .T.);
#11771 = ORIENTED_EDGE('', *, *, #7832, .F.);
#11772 = ORIENTED_EDGE('', *, *, #7833, .T.);
#11773 = ORIENTED_EDGE('', *, *, #7826, .F.);
#11774 = EDGE_LOOP('', (#11758, #11759, #11760, #11761, #11762, #11763, #11764, #11765));
#11775 = FACE_BOUND('', #11774, .T.);
#11776 = EDGE_LOOP('', (#11766, #11767, #11768, #11769, #11770, #11771, #11772, #11773));
#11777 = FACE_BOUND('', #11776, .T.);
#11778 = ADVANCED_FACE('', (#11775, #11777), #9115, .F.);
#11779 = ORIENTED_EDGE('', *, *, #7604, .T.);
#11780 = ORIENTED_EDGE('', *, *, #7608, .T.);
#11781 = ORIENTED_EDGE('', *, *, #7611, .T.);
#11782 = ORIENTED_EDGE('', *, *, #7614, .T.);
#11783 = ORIENTED_EDGE('', *, *, #7617, .T.);
#11784 = ORIENTED_EDGE('', *, *, #7620, .T.);
#11785 = ORIENTED_EDGE('', *, *, #7623, .T.);
#11786 = ORIENTED_EDGE('', *, *, #7625, .T.);
#11787 = ORIENTED_EDGE('', *, *, #7642, .T.);
#11788 = ORIENTED_EDGE('', *, *, #7649, .F.);
#11789 = ORIENTED_EDGE('', *, *, #7648, .T.);
#11790 = ORIENTED_EDGE('', *, *, #7647, .F.);
#11791 = ORIENTED_EDGE('', *, *, #7646, .F.);
#11792 = ORIENTED_EDGE('', *, *, #7645, .F.);
#11793 = ORIENTED_EDGE('', *, *, #7644, .F.);
#11794 = ORIENTED_EDGE('', *, *, #7643, .F.);
#11795 = ORIENTED_EDGE('', *, *, #7666, .T.);
#11796 = ORIENTED_EDGE('', *, *, #7673, .F.);
#11797 = ORIENTED_EDGE('', *, *, #7672, .T.);
#11798 = ORIENTED_EDGE('', *, *, #7671, .F.);
#11799 = ORIENTED_EDGE('', *, *, #7670, .F.);
#11800 = ORIENTED_EDGE('', *, *, #7669, .F.);
#11801 = ORIENTED_EDGE('', *, *, #7668, .F.);
#11802 = ORIENTED_EDGE('', *, *, #7667, .F.);
#11803 = ORIENTED_EDGE('', *, *, #7690, .T.);
#11804 = ORIENTED_EDGE('', *, *, #7697, .F.);
#11805 = ORIENTED_EDGE('', *, *, #7696, .T.);
#11806 = ORIENTED_EDGE('', *, *, #7695, .F.);
#11807 = ORIENTED_EDGE('', *, *, #7694, .F.);
#11808 = ORIENTED_EDGE('', *, *, #7693, .F.);
#11809 = ORIENTED_EDGE('', *, *, #7692, .F.);
#11810 = ORIENTED_EDGE('', *, *, #7691, .F.);
#11811 = ORIENTED_EDGE('', *, *, #7714, .T.);
#11812 = ORIENTED_EDGE('', *, *, #7721, .F.);
#11813 = ORIENTED_EDGE('', *, *, #7720, .T.);
#11814 = ORIENTED_EDGE('', *, *, #7719, .F.);
#11815 = ORIENTED_EDGE('', *, *, #7718, .F.);
#11816 = ORIENTED_EDGE('', *, *, #7717, .F.);
#11817 = ORIENTED_EDGE('', *, *, #7716, .F.);
#11818 = ORIENTED_EDGE('', *, *, #7715, .F.);
#11819 = ORIENTED_EDGE('', *, *, #7738, .T.);
#11820 = ORIENTED_EDGE('', *, *, #7745, .F.);
#11821 = ORIENTED_EDGE('', *, *, #7744, .T.);
#11822 = ORIENTED_EDGE('', *, *, #7743, .F.);
#11823 = ORIENTED_EDGE('', *, *, #7742, .F.);
#11824 = ORIENTED_EDGE('', *, *, #7741, .F.);
#11825 = ORIENTED_EDGE('', *, *, #7740, .F.);
#11826 = ORIENTED_EDGE('', *, *, #7739, .F.);
#11827 = ORIENTED_EDGE('', *, *, #7762, .T.);
#11828 = ORIENTED_EDGE('', *, *, #7769, .F.);
#11829 = ORIENTED_EDGE('', *, *, #7768, .T.);
#11830 = ORIENTED_EDGE('', *, *, #7767, .F.);
#11831 = ORIENTED_EDGE('', *, *, #7766, .F.);
#11832 = ORIENTED_EDGE('', *, *, #7765, .F.);
#11833 = ORIENTED_EDGE('', *, *, #7764, .F.);
#11834 = ORIENTED_EDGE('', *, *, #7763, .F.);
#11835 = ORIENTED_EDGE('', *, *, #7786, .T.);
#11836 = ORIENTED_EDGE('', *, *, #7793, .F.);
#11837 = ORIENTED_EDGE('', *, *, #7792, .T.);
#11838 = ORIENTED_EDGE('', *, *, #7791, .F.);
#11839 = ORIENTED_EDGE('', *, *, #7790, .F.);
#11840 = ORIENTED_EDGE('', *, *, #7789, .F.);
#11841 = ORIENTED_EDGE('', *, *, #7788, .F.);
#11842 = ORIENTED_EDGE('', *, *, #7787, .F.);
#11843 = EDGE_LOOP('', (#11779, #11780, #11781, #11782, #11783, #11784, #11785, #11786));
#11844 = FACE_BOUND('', #11843, .T.);
#11845 = EDGE_LOOP('', (#11787, #11788, #11789, #11790, #11791, #11792, #11793, #11794));
#11846 = FACE_BOUND('', #11845, .T.);
#11847 = EDGE_LOOP('', (#11795, #11796, #11797, #11798, #11799, #11800, #11801, #11802));
#11848 = FACE_BOUND('', #11847, .T.);
#11849 = EDGE_LOOP('', (#11803, #11804, #11805, #11806, #11807, #11808, #11809, #11810));
#11850 = FACE_BOUND('', #11849, .T.);
#11851 = EDGE_LOOP('', (#11811, #11812, #11813, #11814, #11815, #11816, #11817, #11818));
#11852 = FACE_BOUND('', #11851, .T.);
#11853 = EDGE_LOOP('', (#11819, #11820, #11821, #11822, #11823, #11824, #11825, #11826));
#11854 = FACE_BOUND('', #11853, .T.);
#11855 = EDGE_LOOP('', (#11827, #11828, #11829, #11830, #11831, #11832, #11833, #11834));
#11856 = FACE_BOUND('', #11855, .T.);
#11857 = EDGE_LOOP('', (#11835, #11836, #11837, #11838, #11839, #11840, #11841, #11842));
#11858 = FACE_BOUND('', #11857, .T.);
#11859 = ADVANCED_FACE('', (#11844, #11846, #11848, #11850, #11852, #11854, #11856, #11858), #9119, .T.);
#11860 = ORIENTED_EDGE('', *, *, #7628, .T.);
#11861 = ORIENTED_EDGE('', *, *, #7642, .F.);
#11862 = ORIENTED_EDGE('', *, *, #7627, .F.);
#11863 = ORIENTED_EDGE('', *, *, #7626, .F.);
#11864 = EDGE_LOOP('', (#11860, #11861, #11862, #11863));
#11865 = FACE_BOUND('', #11864, .T.);
#11866 = ADVANCED_FACE('', (#11865), #9124, .F.);
#11867 = ORIENTED_EDGE('', *, *, #7627, .T.);
#11868 = ORIENTED_EDGE('', *, *, #7643, .T.);
#11869 = ORIENTED_EDGE('', *, *, #7630, .F.);
#11870 = ORIENTED_EDGE('', *, *, #7629, .F.);
#11871 = EDGE_LOOP('', (#11867, #11868, #11869, #11870));
#11872 = FACE_BOUND('', #11871, .T.);
#11873 = ADVANCED_FACE('', (#11872), #9128, .F.);
#11874 = ORIENTED_EDGE('', *, *, #7630, .T.);
#11875 = ORIENTED_EDGE('', *, *, #7644, .T.);
#11876 = ORIENTED_EDGE('', *, *, #7632, .F.);
#11877 = ORIENTED_EDGE('', *, *, #7631, .F.);
#11878 = EDGE_LOOP('', (#11874, #11875, #11876, #11877));
#11879 = FACE_BOUND('', #11878, .T.);
#11880 = ADVANCED_FACE('', (#11879), #9133, .F.);
#11881 = ORIENTED_EDGE('', *, *, #7632, .T.);
#11882 = ORIENTED_EDGE('', *, *, #7645, .T.);
#11883 = ORIENTED_EDGE('', *, *, #7634, .F.);
#11884 = ORIENTED_EDGE('', *, *, #7633, .F.);
#11885 = EDGE_LOOP('', (#11881, #11882, #11883, #11884));
#11886 = FACE_BOUND('', #11885, .T.);
#11887 = ADVANCED_FACE('', (#11886), #9137, .F.);
#11888 = ORIENTED_EDGE('', *, *, #7634, .T.);
#11889 = ORIENTED_EDGE('', *, *, #7646, .T.);
#11890 = ORIENTED_EDGE('', *, *, #7636, .F.);
#11891 = ORIENTED_EDGE('', *, *, #7635, .F.);
#11892 = EDGE_LOOP('', (#11888, #11889, #11890, #11891));
#11893 = FACE_BOUND('', #11892, .T.);
#11894 = ADVANCED_FACE('', (#11893), #9142, .F.);
#11895 = ORIENTED_EDGE('', *, *, #7636, .T.);
#11896 = ORIENTED_EDGE('', *, *, #7647, .T.);
#11897 = ORIENTED_EDGE('', *, *, #7638, .F.);
#11898 = ORIENTED_EDGE('', *, *, #7637, .F.);
#11899 = EDGE_LOOP('', (#11895, #11896, #11897, #11898));
#11900 = FACE_BOUND('', #11899, .T.);
#11901 = ADVANCED_FACE('', (#11900), #9146, .F.);
#11902 = ORIENTED_EDGE('', *, *, #7638, .T.);
#11903 = ORIENTED_EDGE('', *, *, #7648, .F.);
#11904 = ORIENTED_EDGE('', *, *, #7640, .F.);
#11905 = ORIENTED_EDGE('', *, *, #7639, .F.);
#11906 = EDGE_LOOP('', (#11902, #11903, #11904, #11905));
#11907 = FACE_BOUND('', #11906, .T.);
#11908 = ADVANCED_FACE('', (#11907), #9151, .F.);
#11909 = ORIENTED_EDGE('', *, *, #7640, .T.);
#11910 = ORIENTED_EDGE('', *, *, #7649, .T.);
#11911 = ORIENTED_EDGE('', *, *, #7628, .F.);
#11912 = ORIENTED_EDGE('', *, *, #7641, .F.);
#11913 = EDGE_LOOP('', (#11909, #11910, #11911, #11912));
#11914 = FACE_BOUND('', #11913, .T.);
#11915 = ADVANCED_FACE('', (#11914), #9155, .F.);
#11916 = ORIENTED_EDGE('', *, *, #7626, .T.);
#11917 = ORIENTED_EDGE('', *, *, #7629, .T.);
#11918 = ORIENTED_EDGE('', *, *, #7631, .T.);
#11919 = ORIENTED_EDGE('', *, *, #7633, .T.);
#11920 = ORIENTED_EDGE('', *, *, #7635, .T.);
#11921 = ORIENTED_EDGE('', *, *, #7637, .T.);
#11922 = ORIENTED_EDGE('', *, *, #7639, .T.);
#11923 = ORIENTED_EDGE('', *, *, #7641, .T.);
#11924 = EDGE_LOOP('', (#11916, #11917, #11918, #11919, #11920, #11921, #11922, #11923));
#11925 = FACE_BOUND('', #11924, .T.);
#11926 = ADVANCED_FACE('', (#11925), #9159, .T.);
#11927 = ORIENTED_EDGE('', *, *, #7652, .T.);
#11928 = ORIENTED_EDGE('', *, *, #7666, .F.);
#11929 = ORIENTED_EDGE('', *, *, #7651, .F.);
#11930 = ORIENTED_EDGE('', *, *, #7650, .F.);
#11931 = EDGE_LOOP('', (#11927, #11928, #11929, #11930));
#11932 = FACE_BOUND('', #11931, .T.);
#11933 = ADVANCED_FACE('', (#11932), #9164, .F.);
#11934 = ORIENTED_EDGE('', *, *, #7651, .T.);
#11935 = ORIENTED_EDGE('', *, *, #7667, .T.);
#11936 = ORIENTED_EDGE('', *, *, #7654, .F.);
#11937 = ORIENTED_EDGE('', *, *, #7653, .F.);
#11938 = EDGE_LOOP('', (#11934, #11935, #11936, #11937));
#11939 = FACE_BOUND('', #11938, .T.);
#11940 = ADVANCED_FACE('', (#11939), #9168, .F.);
#11941 = ORIENTED_EDGE('', *, *, #7654, .T.);
#11942 = ORIENTED_EDGE('', *, *, #7668, .T.);
#11943 = ORIENTED_EDGE('', *, *, #7656, .F.);
#11944 = ORIENTED_EDGE('', *, *, #7655, .F.);
#11945 = EDGE_LOOP('', (#11941, #11942, #11943, #11944));
#11946 = FACE_BOUND('', #11945, .T.);
#11947 = ADVANCED_FACE('', (#11946), #9173, .F.);
#11948 = ORIENTED_EDGE('', *, *, #7656, .T.);
#11949 = ORIENTED_EDGE('', *, *, #7669, .T.);
#11950 = ORIENTED_EDGE('', *, *, #7658, .F.);
#11951 = ORIENTED_EDGE('', *, *, #7657, .F.);
#11952 = EDGE_LOOP('', (#11948, #11949, #11950, #11951));
#11953 = FACE_BOUND('', #11952, .T.);
#11954 = ADVANCED_FACE('', (#11953), #9177, .F.);
#11955 = ORIENTED_EDGE('', *, *, #7658, .T.);
#11956 = ORIENTED_EDGE('', *, *, #7670, .T.);
#11957 = ORIENTED_EDGE('', *, *, #7660, .F.);
#11958 = ORIENTED_EDGE('', *, *, #7659, .F.);
#11959 = EDGE_LOOP('', (#11955, #11956, #11957, #11958));
#11960 = FACE_BOUND('', #11959, .T.);
#11961 = ADVANCED_FACE('', (#11960), #9182, .F.);
#11962 = ORIENTED_EDGE('', *, *, #7660, .T.);
#11963 = ORIENTED_EDGE('', *, *, #7671, .T.);
#11964 = ORIENTED_EDGE('', *, *, #7662, .F.);
#11965 = ORIENTED_EDGE('', *, *, #7661, .F.);
#11966 = EDGE_LOOP('', (#11962, #11963, #11964, #11965));
#11967 = FACE_BOUND('', #11966, .T.);
#11968 = ADVANCED_FACE('', (#11967), #9186, .F.);
#11969 = ORIENTED_EDGE('', *, *, #7662, .T.);
#11970 = ORIENTED_EDGE('', *, *, #7672, .F.);
#11971 = ORIENTED_EDGE('', *, *, #7664, .F.);
#11972 = ORIENTED_EDGE('', *, *, #7663, .F.);
#11973 = EDGE_LOOP('', (#11969, #11970, #11971, #11972));
#11974 = FACE_BOUND('', #11973, .T.);
#11975 = ADVANCED_FACE('', (#11974), #9191, .F.);
#11976 = ORIENTED_EDGE('', *, *, #7664, .T.);
#11977 = ORIENTED_EDGE('', *, *, #7673, .T.);
#11978 = ORIENTED_EDGE('', *, *, #7652, .F.);
#11979 = ORIENTED_EDGE('', *, *, #7665, .F.);
#11980 = EDGE_LOOP('', (#11976, #11977, #11978, #11979));
#11981 = FACE_BOUND('', #11980, .T.);
#11982 = ADVANCED_FACE('', (#11981), #9195, .F.);
#11983 = ORIENTED_EDGE('', *, *, #7650, .T.);
#11984 = ORIENTED_EDGE('', *, *, #7653, .T.);
#11985 = ORIENTED_EDGE('', *, *, #7655, .T.);
#11986 = ORIENTED_EDGE('', *, *, #7657, .T.);
#11987 = ORIENTED_EDGE('', *, *, #7659, .T.);
#11988 = ORIENTED_EDGE('', *, *, #7661, .T.);
#11989 = ORIENTED_EDGE('', *, *, #7663, .T.);
#11990 = ORIENTED_EDGE('', *, *, #7665, .T.);
#11991 = EDGE_LOOP('', (#11983, #11984, #11985, #11986, #11987, #11988, #11989, #11990));
#11992 = FACE_BOUND('', #11991, .T.);
#11993 = ADVANCED_FACE('', (#11992), #9199, .T.);
#11994 = ORIENTED_EDGE('', *, *, #7676, .T.);
#11995 = ORIENTED_EDGE('', *, *, #7690, .F.);
#11996 = ORIENTED_EDGE('', *, *, #7675, .F.);
#11997 = ORIENTED_EDGE('', *, *, #7674, .F.);
#11998 = EDGE_LOOP('', (#11994, #11995, #11996, #11997));
#11999 = FACE_BOUND('', #11998, .T.);
#12000 = ADVANCED_FACE('', (#11999), #9204, .F.);
#12001 = ORIENTED_EDGE('', *, *, #7675, .T.);
#12002 = ORIENTED_EDGE('', *, *, #7691, .T.);
#12003 = ORIENTED_EDGE('', *, *, #7678, .F.);
#12004 = ORIENTED_EDGE('', *, *, #7677, .F.);
#12005 = EDGE_LOOP('', (#12001, #12002, #12003, #12004));
#12006 = FACE_BOUND('', #12005, .T.);
#12007 = ADVANCED_FACE('', (#12006), #9208, .F.);
#12008 = ORIENTED_EDGE('', *, *, #7678, .T.);
#12009 = ORIENTED_EDGE('', *, *, #7692, .T.);
#12010 = ORIENTED_EDGE('', *, *, #7680, .F.);
#12011 = ORIENTED_EDGE('', *, *, #7679, .F.);
#12012 = EDGE_LOOP('', (#12008, #12009, #12010, #12011));
#12013 = FACE_BOUND('', #12012, .T.);
#12014 = ADVANCED_FACE('', (#12013), #9213, .F.);
#12015 = ORIENTED_EDGE('', *, *, #7680, .T.);
#12016 = ORIENTED_EDGE('', *, *, #7693, .T.);
#12017 = ORIENTED_EDGE('', *, *, #7682, .F.);
#12018 = ORIENTED_EDGE('', *, *, #7681, .F.);
#12019 = EDGE_LOOP('', (#12015, #12016, #12017, #12018));
#12020 = FACE_BOUND('', #12019, .T.);
#12021 = ADVANCED_FACE('', (#12020), #9217, .F.);
#12022 = ORIENTED_EDGE('', *, *, #7682, .T.);
#12023 = ORIENTED_EDGE('', *, *, #7694, .T.);
#12024 = ORIENTED_EDGE('', *, *, #7684, .F.);
#12025 = ORIENTED_EDGE('', *, *, #7683, .F.);
#12026 = EDGE_LOOP('', (#12022, #12023, #12024, #12025));
#12027 = FACE_BOUND('', #12026, .T.);
#12028 = ADVANCED_FACE('', (#12027), #9222, .F.);
#12029 = ORIENTED_EDGE('', *, *, #7684, .T.);
#12030 = ORIENTED_EDGE('', *, *, #7695, .T.);
#12031 = ORIENTED_EDGE('', *, *, #7686, .F.);
#12032 = ORIENTED_EDGE('', *, *, #7685, .F.);
#12033 = EDGE_LOOP('', (#12029, #12030, #12031, #12032));
#12034 = FACE_BOUND('', #12033, .T.);
#12035 = ADVANCED_FACE('', (#12034), #9226, .F.);
#12036 = ORIENTED_EDGE('', *, *, #7686, .T.);
#12037 = ORIENTED_EDGE('', *, *, #7696, .F.);
#12038 = ORIENTED_EDGE('', *, *, #7688, .F.);
#12039 = ORIENTED_EDGE('', *, *, #7687, .F.);
#12040 = EDGE_LOOP('', (#12036, #12037, #12038, #12039));
#12041 = FACE_BOUND('', #12040, .T.);
#12042 = ADVANCED_FACE('', (#12041), #9231, .F.);
#12043 = ORIENTED_EDGE('', *, *, #7688, .T.);
#12044 = ORIENTED_EDGE('', *, *, #7697, .T.);
#12045 = ORIENTED_EDGE('', *, *, #7676, .F.);
#12046 = ORIENTED_EDGE('', *, *, #7689, .F.);
#12047 = EDGE_LOOP('', (#12043, #12044, #12045, #12046));
#12048 = FACE_BOUND('', #12047, .T.);
#12049 = ADVANCED_FACE('', (#12048), #9235, .F.);
#12050 = ORIENTED_EDGE('', *, *, #7674, .T.);
#12051 = ORIENTED_EDGE('', *, *, #7677, .T.);
#12052 = ORIENTED_EDGE('', *, *, #7679, .T.);
#12053 = ORIENTED_EDGE('', *, *, #7681, .T.);
#12054 = ORIENTED_EDGE('', *, *, #7683, .T.);
#12055 = ORIENTED_EDGE('', *, *, #7685, .T.);
#12056 = ORIENTED_EDGE('', *, *, #7687, .T.);
#12057 = ORIENTED_EDGE('', *, *, #7689, .T.);
#12058 = EDGE_LOOP('', (#12050, #12051, #12052, #12053, #12054, #12055, #12056, #12057));
#12059 = FACE_BOUND('', #12058, .T.);
#12060 = ADVANCED_FACE('', (#12059), #9239, .T.);
#12061 = ORIENTED_EDGE('', *, *, #7700, .T.);
#12062 = ORIENTED_EDGE('', *, *, #7714, .F.);
#12063 = ORIENTED_EDGE('', *, *, #7699, .F.);
#12064 = ORIENTED_EDGE('', *, *, #7698, .F.);
#12065 = EDGE_LOOP('', (#12061, #12062, #12063, #12064));
#12066 = FACE_BOUND('', #12065, .T.);
#12067 = ADVANCED_FACE('', (#12066), #9244, .F.);
#12068 = ORIENTED_EDGE('', *, *, #7699, .T.);
#12069 = ORIENTED_EDGE('', *, *, #7715, .T.);
#12070 = ORIENTED_EDGE('', *, *, #7702, .F.);
#12071 = ORIENTED_EDGE('', *, *, #7701, .F.);
#12072 = EDGE_LOOP('', (#12068, #12069, #12070, #12071));
#12073 = FACE_BOUND('', #12072, .T.);
#12074 = ADVANCED_FACE('', (#12073), #9248, .F.);
#12075 = ORIENTED_EDGE('', *, *, #7702, .T.);
#12076 = ORIENTED_EDGE('', *, *, #7716, .T.);
#12077 = ORIENTED_EDGE('', *, *, #7704, .F.);
#12078 = ORIENTED_EDGE('', *, *, #7703, .F.);
#12079 = EDGE_LOOP('', (#12075, #12076, #12077, #12078));
#12080 = FACE_BOUND('', #12079, .T.);
#12081 = ADVANCED_FACE('', (#12080), #9253, .F.);
#12082 = ORIENTED_EDGE('', *, *, #7704, .T.);
#12083 = ORIENTED_EDGE('', *, *, #7717, .T.);
#12084 = ORIENTED_EDGE('', *, *, #7706, .F.);
#12085 = ORIENTED_EDGE('', *, *, #7705, .F.);
#12086 = EDGE_LOOP('', (#12082, #12083, #12084, #12085));
#12087 = FACE_BOUND('', #12086, .T.);
#12088 = ADVANCED_FACE('', (#12087), #9257, .F.);
#12089 = ORIENTED_EDGE('', *, *, #7706, .T.);
#12090 = ORIENTED_EDGE('', *, *, #7718, .T.);
#12091 = ORIENTED_EDGE('', *, *, #7708, .F.);
#12092 = ORIENTED_EDGE('', *, *, #7707, .F.);
#12093 = EDGE_LOOP('', (#12089, #12090, #12091, #12092));
#12094 = FACE_BOUND('', #12093, .T.);
#12095 = ADVANCED_FACE('', (#12094), #9262, .F.);
#12096 = ORIENTED_EDGE('', *, *, #7708, .T.);
#12097 = ORIENTED_EDGE('', *, *, #7719, .T.);
#12098 = ORIENTED_EDGE('', *, *, #7710, .F.);
#12099 = ORIENTED_EDGE('', *, *, #7709, .F.);
#12100 = EDGE_LOOP('', (#12096, #12097, #12098, #12099));
#12101 = FACE_BOUND('', #12100, .T.);
#12102 = ADVANCED_FACE('', (#12101), #9266, .F.);
#12103 = ORIENTED_EDGE('', *, *, #7710, .T.);
#12104 = ORIENTED_EDGE('', *, *, #7720, .F.);
#12105 = ORIENTED_EDGE('', *, *, #7712, .F.);
#12106 = ORIENTED_EDGE('', *, *, #7711, .F.);
#12107 = EDGE_LOOP('', (#12103, #12104, #12105, #12106));
#12108 = FACE_BOUND('', #12107, .T.);
#12109 = ADVANCED_FACE('', (#12108), #9271, .F.);
#12110 = ORIENTED_EDGE('', *, *, #7712, .T.);
#12111 = ORIENTED_EDGE('', *, *, #7721, .T.);
#12112 = ORIENTED_EDGE('', *, *, #7700, .F.);
#12113 = ORIENTED_EDGE('', *, *, #7713, .F.);
#12114 = EDGE_LOOP('', (#12110, #12111, #12112, #12113));
#12115 = FACE_BOUND('', #12114, .T.);
#12116 = ADVANCED_FACE('', (#12115), #9275, .F.);
#12117 = ORIENTED_EDGE('', *, *, #7698, .T.);
#12118 = ORIENTED_EDGE('', *, *, #7701, .T.);
#12119 = ORIENTED_EDGE('', *, *, #7703, .T.);
#12120 = ORIENTED_EDGE('', *, *, #7705, .T.);
#12121 = ORIENTED_EDGE('', *, *, #7707, .T.);
#12122 = ORIENTED_EDGE('', *, *, #7709, .T.);
#12123 = ORIENTED_EDGE('', *, *, #7711, .T.);
#12124 = ORIENTED_EDGE('', *, *, #7713, .T.);
#12125 = EDGE_LOOP('', (#12117, #12118, #12119, #12120, #12121, #12122, #12123, #12124));
#12126 = FACE_BOUND('', #12125, .T.);
#12127 = ADVANCED_FACE('', (#12126), #9279, .T.);
#12128 = ORIENTED_EDGE('', *, *, #7724, .T.);
#12129 = ORIENTED_EDGE('', *, *, #7738, .F.);
#12130 = ORIENTED_EDGE('', *, *, #7723, .F.);
#12131 = ORIENTED_EDGE('', *, *, #7722, .F.);
#12132 = EDGE_LOOP('', (#12128, #12129, #12130, #12131));
#12133 = FACE_BOUND('', #12132, .T.);
#12134 = ADVANCED_FACE('', (#12133), #9284, .F.);
#12135 = ORIENTED_EDGE('', *, *, #7723, .T.);
#12136 = ORIENTED_EDGE('', *, *, #7739, .T.);
#12137 = ORIENTED_EDGE('', *, *, #7726, .F.);
#12138 = ORIENTED_EDGE('', *, *, #7725, .F.);
#12139 = EDGE_LOOP('', (#12135, #12136, #12137, #12138));
#12140 = FACE_BOUND('', #12139, .T.);
#12141 = ADVANCED_FACE('', (#12140), #9288, .F.);
#12142 = ORIENTED_EDGE('', *, *, #7726, .T.);
#12143 = ORIENTED_EDGE('', *, *, #7740, .T.);
#12144 = ORIENTED_EDGE('', *, *, #7728, .F.);
#12145 = ORIENTED_EDGE('', *, *, #7727, .F.);
#12146 = EDGE_LOOP('', (#12142, #12143, #12144, #12145));
#12147 = FACE_BOUND('', #12146, .T.);
#12148 = ADVANCED_FACE('', (#12147), #9293, .F.);
#12149 = ORIENTED_EDGE('', *, *, #7728, .T.);
#12150 = ORIENTED_EDGE('', *, *, #7741, .T.);
#12151 = ORIENTED_EDGE('', *, *, #7730, .F.);
#12152 = ORIENTED_EDGE('', *, *, #7729, .F.);
#12153 = EDGE_LOOP('', (#12149, #12150, #12151, #12152));
#12154 = FACE_BOUND('', #12153, .T.);
#12155 = ADVANCED_FACE('', (#12154), #9297, .F.);
#12156 = ORIENTED_EDGE('', *, *, #7730, .T.);
#12157 = ORIENTED_EDGE('', *, *, #7742, .T.);
#12158 = ORIENTED_EDGE('', *, *, #7732, .F.);
#12159 = ORIENTED_EDGE('', *, *, #7731, .F.);
#12160 = EDGE_LOOP('', (#12156, #12157, #12158, #12159));
#12161 = FACE_BOUND('', #12160, .T.);
#12162 = ADVANCED_FACE('', (#12161), #9302, .F.);
#12163 = ORIENTED_EDGE('', *, *, #7732, .T.);
#12164 = ORIENTED_EDGE('', *, *, #7743, .T.);
#12165 = ORIENTED_EDGE('', *, *, #7734, .F.);
#12166 = ORIENTED_EDGE('', *, *, #7733, .F.);
#12167 = EDGE_LOOP('', (#12163, #12164, #12165, #12166));
#12168 = FACE_BOUND('', #12167, .T.);
#12169 = ADVANCED_FACE('', (#12168), #9306, .F.);
#12170 = ORIENTED_EDGE('', *, *, #7734, .T.);
#12171 = ORIENTED_EDGE('', *, *, #7744, .F.);
#12172 = ORIENTED_EDGE('', *, *, #7736, .F.);
#12173 = ORIENTED_EDGE('', *, *, #7735, .F.);
#12174 = EDGE_LOOP('', (#12170, #12171, #12172, #12173));
#12175 = FACE_BOUND('', #12174, .T.);
#12176 = ADVANCED_FACE('', (#12175), #9311, .F.);
#12177 = ORIENTED_EDGE('', *, *, #7736, .T.);
#12178 = ORIENTED_EDGE('', *, *, #7745, .T.);
#12179 = ORIENTED_EDGE('', *, *, #7724, .F.);
#12180 = ORIENTED_EDGE('', *, *, #7737, .F.);
#12181 = EDGE_LOOP('', (#12177, #12178, #12179, #12180));
#12182 = FACE_BOUND('', #12181, .T.);
#12183 = ADVANCED_FACE('', (#12182), #9315, .F.);
#12184 = ORIENTED_EDGE('', *, *, #7722, .T.);
#12185 = ORIENTED_EDGE('', *, *, #7725, .T.);
#12186 = ORIENTED_EDGE('', *, *, #7727, .T.);
#12187 = ORIENTED_EDGE('', *, *, #7729, .T.);
#12188 = ORIENTED_EDGE('', *, *, #7731, .T.);
#12189 = ORIENTED_EDGE('', *, *, #7733, .T.);
#12190 = ORIENTED_EDGE('', *, *, #7735, .T.);
#12191 = ORIENTED_EDGE('', *, *, #7737, .T.);
#12192 = EDGE_LOOP('', (#12184, #12185, #12186, #12187, #12188, #12189, #12190, #12191));
#12193 = FACE_BOUND('', #12192, .T.);
#12194 = ADVANCED_FACE('', (#12193), #9319, .T.);
#12195 = ORIENTED_EDGE('', *, *, #7748, .T.);
#12196 = ORIENTED_EDGE('', *, *, #7762, .F.);
#12197 = ORIENTED_EDGE('', *, *, #7747, .F.);
#12198 = ORIENTED_EDGE('', *, *, #7746, .F.);
#12199 = EDGE_LOOP('', (#12195, #12196, #12197, #12198));
#12200 = FACE_BOUND('', #12199, .T.);
#12201 = ADVANCED_FACE('', (#12200), #9324, .F.);
#12202 = ORIENTED_EDGE('', *, *, #7747, .T.);
#12203 = ORIENTED_EDGE('', *, *, #7763, .T.);
#12204 = ORIENTED_EDGE('', *, *, #7750, .F.);
#12205 = ORIENTED_EDGE('', *, *, #7749, .F.);
#12206 = EDGE_LOOP('', (#12202, #12203, #12204, #12205));
#12207 = FACE_BOUND('', #12206, .T.);
#12208 = ADVANCED_FACE('', (#12207), #9328, .F.);
#12209 = ORIENTED_EDGE('', *, *, #7750, .T.);
#12210 = ORIENTED_EDGE('', *, *, #7764, .T.);
#12211 = ORIENTED_EDGE('', *, *, #7752, .F.);
#12212 = ORIENTED_EDGE('', *, *, #7751, .F.);
#12213 = EDGE_LOOP('', (#12209, #12210, #12211, #12212));
#12214 = FACE_BOUND('', #12213, .T.);
#12215 = ADVANCED_FACE('', (#12214), #9333, .F.);
#12216 = ORIENTED_EDGE('', *, *, #7752, .T.);
#12217 = ORIENTED_EDGE('', *, *, #7765, .T.);
#12218 = ORIENTED_EDGE('', *, *, #7754, .F.);
#12219 = ORIENTED_EDGE('', *, *, #7753, .F.);
#12220 = EDGE_LOOP('', (#12216, #12217, #12218, #12219));
#12221 = FACE_BOUND('', #12220, .T.);
#12222 = ADVANCED_FACE('', (#12221), #9337, .F.);
#12223 = ORIENTED_EDGE('', *, *, #7754, .T.);
#12224 = ORIENTED_EDGE('', *, *, #7766, .T.);
#12225 = ORIENTED_EDGE('', *, *, #7756, .F.);
#12226 = ORIENTED_EDGE('', *, *, #7755, .F.);
#12227 = EDGE_LOOP('', (#12223, #12224, #12225, #12226));
#12228 = FACE_BOUND('', #12227, .T.);
#12229 = ADVANCED_FACE('', (#12228), #9342, .F.);
#12230 = ORIENTED_EDGE('', *, *, #7756, .T.);
#12231 = ORIENTED_EDGE('', *, *, #7767, .T.);
#12232 = ORIENTED_EDGE('', *, *, #7758, .F.);
#12233 = ORIENTED_EDGE('', *, *, #7757, .F.);
#12234 = EDGE_LOOP('', (#12230, #12231, #12232, #12233));
#12235 = FACE_BOUND('', #12234, .T.);
#12236 = ADVANCED_FACE('', (#12235), #9346, .F.);
#12237 = ORIENTED_EDGE('', *, *, #7758, .T.);
#12238 = ORIENTED_EDGE('', *, *, #7768, .F.);
#12239 = ORIENTED_EDGE('', *, *, #7760, .F.);
#12240 = ORIENTED_EDGE('', *, *, #7759, .F.);
#12241 = EDGE_LOOP('', (#12237, #12238, #12239, #12240));
#12242 = FACE_BOUND('', #12241, .T.);
#12243 = ADVANCED_FACE('', (#12242), #9351, .F.);
#12244 = ORIENTED_EDGE('', *, *, #7760, .T.);
#12245 = ORIENTED_EDGE('', *, *, #7769, .T.);
#12246 = ORIENTED_EDGE('', *, *, #7748, .F.);
#12247 = ORIENTED_EDGE('', *, *, #7761, .F.);
#12248 = EDGE_LOOP('', (#12244, #12245, #12246, #12247));
#12249 = FACE_BOUND('', #12248, .T.);
#12250 = ADVANCED_FACE('', (#12249), #9355, .F.);
#12251 = ORIENTED_EDGE('', *, *, #7746, .T.);
#12252 = ORIENTED_EDGE('', *, *, #7749, .T.);
#12253 = ORIENTED_EDGE('', *, *, #7751, .T.);
#12254 = ORIENTED_EDGE('', *, *, #7753, .T.);
#12255 = ORIENTED_EDGE('', *, *, #7755, .T.);
#12256 = ORIENTED_EDGE('', *, *, #7757, .T.);
#12257 = ORIENTED_EDGE('', *, *, #7759, .T.);
#12258 = ORIENTED_EDGE('', *, *, #7761, .T.);
#12259 = EDGE_LOOP('', (#12251, #12252, #12253, #12254, #12255, #12256, #12257, #12258));
#12260 = FACE_BOUND('', #12259, .T.);
#12261 = ADVANCED_FACE('', (#12260), #9359, .T.);
#12262 = ORIENTED_EDGE('', *, *, #7772, .T.);
#12263 = ORIENTED_EDGE('', *, *, #7786, .F.);
#12264 = ORIENTED_EDGE('', *, *, #7771, .F.);
#12265 = ORIENTED_EDGE('', *, *, #7770, .F.);
#12266 = EDGE_LOOP('', (#12262, #12263, #12264, #12265));
#12267 = FACE_BOUND('', #12266, .T.);
#12268 = ADVANCED_FACE('', (#12267), #9364, .F.);
#12269 = ORIENTED_EDGE('', *, *, #7771, .T.);
#12270 = ORIENTED_EDGE('', *, *, #7787, .T.);
#12271 = ORIENTED_EDGE('', *, *, #7774, .F.);
#12272 = ORIENTED_EDGE('', *, *, #7773, .F.);
#12273 = EDGE_LOOP('', (#12269, #12270, #12271, #12272));
#12274 = FACE_BOUND('', #12273, .T.);
#12275 = ADVANCED_FACE('', (#12274), #9368, .F.);
#12276 = ORIENTED_EDGE('', *, *, #7774, .T.);
#12277 = ORIENTED_EDGE('', *, *, #7788, .T.);
#12278 = ORIENTED_EDGE('', *, *, #7776, .F.);
#12279 = ORIENTED_EDGE('', *, *, #7775, .F.);
#12280 = EDGE_LOOP('', (#12276, #12277, #12278, #12279));
#12281 = FACE_BOUND('', #12280, .T.);
#12282 = ADVANCED_FACE('', (#12281), #9373, .F.);
#12283 = ORIENTED_EDGE('', *, *, #7776, .T.);
#12284 = ORIENTED_EDGE('', *, *, #7789, .T.);
#12285 = ORIENTED_EDGE('', *, *, #7778, .F.);
#12286 = ORIENTED_EDGE('', *, *, #7777, .F.);
#12287 = EDGE_LOOP('', (#12283, #12284, #12285, #12286));
#12288 = FACE_BOUND('', #12287, .T.);
#12289 = ADVANCED_FACE('', (#12288), #9377, .F.);
#12290 = ORIENTED_EDGE('', *, *, #7778, .T.);
#12291 = ORIENTED_EDGE('', *, *, #7790, .T.);
#12292 = ORIENTED_EDGE('', *, *, #7780, .F.);
#12293 = ORIENTED_EDGE('', *, *, #7779, .F.);
#12294 = EDGE_LOOP('', (#12290, #12291, #12292, #12293));
#12295 = FACE_BOUND('', #12294, .T.);
#12296 = ADVANCED_FACE('', (#12295), #9382, .F.);
#12297 = ORIENTED_EDGE('', *, *, #7780, .T.);
#12298 = ORIENTED_EDGE('', *, *, #7791, .T.);
#12299 = ORIENTED_EDGE('', *, *, #7782, .F.);
#12300 = ORIENTED_EDGE('', *, *, #7781, .F.);
#12301 = EDGE_LOOP('', (#12297, #12298, #12299, #12300));
#12302 = FACE_BOUND('', #12301, .T.);
#12303 = ADVANCED_FACE('', (#12302), #9386, .F.);
#12304 = ORIENTED_EDGE('', *, *, #7782, .T.);
#12305 = ORIENTED_EDGE('', *, *, #7792, .F.);
#12306 = ORIENTED_EDGE('', *, *, #7784, .F.);
#12307 = ORIENTED_EDGE('', *, *, #7783, .F.);
#12308 = EDGE_LOOP('', (#12304, #12305, #12306, #12307));
#12309 = FACE_BOUND('', #12308, .T.);
#12310 = ADVANCED_FACE('', (#12309), #9391, .F.);
#12311 = ORIENTED_EDGE('', *, *, #7784, .T.);
#12312 = ORIENTED_EDGE('', *, *, #7793, .T.);
#12313 = ORIENTED_EDGE('', *, *, #7772, .F.);
#12314 = ORIENTED_EDGE('', *, *, #7785, .F.);
#12315 = EDGE_LOOP('', (#12311, #12312, #12313, #12314));
#12316 = FACE_BOUND('', #12315, .T.);
#12317 = ADVANCED_FACE('', (#12316), #9395, .F.);
#12318 = ORIENTED_EDGE('', *, *, #7770, .T.);
#12319 = ORIENTED_EDGE('', *, *, #7773, .T.);
#12320 = ORIENTED_EDGE('', *, *, #7775, .T.);
#12321 = ORIENTED_EDGE('', *, *, #7777, .T.);
#12322 = ORIENTED_EDGE('', *, *, #7779, .T.);
#12323 = ORIENTED_EDGE('', *, *, #7781, .T.);
#12324 = ORIENTED_EDGE('', *, *, #7783, .T.);
#12325 = ORIENTED_EDGE('', *, *, #7785, .T.);
#12326 = EDGE_LOOP('', (#12318, #12319, #12320, #12321, #12322, #12323, #12324, #12325));
#12327 = FACE_BOUND('', #12326, .T.);
#12328 = ADVANCED_FACE('', (#12327), #9399, .T.);
#12329 = ORIENTED_EDGE('', *, *, #7794, .T.);
#12330 = ORIENTED_EDGE('', *, *, #7795, .T.);
#12331 = ORIENTED_EDGE('', *, *, #7826, .T.);
#12332 = ORIENTED_EDGE('', *, *, #7796, .F.);
#12333 = EDGE_LOOP('', (#12329, #12330, #12331, #12332));
#12334 = FACE_BOUND('', #12333, .T.);
#12335 = ADVANCED_FACE('', (#12334), #9404, .T.);
#12336 = ORIENTED_EDGE('', *, *, #7797, .T.);
#12337 = ORIENTED_EDGE('', *, *, #7798, .T.);
#12338 = ORIENTED_EDGE('', *, *, #7827, .F.);
#12339 = ORIENTED_EDGE('', *, *, #7795, .F.);
#12340 = EDGE_LOOP('', (#12336, #12337, #12338, #12339));
#12341 = FACE_BOUND('', #12340, .T.);
#12342 = ADVANCED_FACE('', (#12341), #9408, .T.);
#12343 = ORIENTED_EDGE('', *, *, #7799, .T.);
#12344 = ORIENTED_EDGE('', *, *, #7800, .T.);
#12345 = ORIENTED_EDGE('', *, *, #7828, .F.);
#12346 = ORIENTED_EDGE('', *, *, #7798, .F.);
#12347 = EDGE_LOOP('', (#12343, #12344, #12345, #12346));
#12348 = FACE_BOUND('', #12347, .T.);
#12349 = ADVANCED_FACE('', (#12348), #9413, .T.);
#12350 = ORIENTED_EDGE('', *, *, #7801, .T.);
#12351 = ORIENTED_EDGE('', *, *, #7802, .T.);
#12352 = ORIENTED_EDGE('', *, *, #7829, .F.);
#12353 = ORIENTED_EDGE('', *, *, #7800, .F.);
#12354 = EDGE_LOOP('', (#12350, #12351, #12352, #12353));
#12355 = FACE_BOUND('', #12354, .T.);
#12356 = ADVANCED_FACE('', (#12355), #9417, .T.);
#12357 = ORIENTED_EDGE('', *, *, #7803, .T.);
#12358 = ORIENTED_EDGE('', *, *, #7804, .T.);
#12359 = ORIENTED_EDGE('', *, *, #7830, .F.);
#12360 = ORIENTED_EDGE('', *, *, #7802, .F.);
#12361 = EDGE_LOOP('', (#12357, #12358, #12359, #12360));
#12362 = FACE_BOUND('', #12361, .T.);
#12363 = ADVANCED_FACE('', (#12362), #9422, .T.);
#12364 = ORIENTED_EDGE('', *, *, #7805, .T.);
#12365 = ORIENTED_EDGE('', *, *, #7806, .T.);
#12366 = ORIENTED_EDGE('', *, *, #7831, .F.);
#12367 = ORIENTED_EDGE('', *, *, #7804, .F.);
#12368 = EDGE_LOOP('', (#12364, #12365, #12366, #12367));
#12369 = FACE_BOUND('', #12368, .T.);
#12370 = ADVANCED_FACE('', (#12369), #9426, .T.);
#12371 = ORIENTED_EDGE('', *, *, #7807, .T.);
#12372 = ORIENTED_EDGE('', *, *, #7808, .T.);
#12373 = ORIENTED_EDGE('', *, *, #7832, .T.);
#12374 = ORIENTED_EDGE('', *, *, #7806, .F.);
#12375 = EDGE_LOOP('', (#12371, #12372, #12373, #12374));
#12376 = FACE_BOUND('', #12375, .T.);
#12377 = ADVANCED_FACE('', (#12376), #9431, .T.);
#12378 = ORIENTED_EDGE('', *, *, #7809, .T.);
#12379 = ORIENTED_EDGE('', *, *, #7796, .T.);
#12380 = ORIENTED_EDGE('', *, *, #7833, .F.);
#12381 = ORIENTED_EDGE('', *, *, #7808, .F.);
#12382 = EDGE_LOOP('', (#12378, #12379, #12380, #12381));
#12383 = FACE_BOUND('', #12382, .T.);
#12384 = ADVANCED_FACE('', (#12383), #9435, .T.);
#12385 = ORIENTED_EDGE('', *, *, #7809, .F.);
#12386 = ORIENTED_EDGE('', *, *, #7807, .F.);
#12387 = ORIENTED_EDGE('', *, *, #7805, .F.);
#12388 = ORIENTED_EDGE('', *, *, #7803, .F.);
#12389 = ORIENTED_EDGE('', *, *, #7801, .F.);
#12390 = ORIENTED_EDGE('', *, *, #7799, .F.);
#12391 = ORIENTED_EDGE('', *, *, #7797, .F.);
#12392 = ORIENTED_EDGE('', *, *, #7794, .F.);
#12393 = ORIENTED_EDGE('', *, *, #7811, .T.);
#12394 = ORIENTED_EDGE('', *, *, #7812, .T.);
#12395 = ORIENTED_EDGE('', *, *, #7813, .T.);
#12396 = ORIENTED_EDGE('', *, *, #7814, .T.);
#12397 = ORIENTED_EDGE('', *, *, #7815, .T.);
#12398 = ORIENTED_EDGE('', *, *, #7816, .F.);
#12399 = ORIENTED_EDGE('', *, *, #7817, .T.);
#12400 = ORIENTED_EDGE('', *, *, #7810, .F.);
#12401 = EDGE_LOOP('', (#12385, #12386, #12387, #12388, #12389, #12390, #12391, #12392));
#12402 = FACE_BOUND('', #12401, .T.);
#12403 = EDGE_LOOP('', (#12393, #12394, #12395, #12396, #12397, #12398, #12399, #12400));
#12404 = FACE_BOUND('', #12403, .T.);
#12405 = ADVANCED_FACE('', (#12402, #12404), #9439, .F.);
#12406 = ORIENTED_EDGE('', *, *, #7817, .F.);
#12407 = ORIENTED_EDGE('', *, *, #7825, .T.);
#12408 = ORIENTED_EDGE('', *, *, #7834, .T.);
#12409 = ORIENTED_EDGE('', *, *, #7819, .F.);
#12410 = EDGE_LOOP('', (#12406, #12407, #12408, #12409));
#12411 = FACE_BOUND('', #12410, .T.);
#12412 = ADVANCED_FACE('', (#12411), #9443, .F.);
#12413 = ORIENTED_EDGE('', *, *, #7816, .T.);
#12414 = ORIENTED_EDGE('', *, *, #7824, .T.);
#12415 = ORIENTED_EDGE('', *, *, #7835, .F.);
#12416 = ORIENTED_EDGE('', *, *, #7825, .F.);
#12417 = EDGE_LOOP('', (#12413, #12414, #12415, #12416));
#12418 = FACE_BOUND('', #12417, .T.);
#12419 = ADVANCED_FACE('', (#12418), #9448, .F.);
#12420 = ORIENTED_EDGE('', *, *, #7815, .F.);
#12421 = ORIENTED_EDGE('', *, *, #7823, .T.);
#12422 = ORIENTED_EDGE('', *, *, #7836, .T.);
#12423 = ORIENTED_EDGE('', *, *, #7824, .F.);
#12424 = EDGE_LOOP('', (#12420, #12421, #12422, #12423));
#12425 = FACE_BOUND('', #12424, .T.);
#12426 = ADVANCED_FACE('', (#12425), #9452, .F.);
#12427 = ORIENTED_EDGE('', *, *, #7814, .F.);
#12428 = ORIENTED_EDGE('', *, *, #7822, .T.);
#12429 = ORIENTED_EDGE('', *, *, #7837, .T.);
#12430 = ORIENTED_EDGE('', *, *, #7823, .F.);
#12431 = EDGE_LOOP('', (#12427, #12428, #12429, #12430));
#12432 = FACE_BOUND('', #12431, .T.);
#12433 = ADVANCED_FACE('', (#12432), #9457, .F.);
#12434 = ORIENTED_EDGE('', *, *, #7813, .F.);
#12435 = ORIENTED_EDGE('', *, *, #7821, .T.);
#12436 = ORIENTED_EDGE('', *, *, #7838, .T.);
#12437 = ORIENTED_EDGE('', *, *, #7822, .F.);
#12438 = EDGE_LOOP('', (#12434, #12435, #12436, #12437));
#12439 = FACE_BOUND('', #12438, .T.);
#12440 = ADVANCED_FACE('', (#12439), #9461, .F.);
#12441 = ORIENTED_EDGE('', *, *, #7812, .F.);
#12442 = ORIENTED_EDGE('', *, *, #7820, .T.);
#12443 = ORIENTED_EDGE('', *, *, #7839, .T.);
#12444 = ORIENTED_EDGE('', *, *, #7821, .F.);
#12445 = EDGE_LOOP('', (#12441, #12442, #12443, #12444));
#12446 = FACE_BOUND('', #12445, .T.);
#12447 = ADVANCED_FACE('', (#12446), #9466, .F.);
#12448 = ORIENTED_EDGE('', *, *, #7811, .F.);
#12449 = ORIENTED_EDGE('', *, *, #7818, .T.);
#12450 = ORIENTED_EDGE('', *, *, #7840, .T.);
#12451 = ORIENTED_EDGE('', *, *, #7820, .F.);
#12452 = EDGE_LOOP('', (#12448, #12449, #12450, #12451));
#12453 = FACE_BOUND('', #12452, .T.);
#12454 = ADVANCED_FACE('', (#12453), #9470, .F.);
#12455 = ORIENTED_EDGE('', *, *, #7810, .T.);
#12456 = ORIENTED_EDGE('', *, *, #7819, .T.);
#12457 = ORIENTED_EDGE('', *, *, #7841, .F.);
#12458 = ORIENTED_EDGE('', *, *, #7818, .F.);
#12459 = EDGE_LOOP('', (#12455, #12456, #12457, #12458));
#12460 = FACE_BOUND('', #12459, .T.);
#12461 = ADVANCED_FACE('', (#12460), #9475, .F.);
#12462 = ORIENTED_EDGE('', *, *, #7835, .T.);
#12463 = ORIENTED_EDGE('', *, *, #7836, .F.);
#12464 = ORIENTED_EDGE('', *, *, #7837, .F.);
#12465 = ORIENTED_EDGE('', *, *, #7838, .F.);
#12466 = ORIENTED_EDGE('', *, *, #7839, .F.);
#12467 = ORIENTED_EDGE('', *, *, #7840, .F.);
#12468 = ORIENTED_EDGE('', *, *, #7841, .T.);
#12469 = ORIENTED_EDGE('', *, *, #7834, .F.);
#12470 = EDGE_LOOP('', (#12462, #12463, #12464, #12465, #12466, #12467, #12468, #12469));
#12471 = FACE_BOUND('', #12470, .T.);
#12472 = ADVANCED_FACE('', (#12471), #9115, .F.);
#12473 = ORIENTED_EDGE('', *, *, #7842, .T.);
#12474 = ORIENTED_EDGE('', *, *, #7843, .T.);
#12475 = ORIENTED_EDGE('', *, *, #7844, .F.);
#12476 = ORIENTED_EDGE('', *, *, #7845, .F.);
#12477 = EDGE_LOOP('', (#12473, #12474, #12475, #12476));
#12478 = FACE_BOUND('', #12477, .T.);
#12479 = ADVANCED_FACE('', (#12478), #9480, .T.);
#12480 = ORIENTED_EDGE('', *, *, #7846, .T.);
#12481 = ORIENTED_EDGE('', *, *, #7847, .T.);
#12482 = ORIENTED_EDGE('', *, *, #7848, .F.);
#12483 = ORIENTED_EDGE('', *, *, #7843, .F.);
#12484 = EDGE_LOOP('', (#12480, #12481, #12482, #12483));
#12485 = FACE_BOUND('', #12484, .T.);
#12486 = ADVANCED_FACE('', (#12485), #9484, .T.);
#12487 = ORIENTED_EDGE('', *, *, #7849, .T.);
#12488 = ORIENTED_EDGE('', *, *, #7850, .T.);
#12489 = ORIENTED_EDGE('', *, *, #7851, .F.);
#12490 = ORIENTED_EDGE('', *, *, #7847, .F.);
#12491 = EDGE_LOOP('', (#12487, #12488, #12489, #12490));
#12492 = FACE_BOUND('', #12491, .T.);
#12493 = ADVANCED_FACE('', (#12492), #9489, .T.);
#12494 = ORIENTED_EDGE('', *, *, #7852, .T.);
#12495 = ORIENTED_EDGE('', *, *, #7884, .F.);
#12496 = ORIENTED_EDGE('', *, *, #7854, .F.);
#12497 = ORIENTED_EDGE('', *, *, #7850, .F.);
#12498 = EDGE_LOOP('', (#12494, #12495, #12496, #12497));
#12499 = FACE_BOUND('', #12498, .T.);
#12500 = ADVANCED_FACE('', (#12499), #9493, .T.);
#12501 = ORIENTED_EDGE('', *, *, #7855, .T.);
#12502 = ORIENTED_EDGE('', *, *, #7856, .T.);
#12503 = ORIENTED_EDGE('', *, *, #7857, .F.);
#12504 = ORIENTED_EDGE('', *, *, #7853, .F.);
#12505 = EDGE_LOOP('', (#12501, #12502, #12503, #12504));
#12506 = FACE_BOUND('', #12505, .T.);
#12507 = ADVANCED_FACE('', (#12506), #9498, .T.);
#12508 = ORIENTED_EDGE('', *, *, #7858, .T.);
#12509 = ORIENTED_EDGE('', *, *, #7859, .T.);
#12510 = ORIENTED_EDGE('', *, *, #7860, .F.);
#12511 = ORIENTED_EDGE('', *, *, #7856, .F.);
#12512 = EDGE_LOOP('', (#12508, #12509, #12510, #12511));
#12513 = FACE_BOUND('', #12512, .T.);
#12514 = ADVANCED_FACE('', (#12513), #9502, .T.);
#12515 = ORIENTED_EDGE('', *, *, #7861, .T.);
#12516 = ORIENTED_EDGE('', *, *, #7862, .T.);
#12517 = ORIENTED_EDGE('', *, *, #7863, .F.);
#12518 = ORIENTED_EDGE('', *, *, #7859, .F.);
#12519 = EDGE_LOOP('', (#12515, #12516, #12517, #12518));
#12520 = FACE_BOUND('', #12519, .T.);
#12521 = ADVANCED_FACE('', (#12520), #9507, .T.);
#12522 = ORIENTED_EDGE('', *, *, #7864, .T.);
#12523 = ORIENTED_EDGE('', *, *, #7845, .T.);
#12524 = ORIENTED_EDGE('', *, *, #7865, .F.);
#12525 = ORIENTED_EDGE('', *, *, #7862, .F.);
#12526 = EDGE_LOOP('', (#12522, #12523, #12524, #12525));
#12527 = FACE_BOUND('', #12526, .T.);
#12528 = ADVANCED_FACE('', (#12527), #9511, .T.);
#12529 = ORIENTED_EDGE('', *, *, #7864, .F.);
#12530 = ORIENTED_EDGE('', *, *, #7861, .F.);
#12531 = ORIENTED_EDGE('', *, *, #7858, .F.);
#12532 = ORIENTED_EDGE('', *, *, #7855, .F.);
#12533 = ORIENTED_EDGE('', *, *, #7883, .F.);
#12534 = ORIENTED_EDGE('', *, *, #7870, .T.);
#12535 = ORIENTED_EDGE('', *, *, #7871, .F.);
#12536 = ORIENTED_EDGE('', *, *, #7872, .T.);
#12537 = ORIENTED_EDGE('', *, *, #7868, .F.);
#12538 = ORIENTED_EDGE('', *, *, #7869, .T.);
#12539 = ORIENTED_EDGE('', *, *, #7901, .F.);
#12540 = ORIENTED_EDGE('', *, *, #7888, .T.);
#12541 = ORIENTED_EDGE('', *, *, #7889, .F.);
#12542 = ORIENTED_EDGE('', *, *, #7890, .T.);
#12543 = ORIENTED_EDGE('', *, *, #7886, .F.);
#12544 = ORIENTED_EDGE('', *, *, #7887, .T.);
#12545 = ORIENTED_EDGE('', *, *, #7852, .F.);
#12546 = ORIENTED_EDGE('', *, *, #7849, .F.);
#12547 = ORIENTED_EDGE('', *, *, #7846, .F.);
#12548 = ORIENTED_EDGE('', *, *, #7842, .F.);
#12549 = EDGE_LOOP('', (#12529, #12530, #12531, #12532, #12533, #12534, #12535, #12536, #12537, #12538, #12539, #12540, #12541, #12542, #12543, #12544, #12545, #12546, #12547, #12548));
#12550 = FACE_BOUND('', #12549, .T.);
#12551 = ADVANCED_FACE('', (#12550), #9515, .F.);
#12552 = ORIENTED_EDGE('', *, *, #7844, .T.);
#12553 = ORIENTED_EDGE('', *, *, #7848, .T.);
#12554 = ORIENTED_EDGE('', *, *, #7851, .T.);
#12555 = ORIENTED_EDGE('', *, *, #7854, .T.);
#12556 = ORIENTED_EDGE('', *, *, #7892, .F.);
#12557 = ORIENTED_EDGE('', *, *, #7891, .T.);
#12558 = ORIENTED_EDGE('', *, *, #7895, .F.);
#12559 = ORIENTED_EDGE('', *, *, #7894, .T.);
#12560 = ORIENTED_EDGE('', *, *, #7893, .F.);
#12561 = ORIENTED_EDGE('', *, *, #7900, .T.);
#12562 = ORIENTED_EDGE('', *, *, #7874, .F.);
#12563 = ORIENTED_EDGE('', *, *, #7873, .T.);
#12564 = ORIENTED_EDGE('', *, *, #7877, .F.);
#12565 = ORIENTED_EDGE('', *, *, #7876, .T.);
#12566 = ORIENTED_EDGE('', *, *, #7875, .F.);
#12567 = ORIENTED_EDGE('', *, *, #7882, .T.);
#12568 = ORIENTED_EDGE('', *, *, #7857, .T.);
#12569 = ORIENTED_EDGE('', *, *, #7860, .T.);
#12570 = ORIENTED_EDGE('', *, *, #7863, .T.);
#12571 = ORIENTED_EDGE('', *, *, #7865, .T.);
#12572 = EDGE_LOOP('', (#12552, #12553, #12554, #12555, #12556, #12557, #12558, #12559, #12560, #12561, #12562, #12563, #12564, #12565, #12566, #12567, #12568, #12569, #12570, #12571));
#12573 = FACE_BOUND('', #12572, .T.);
#12574 = ADVANCED_FACE('', (#12573), #9519, .T.);
#12575 = ORIENTED_EDGE('', *, *, #7872, .F.);
#12576 = ORIENTED_EDGE('', *, *, #7878, .T.);
#12577 = ORIENTED_EDGE('', *, *, #7877, .T.);
#12578 = ORIENTED_EDGE('', *, *, #7880, .F.);
#12579 = EDGE_LOOP('', (#12575, #12576, #12577, #12578));
#12580 = FACE_BOUND('', #12579, .T.);
#12581 = ADVANCED_FACE('', (#12580), #9541, .F.);
#12582 = ORIENTED_EDGE('', *, *, #7868, .T.);
#12583 = ORIENTED_EDGE('', *, *, #7880, .T.);
#12584 = ORIENTED_EDGE('', *, *, #7873, .F.);
#12585 = ORIENTED_EDGE('', *, *, #7881, .F.);
#12586 = EDGE_LOOP('', (#12582, #12583, #12584, #12585));
#12587 = FACE_BOUND('', #12586, .T.);
#12588 = ADVANCED_FACE('', (#12587), #9524, .F.);
#12589 = ORIENTED_EDGE('', *, *, #7870, .F.);
#12590 = ORIENTED_EDGE('', *, *, #7867, .T.);
#12591 = ORIENTED_EDGE('', *, *, #7875, .T.);
#12592 = ORIENTED_EDGE('', *, *, #7879, .F.);
#12593 = EDGE_LOOP('', (#12589, #12590, #12591, #12592));
#12594 = FACE_BOUND('', #12593, .T.);
#12595 = ADVANCED_FACE('', (#12594), #9532, .F.);
#12596 = ORIENTED_EDGE('', *, *, #7874, .T.);
#12597 = ORIENTED_EDGE('', *, *, #7866, .T.);
#12598 = ORIENTED_EDGE('', *, *, #7869, .F.);
#12599 = ORIENTED_EDGE('', *, *, #7881, .T.);
#12600 = EDGE_LOOP('', (#12596, #12597, #12598, #12599));
#12601 = FACE_BOUND('', #12600, .T.);
#12602 = ADVANCED_FACE('', (#12601), #9528, .F.);
#12603 = ORIENTED_EDGE('', *, *, #7871, .T.);
#12604 = ORIENTED_EDGE('', *, *, #7879, .T.);
#12605 = ORIENTED_EDGE('', *, *, #7876, .F.);
#12606 = ORIENTED_EDGE('', *, *, #7878, .F.);
#12607 = EDGE_LOOP('', (#12603, #12604, #12605, #12606));
#12608 = FACE_BOUND('', #12607, .T.);
#12609 = ADVANCED_FACE('', (#12608), #9537, .F.);
#12610 = ORIENTED_EDGE('', *, *, #7883, .T.);
#12611 = ORIENTED_EDGE('', *, *, #7853, .T.);
#12612 = ORIENTED_EDGE('', *, *, #7882, .F.);
#12613 = ORIENTED_EDGE('', *, *, #7867, .F.);
#12614 = EDGE_LOOP('', (#12610, #12611, #12612, #12613));
#12615 = FACE_BOUND('', #12614, .T.);
#12616 = ADVANCED_FACE('', (#12615), #9493, .T.);
#12617 = ORIENTED_EDGE('', *, *, #7890, .F.);
#12618 = ORIENTED_EDGE('', *, *, #7896, .T.);
#12619 = ORIENTED_EDGE('', *, *, #7895, .T.);
#12620 = ORIENTED_EDGE('', *, *, #7898, .F.);
#12621 = EDGE_LOOP('', (#12617, #12618, #12619, #12620));
#12622 = FACE_BOUND('', #12621, .T.);
#12623 = ADVANCED_FACE('', (#12622), #9563, .F.);
#12624 = ORIENTED_EDGE('', *, *, #7889, .T.);
#12625 = ORIENTED_EDGE('', *, *, #7897, .T.);
#12626 = ORIENTED_EDGE('', *, *, #7894, .F.);
#12627 = ORIENTED_EDGE('', *, *, #7896, .F.);
#12628 = EDGE_LOOP('', (#12624, #12625, #12626, #12627));
#12629 = FACE_BOUND('', #12628, .T.);
#12630 = ADVANCED_FACE('', (#12629), #9559, .F.);
#12631 = ORIENTED_EDGE('', *, *, #7888, .F.);
#12632 = ORIENTED_EDGE('', *, *, #7885, .T.);
#12633 = ORIENTED_EDGE('', *, *, #7893, .T.);
#12634 = ORIENTED_EDGE('', *, *, #7897, .F.);
#12635 = EDGE_LOOP('', (#12631, #12632, #12633, #12634));
#12636 = FACE_BOUND('', #12635, .T.);
#12637 = ADVANCED_FACE('', (#12636), #9554, .F.);
#12638 = ORIENTED_EDGE('', *, *, #7892, .T.);
#12639 = ORIENTED_EDGE('', *, *, #7884, .T.);
#12640 = ORIENTED_EDGE('', *, *, #7887, .F.);
#12641 = ORIENTED_EDGE('', *, *, #7899, .T.);
#12642 = EDGE_LOOP('', (#12638, #12639, #12640, #12641));
#12643 = FACE_BOUND('', #12642, .T.);
#12644 = ADVANCED_FACE('', (#12643), #9550, .F.);
#12645 = ORIENTED_EDGE('', *, *, #7886, .T.);
#12646 = ORIENTED_EDGE('', *, *, #7898, .T.);
#12647 = ORIENTED_EDGE('', *, *, #7891, .F.);
#12648 = ORIENTED_EDGE('', *, *, #7899, .F.);
#12649 = EDGE_LOOP('', (#12645, #12646, #12647, #12648));
#12650 = FACE_BOUND('', #12649, .T.);
#12651 = ADVANCED_FACE('', (#12650), #9546, .F.);
#12652 = ORIENTED_EDGE('', *, *, #7901, .T.);
#12653 = ORIENTED_EDGE('', *, *, #7866, .F.);
#12654 = ORIENTED_EDGE('', *, *, #7900, .F.);
#12655 = ORIENTED_EDGE('', *, *, #7885, .F.);
#12656 = ORIENTED_EDGE('', *, *, #7908, .T.);
#12657 = ORIENTED_EDGE('', *, *, #7911, .F.);
#12658 = ORIENTED_EDGE('', *, *, #7909, .F.);
#12659 = ORIENTED_EDGE('', *, *, #7910, .T.);
#12660 = EDGE_LOOP('', (#12652, #12653, #12654, #12655));
#12661 = FACE_BOUND('', #12660, .T.);
#12662 = EDGE_LOOP('', (#12656, #12657, #12658, #12659));
#12663 = FACE_BOUND('', #12662, .T.);
#12664 = ADVANCED_FACE('', (#12661, #12663), #9493, .T.);
#12665 = ORIENTED_EDGE('', *, *, #7907, .T.);
#12666 = ORIENTED_EDGE('', *, *, #7904, .F.);
#12667 = ORIENTED_EDGE('', *, *, #7903, .F.);
#12668 = ORIENTED_EDGE('', *, *, #7902, .T.);
#12669 = EDGE_LOOP('', (#12665, #12666, #12667, #12668));
#12670 = FACE_BOUND('', #12669, .T.);
#12671 = ADVANCED_FACE('', (#12670), #9568, .T.);
#12672 = ORIENTED_EDGE('', *, *, #7913, .F.);
#12673 = ORIENTED_EDGE('', *, *, #7908, .F.);
#12674 = ORIENTED_EDGE('', *, *, #7905, .F.);
#12675 = ORIENTED_EDGE('', *, *, #7902, .F.);
#12676 = ORIENTED_EDGE('', *, *, #7915, .T.);
#12677 = ORIENTED_EDGE('', *, *, #7918, .T.);
#12678 = ORIENTED_EDGE('', *, *, #7919, .F.);
#12679 = ORIENTED_EDGE('', *, *, #7914, .F.);
#12680 = EDGE_LOOP('', (#12672, #12673, #12674, #12675));
#12681 = FACE_BOUND('', #12680, .T.);
#12682 = EDGE_LOOP('', (#12676, #12677, #12678, #12679));
#12683 = FACE_BOUND('', #12682, .T.);
#12684 = ADVANCED_FACE('', (#12681, #12683), #9572, .F.);
#12685 = ORIENTED_EDGE('', *, *, #7904, .T.);
#12686 = ORIENTED_EDGE('', *, *, #7906, .T.);
#12687 = ORIENTED_EDGE('', *, *, #7909, .T.);
#12688 = ORIENTED_EDGE('', *, *, #7912, .T.);
#12689 = ORIENTED_EDGE('', *, *, #7916, .T.);
#12690 = ORIENTED_EDGE('', *, *, #7921, .T.);
#12691 = ORIENTED_EDGE('', *, *, #7920, .F.);
#12692 = ORIENTED_EDGE('', *, *, #7917, .F.);
#12693 = EDGE_LOOP('', (#12685, #12686, #12687, #12688));
#12694 = FACE_BOUND('', #12693, .T.);
#12695 = EDGE_LOOP('', (#12689, #12690, #12691, #12692));
#12696 = FACE_BOUND('', #12695, .T.);
#12697 = ADVANCED_FACE('', (#12694, #12696), #9576, .T.);
#12698 = ORIENTED_EDGE('', *, *, #7907, .F.);
#12699 = ORIENTED_EDGE('', *, *, #7905, .T.);
#12700 = ORIENTED_EDGE('', *, *, #7910, .F.);
#12701 = ORIENTED_EDGE('', *, *, #7906, .F.);
#12702 = EDGE_LOOP('', (#12698, #12699, #12700, #12701));
#12703 = FACE_BOUND('', #12702, .T.);
#12704 = ADVANCED_FACE('', (#12703), #9568, .T.);
#12705 = ORIENTED_EDGE('', *, *, #7913, .T.);
#12706 = ORIENTED_EDGE('', *, *, #7903, .T.);
#12707 = ORIENTED_EDGE('', *, *, #7912, .F.);
#12708 = ORIENTED_EDGE('', *, *, #7911, .T.);
#12709 = EDGE_LOOP('', (#12705, #12706, #12707, #12708));
#12710 = FACE_BOUND('', #12709, .T.);
#12711 = ADVANCED_FACE('', (#12710), #9568, .T.);
#12712 = ORIENTED_EDGE('', *, *, #7914, .T.);
#12713 = ORIENTED_EDGE('', *, *, #7919, .T.);
#12714 = ORIENTED_EDGE('', *, *, #7922, .T.);
#12715 = ORIENTED_EDGE('', *, *, #7921, .F.);
#12716 = ORIENTED_EDGE('', *, *, #7916, .F.);
#12717 = ORIENTED_EDGE('', *, *, #7923, .F.);
#12718 = EDGE_LOOP('', (#12712, #12713, #12714, #12715, #12716, #12717));
#12719 = FACE_BOUND('', #12718, .T.);
#12720 = ADVANCED_FACE('', (#12719), #9581, .F.);
#12721 = ORIENTED_EDGE('', *, *, #7917, .T.);
#12722 = ORIENTED_EDGE('', *, *, #7920, .T.);
#12723 = ORIENTED_EDGE('', *, *, #7922, .F.);
#12724 = ORIENTED_EDGE('', *, *, #7918, .F.);
#12725 = ORIENTED_EDGE('', *, *, #7915, .F.);
#12726 = ORIENTED_EDGE('', *, *, #7923, .T.);
#12727 = EDGE_LOOP('', (#12721, #12722, #12723, #12724, #12725, #12726));
#12728 = FACE_BOUND('', #12727, .T.);
#12729 = ADVANCED_FACE('', (#12728), #9581, .F.);
#12730 = ORIENTED_EDGE('', *, *, #7924, .T.);
#12731 = ORIENTED_EDGE('', *, *, #7925, .T.);
#12732 = ORIENTED_EDGE('', *, *, #7926, .F.);
#12733 = ORIENTED_EDGE('', *, *, #7927, .F.);
#12734 = EDGE_LOOP('', (#12730, #12731, #12732, #12733));
#12735 = FACE_BOUND('', #12734, .T.);
#12736 = ADVANCED_FACE('', (#12735), #9586, .T.);
#12737 = ORIENTED_EDGE('', *, *, #7928, .T.);
#12738 = ORIENTED_EDGE('', *, *, #7929, .T.);
#12739 = ORIENTED_EDGE('', *, *, #7930, .F.);
#12740 = ORIENTED_EDGE('', *, *, #7925, .F.);
#12741 = EDGE_LOOP('', (#12737, #12738, #12739, #12740));
#12742 = FACE_BOUND('', #12741, .T.);
#12743 = ADVANCED_FACE('', (#12742), #9590, .T.);
#12744 = ORIENTED_EDGE('', *, *, #7931, .T.);
#12745 = ORIENTED_EDGE('', *, *, #7932, .T.);
#12746 = ORIENTED_EDGE('', *, *, #7933, .F.);
#12747 = ORIENTED_EDGE('', *, *, #7929, .F.);
#12748 = EDGE_LOOP('', (#12744, #12745, #12746, #12747));
#12749 = FACE_BOUND('', #12748, .T.);
#12750 = ADVANCED_FACE('', (#12749), #9595, .T.);
#12751 = ORIENTED_EDGE('', *, *, #7934, .T.);
#12752 = ORIENTED_EDGE('', *, *, #7935, .T.);
#12753 = ORIENTED_EDGE('', *, *, #8198, .F.);
#12754 = ORIENTED_EDGE('', *, *, #8185, .F.);
#12755 = ORIENTED_EDGE('', *, *, #8186, .T.);
#12756 = ORIENTED_EDGE('', *, *, #8184, .F.);
#12757 = ORIENTED_EDGE('', *, *, #8230, .F.);
#12758 = ORIENTED_EDGE('', *, *, #8217, .F.);
#12759 = ORIENTED_EDGE('', *, *, #8218, .T.);
#12760 = ORIENTED_EDGE('', *, *, #8216, .F.);
#12761 = ORIENTED_EDGE('', *, *, #7936, .F.);
#12762 = ORIENTED_EDGE('', *, *, #7932, .F.);
#12763 = EDGE_LOOP('', (#12751, #12752, #12753, #12754, #12755, #12756, #12757, #12758, #12759, #12760, #12761, #12762));
#12764 = FACE_BOUND('', #12763, .T.);
#12765 = ADVANCED_FACE('', (#12764), #9599, .T.);
#12766 = ORIENTED_EDGE('', *, *, #7937, .T.);
#12767 = ORIENTED_EDGE('', *, *, #7938, .T.);
#12768 = ORIENTED_EDGE('', *, *, #7939, .F.);
#12769 = ORIENTED_EDGE('', *, *, #7935, .F.);
#12770 = EDGE_LOOP('', (#12766, #12767, #12768, #12769));
#12771 = FACE_BOUND('', #12770, .T.);
#12772 = ADVANCED_FACE('', (#12771), #9604, .T.);
#12773 = ORIENTED_EDGE('', *, *, #7940, .T.);
#12774 = ORIENTED_EDGE('', *, *, #7941, .T.);
#12775 = ORIENTED_EDGE('', *, *, #7942, .F.);
#12776 = ORIENTED_EDGE('', *, *, #7938, .F.);
#12777 = EDGE_LOOP('', (#12773, #12774, #12775, #12776));
#12778 = FACE_BOUND('', #12777, .T.);
#12779 = ADVANCED_FACE('', (#12778), #9608, .T.);
#12780 = ORIENTED_EDGE('', *, *, #7943, .T.);
#12781 = ORIENTED_EDGE('', *, *, #7944, .T.);
#12782 = ORIENTED_EDGE('', *, *, #7945, .F.);
#12783 = ORIENTED_EDGE('', *, *, #7941, .F.);
#12784 = EDGE_LOOP('', (#12780, #12781, #12782, #12783));
#12785 = FACE_BOUND('', #12784, .T.);
#12786 = ADVANCED_FACE('', (#12785), #9613, .T.);
#12787 = ORIENTED_EDGE('', *, *, #7946, .T.);
#12788 = ORIENTED_EDGE('', *, *, #7927, .T.);
#12789 = ORIENTED_EDGE('', *, *, #7947, .F.);
#12790 = ORIENTED_EDGE('', *, *, #7944, .F.);
#12791 = ORIENTED_EDGE('', *, *, #7972, .T.);
#12792 = ORIENTED_EDGE('', *, *, #7979, .F.);
#12793 = ORIENTED_EDGE('', *, *, #7978, .T.);
#12794 = ORIENTED_EDGE('', *, *, #7977, .F.);
#12795 = ORIENTED_EDGE('', *, *, #7976, .F.);
#12796 = ORIENTED_EDGE('', *, *, #7975, .F.);
#12797 = ORIENTED_EDGE('', *, *, #7974, .F.);
#12798 = ORIENTED_EDGE('', *, *, #7973, .F.);
#12799 = ORIENTED_EDGE('', *, *, #7996, .T.);
#12800 = ORIENTED_EDGE('', *, *, #8003, .F.);
#12801 = ORIENTED_EDGE('', *, *, #8002, .T.);
#12802 = ORIENTED_EDGE('', *, *, #8001, .F.);
#12803 = ORIENTED_EDGE('', *, *, #8000, .F.);
#12804 = ORIENTED_EDGE('', *, *, #7999, .F.);
#12805 = ORIENTED_EDGE('', *, *, #7998, .F.);
#12806 = ORIENTED_EDGE('', *, *, #7997, .F.);
#12807 = ORIENTED_EDGE('', *, *, #8030, .F.);
#12808 = ORIENTED_EDGE('', *, *, #8031, .T.);
#12809 = ORIENTED_EDGE('', *, *, #8034, .T.);
#12810 = ORIENTED_EDGE('', *, *, #8035, .F.);
#12811 = ORIENTED_EDGE('', *, *, #8038, .T.);
#12812 = ORIENTED_EDGE('', *, *, #8045, .F.);
#12813 = ORIENTED_EDGE('', *, *, #8044, .T.);
#12814 = ORIENTED_EDGE('', *, *, #8043, .F.);
#12815 = ORIENTED_EDGE('', *, *, #8042, .F.);
#12816 = ORIENTED_EDGE('', *, *, #8041, .F.);
#12817 = ORIENTED_EDGE('', *, *, #8040, .F.);
#12818 = ORIENTED_EDGE('', *, *, #8039, .F.);
#12819 = ORIENTED_EDGE('', *, *, #8062, .F.);
#12820 = ORIENTED_EDGE('', *, *, #8063, .T.);
#12821 = ORIENTED_EDGE('', *, *, #8066, .T.);
#12822 = ORIENTED_EDGE('', *, *, #8067, .F.);
#12823 = EDGE_LOOP('', (#12787, #12788, #12789, #12790));
#12824 = FACE_BOUND('', #12823, .T.);
#12825 = EDGE_LOOP('', (#12791, #12792, #12793, #12794, #12795, #12796, #12797, #12798));
#12826 = FACE_BOUND('', #12825, .T.);
#12827 = EDGE_LOOP('', (#12799, #12800, #12801, #12802, #12803, #12804, #12805, #12806));
#12828 = FACE_BOUND('', #12827, .T.);
#12829 = EDGE_LOOP('', (#12807, #12808, #12809, #12810));
#12830 = FACE_BOUND('', #12829, .T.);
#12831 = EDGE_LOOP('', (#12811, #12812, #12813, #12814, #12815, #12816, #12817, #12818));
#12832 = FACE_BOUND('', #12831, .T.);
#12833 = EDGE_LOOP('', (#12819, #12820, #12821, #12822));
#12834 = FACE_BOUND('', #12833, .T.);
#12835 = ADVANCED_FACE('', (#12824, #12826, #12828, #12830, #12832, #12834), #9617, .T.);
#12836 = ORIENTED_EDGE('', *, *, #7946, .F.);
#12837 = ORIENTED_EDGE('', *, *, #7943, .F.);
#12838 = ORIENTED_EDGE('', *, *, #7940, .F.);
#12839 = ORIENTED_EDGE('', *, *, #7937, .F.);
#12840 = ORIENTED_EDGE('', *, *, #7934, .F.);
#12841 = ORIENTED_EDGE('', *, *, #7931, .F.);
#12842 = ORIENTED_EDGE('', *, *, #7928, .F.);
#12843 = ORIENTED_EDGE('', *, *, #7924, .F.);
#12844 = EDGE_LOOP('', (#12836, #12837, #12838, #12839, #12840, #12841, #12842, #12843));
#12845 = FACE_BOUND('', #12844, .T.);
#12846 = ADVANCED_FACE('', (#12845), #9621, .F.);
#12847 = ORIENTED_EDGE('', *, *, #7926, .T.);
#12848 = ORIENTED_EDGE('', *, *, #7930, .T.);
#12849 = ORIENTED_EDGE('', *, *, #7933, .T.);
#12850 = ORIENTED_EDGE('', *, *, #7936, .T.);
#12851 = ORIENTED_EDGE('', *, *, #8220, .F.);
#12852 = ORIENTED_EDGE('', *, *, #8219, .T.);
#12853 = ORIENTED_EDGE('', *, *, #7967, .F.);
#12854 = ORIENTED_EDGE('', *, *, #7966, .F.);
#12855 = ORIENTED_EDGE('', *, *, #7965, .F.);
#12856 = ORIENTED_EDGE('', *, *, #7964, .T.);
#12857 = ORIENTED_EDGE('', *, *, #7971, .F.);
#12858 = ORIENTED_EDGE('', *, *, #7970, .T.);
#12859 = ORIENTED_EDGE('', *, *, #7969, .F.);
#12860 = ORIENTED_EDGE('', *, *, #7968, .F.);
#12861 = ORIENTED_EDGE('', *, *, #8195, .F.);
#12862 = ORIENTED_EDGE('', *, *, #8190, .T.);
#12863 = ORIENTED_EDGE('', *, *, #8189, .F.);
#12864 = ORIENTED_EDGE('', *, *, #8198, .T.);
#12865 = ORIENTED_EDGE('', *, *, #7939, .T.);
#12866 = ORIENTED_EDGE('', *, *, #7942, .T.);
#12867 = ORIENTED_EDGE('', *, *, #7945, .T.);
#12868 = ORIENTED_EDGE('', *, *, #7947, .T.);
#12869 = EDGE_LOOP('', (#12847, #12848, #12849, #12850, #12851, #12852, #12853, #12854, #12855, #12856, #12857, #12858, #12859, #12860, #12861, #12862, #12863, #12864, #12865, #12866, #12867, #12868));
#12870 = FACE_BOUND('', #12869, .T.);
#12871 = ADVANCED_FACE('', (#12870), #9625, .T.);
#12872 = ORIENTED_EDGE('', *, *, #7950, .T.);
#12873 = ORIENTED_EDGE('', *, *, #7964, .F.);
#12874 = ORIENTED_EDGE('', *, *, #7949, .F.);
#12875 = ORIENTED_EDGE('', *, *, #7948, .F.);
#12876 = EDGE_LOOP('', (#12872, #12873, #12874, #12875));
#12877 = FACE_BOUND('', #12876, .T.);
#12878 = ADVANCED_FACE('', (#12877), #9630, .F.);
#12879 = ORIENTED_EDGE('', *, *, #7949, .T.);
#12880 = ORIENTED_EDGE('', *, *, #7965, .T.);
#12881 = ORIENTED_EDGE('', *, *, #7952, .F.);
#12882 = ORIENTED_EDGE('', *, *, #7951, .F.);
#12883 = ORIENTED_EDGE('', *, *, #8164, .F.);
#12884 = ORIENTED_EDGE('', *, *, #8163, .F.);
#12885 = ORIENTED_EDGE('', *, *, #8165, .T.);
#12886 = ORIENTED_EDGE('', *, *, #8162, .T.);
#12887 = EDGE_LOOP('', (#12879, #12880, #12881, #12882));
#12888 = FACE_BOUND('', #12887, .T.);
#12889 = EDGE_LOOP('', (#12883, #12884, #12885, #12886));
#12890 = FACE_BOUND('', #12889, .T.);
#12891 = ADVANCED_FACE('', (#12888, #12890), #9634, .F.);
#12892 = ORIENTED_EDGE('', *, *, #7952, .T.);
#12893 = ORIENTED_EDGE('', *, *, #7966, .T.);
#12894 = ORIENTED_EDGE('', *, *, #7954, .F.);
#12895 = ORIENTED_EDGE('', *, *, #7953, .F.);
#12896 = EDGE_LOOP('', (#12892, #12893, #12894, #12895));
#12897 = FACE_BOUND('', #12896, .T.);
#12898 = ADVANCED_FACE('', (#12897), #9639, .F.);
#12899 = ORIENTED_EDGE('', *, *, #7954, .T.);
#12900 = ORIENTED_EDGE('', *, *, #7967, .T.);
#12901 = ORIENTED_EDGE('', *, *, #8223, .T.);
#12902 = ORIENTED_EDGE('', *, *, #8225, .F.);
#12903 = ORIENTED_EDGE('', *, *, #8224, .F.);
#12904 = ORIENTED_EDGE('', *, *, #8227, .T.);
#12905 = ORIENTED_EDGE('', *, *, #8191, .T.);
#12906 = ORIENTED_EDGE('', *, *, #8193, .F.);
#12907 = ORIENTED_EDGE('', *, *, #8192, .F.);
#12908 = ORIENTED_EDGE('', *, *, #8195, .T.);
#12909 = ORIENTED_EDGE('', *, *, #7956, .F.);
#12910 = ORIENTED_EDGE('', *, *, #7955, .F.);
#12911 = EDGE_LOOP('', (#12899, #12900, #12901, #12902, #12903, #12904, #12905, #12906, #12907, #12908, #12909, #12910));
#12912 = FACE_BOUND('', #12911, .T.);
#12913 = ADVANCED_FACE('', (#12912), #9643, .F.);
#12914 = ORIENTED_EDGE('', *, *, #7956, .T.);
#12915 = ORIENTED_EDGE('', *, *, #7968, .T.);
#12916 = ORIENTED_EDGE('', *, *, #7958, .F.);
#12917 = ORIENTED_EDGE('', *, *, #7957, .F.);
#12918 = EDGE_LOOP('', (#12914, #12915, #12916, #12917));
#12919 = FACE_BOUND('', #12918, .T.);
#12920 = ADVANCED_FACE('', (#12919), #9648, .F.);
#12921 = ORIENTED_EDGE('', *, *, #7958, .T.);
#12922 = ORIENTED_EDGE('', *, *, #7969, .T.);
#12923 = ORIENTED_EDGE('', *, *, #7960, .F.);
#12924 = ORIENTED_EDGE('', *, *, #7959, .F.);
#12925 = ORIENTED_EDGE('', *, *, #8140, .F.);
#12926 = ORIENTED_EDGE('', *, *, #8139, .F.);
#12927 = ORIENTED_EDGE('', *, *, #8141, .T.);
#12928 = ORIENTED_EDGE('', *, *, #8138, .T.);
#12929 = EDGE_LOOP('', (#12921, #12922, #12923, #12924));
#12930 = FACE_BOUND('', #12929, .T.);
#12931 = EDGE_LOOP('', (#12925, #12926, #12927, #12928));
#12932 = FACE_BOUND('', #12931, .T.);
#12933 = ADVANCED_FACE('', (#12930, #12932), #9652, .F.);
#12934 = ORIENTED_EDGE('', *, *, #7960, .T.);
#12935 = ORIENTED_EDGE('', *, *, #7970, .F.);
#12936 = ORIENTED_EDGE('', *, *, #7962, .F.);
#12937 = ORIENTED_EDGE('', *, *, #7961, .F.);
#12938 = EDGE_LOOP('', (#12934, #12935, #12936, #12937));
#12939 = FACE_BOUND('', #12938, .T.);
#12940 = ADVANCED_FACE('', (#12939), #9657, .F.);
#12941 = ORIENTED_EDGE('', *, *, #7962, .T.);
#12942 = ORIENTED_EDGE('', *, *, #7971, .T.);
#12943 = ORIENTED_EDGE('', *, *, #7950, .F.);
#12944 = ORIENTED_EDGE('', *, *, #7963, .F.);
#12945 = ORIENTED_EDGE('', *, *, #7981, .T.);
#12946 = ORIENTED_EDGE('', *, *, #7982, .T.);
#12947 = ORIENTED_EDGE('', *, *, #7983, .T.);
#12948 = ORIENTED_EDGE('', *, *, #7984, .T.);
#12949 = ORIENTED_EDGE('', *, *, #7985, .T.);
#12950 = ORIENTED_EDGE('', *, *, #7986, .F.);
#12951 = ORIENTED_EDGE('', *, *, #7987, .T.);
#12952 = ORIENTED_EDGE('', *, *, #7980, .F.);
#12953 = ORIENTED_EDGE('', *, *, #8005, .T.);
#12954 = ORIENTED_EDGE('', *, *, #8006, .T.);
#12955 = ORIENTED_EDGE('', *, *, #8007, .T.);
#12956 = ORIENTED_EDGE('', *, *, #8008, .T.);
#12957 = ORIENTED_EDGE('', *, *, #8009, .T.);
#12958 = ORIENTED_EDGE('', *, *, #8010, .F.);
#12959 = ORIENTED_EDGE('', *, *, #8011, .T.);
#12960 = ORIENTED_EDGE('', *, *, #8004, .F.);
#12961 = ORIENTED_EDGE('', *, *, #8023, .T.);
#12962 = ORIENTED_EDGE('', *, *, #8022, .F.);
#12963 = ORIENTED_EDGE('', *, *, #8021, .F.);
#12964 = ORIENTED_EDGE('', *, *, #8020, .T.);
#12965 = ORIENTED_EDGE('', *, *, #8047, .T.);
#12966 = ORIENTED_EDGE('', *, *, #8048, .T.);
#12967 = ORIENTED_EDGE('', *, *, #8049, .T.);
#12968 = ORIENTED_EDGE('', *, *, #8050, .T.);
#12969 = ORIENTED_EDGE('', *, *, #8051, .T.);
#12970 = ORIENTED_EDGE('', *, *, #8052, .F.);
#12971 = ORIENTED_EDGE('', *, *, #8053, .T.);
#12972 = ORIENTED_EDGE('', *, *, #8046, .F.);
#12973 = ORIENTED_EDGE('', *, *, #8069, .T.);
#12974 = ORIENTED_EDGE('', *, *, #8068, .F.);
#12975 = ORIENTED_EDGE('', *, *, #8065, .F.);
#12976 = ORIENTED_EDGE('', *, *, #8064, .T.);
#12977 = EDGE_LOOP('', (#12941, #12942, #12943, #12944));
#12978 = FACE_BOUND('', #12977, .T.);
#12979 = EDGE_LOOP('', (#12945, #12946, #12947, #12948, #12949, #12950, #12951, #12952));
#12980 = FACE_BOUND('', #12979, .T.);
#12981 = EDGE_LOOP('', (#12953, #12954, #12955, #12956, #12957, #12958, #12959, #12960));
#12982 = FACE_BOUND('', #12981, .T.);
#12983 = EDGE_LOOP('', (#12961, #12962, #12963, #12964));
#12984 = FACE_BOUND('', #12983, .T.);
#12985 = EDGE_LOOP('', (#12965, #12966, #12967, #12968, #12969, #12970, #12971, #12972));
#12986 = FACE_BOUND('', #12985, .T.);
#12987 = EDGE_LOOP('', (#12973, #12974, #12975, #12976));
#12988 = FACE_BOUND('', #12987, .T.);
#12989 = ADVANCED_FACE('', (#12978, #12980, #12982, #12984, #12986, #12988), #9661, .F.);
#12990 = ORIENTED_EDGE('', *, *, #7948, .T.);
#12991 = ORIENTED_EDGE('', *, *, #7951, .T.);
#12992 = ORIENTED_EDGE('', *, *, #7953, .T.);
#12993 = ORIENTED_EDGE('', *, *, #7955, .T.);
#12994 = ORIENTED_EDGE('', *, *, #7957, .T.);
#12995 = ORIENTED_EDGE('', *, *, #7959, .T.);
#12996 = ORIENTED_EDGE('', *, *, #7961, .T.);
#12997 = ORIENTED_EDGE('', *, *, #7963, .T.);
#12998 = ORIENTED_EDGE('', *, *, #8080, .T.);
#12999 = ORIENTED_EDGE('', *, *, #8087, .F.);
#13000 = ORIENTED_EDGE('', *, *, #8086, .T.);
#13001 = ORIENTED_EDGE('', *, *, #8085, .F.);
#13002 = ORIENTED_EDGE('', *, *, #8084, .F.);
#13003 = ORIENTED_EDGE('', *, *, #8083, .F.);
#13004 = ORIENTED_EDGE('', *, *, #8082, .F.);
#13005 = ORIENTED_EDGE('', *, *, #8081, .F.);
#13006 = ORIENTED_EDGE('', *, *, #8104, .T.);
#13007 = ORIENTED_EDGE('', *, *, #8111, .F.);
#13008 = ORIENTED_EDGE('', *, *, #8110, .T.);
#13009 = ORIENTED_EDGE('', *, *, #8109, .F.);
#13010 = ORIENTED_EDGE('', *, *, #8108, .F.);
#13011 = ORIENTED_EDGE('', *, *, #8107, .F.);
#13012 = ORIENTED_EDGE('', *, *, #8106, .F.);
#13013 = ORIENTED_EDGE('', *, *, #8105, .F.);
#13014 = EDGE_LOOP('', (#12990, #12991, #12992, #12993, #12994, #12995, #12996, #12997));
#13015 = FACE_BOUND('', #13014, .T.);
#13016 = EDGE_LOOP('', (#12998, #12999, #13000, #13001, #13002, #13003, #13004, #13005));
#13017 = FACE_BOUND('', #13016, .T.);
#13018 = EDGE_LOOP('', (#13006, #13007, #13008, #13009, #13010, #13011, #13012, #13013));
#13019 = FACE_BOUND('', #13018, .T.);
#13020 = ADVANCED_FACE('', (#13015, #13017, #13019), #9665, .T.);
#13021 = ORIENTED_EDGE('', *, *, #7987, .F.);
#13022 = ORIENTED_EDGE('', *, *, #7988, .T.);
#13023 = ORIENTED_EDGE('', *, *, #7979, .T.);
#13024 = ORIENTED_EDGE('', *, *, #7992, .F.);
#13025 = EDGE_LOOP('', (#13021, #13022, #13023, #13024));
#13026 = FACE_BOUND('', #13025, .T.);
#13027 = ADVANCED_FACE('', (#13026), #9669, .F.);
#13028 = ORIENTED_EDGE('', *, *, #7986, .T.);
#13029 = ORIENTED_EDGE('', *, *, #7989, .T.);
#13030 = ORIENTED_EDGE('', *, *, #7978, .F.);
#13031 = ORIENTED_EDGE('', *, *, #7988, .F.);
#13032 = EDGE_LOOP('', (#13028, #13029, #13030, #13031));
#13033 = FACE_BOUND('', #13032, .T.);
#13034 = ADVANCED_FACE('', (#13033), #9674, .F.);
#13035 = ORIENTED_EDGE('', *, *, #7985, .F.);
#13036 = ORIENTED_EDGE('', *, *, #7990, .T.);
#13037 = ORIENTED_EDGE('', *, *, #7977, .T.);
#13038 = ORIENTED_EDGE('', *, *, #7989, .F.);
#13039 = EDGE_LOOP('', (#13035, #13036, #13037, #13038));
#13040 = FACE_BOUND('', #13039, .T.);
#13041 = ADVANCED_FACE('', (#13040), #9678, .F.);
#13042 = ORIENTED_EDGE('', *, *, #7984, .F.);
#13043 = ORIENTED_EDGE('', *, *, #7995, .T.);
#13044 = ORIENTED_EDGE('', *, *, #7976, .T.);
#13045 = ORIENTED_EDGE('', *, *, #7990, .F.);
#13046 = EDGE_LOOP('', (#13042, #13043, #13044, #13045));
#13047 = FACE_BOUND('', #13046, .T.);
#13048 = ADVANCED_FACE('', (#13047), #9683, .F.);
#13049 = ORIENTED_EDGE('', *, *, #7983, .F.);
#13050 = ORIENTED_EDGE('', *, *, #7994, .T.);
#13051 = ORIENTED_EDGE('', *, *, #7975, .T.);
#13052 = ORIENTED_EDGE('', *, *, #7995, .F.);
#13053 = EDGE_LOOP('', (#13049, #13050, #13051, #13052));
#13054 = FACE_BOUND('', #13053, .T.);
#13055 = ADVANCED_FACE('', (#13054), #9687, .F.);
#13056 = ORIENTED_EDGE('', *, *, #7982, .F.);
#13057 = ORIENTED_EDGE('', *, *, #7993, .T.);
#13058 = ORIENTED_EDGE('', *, *, #7974, .T.);
#13059 = ORIENTED_EDGE('', *, *, #7994, .F.);
#13060 = EDGE_LOOP('', (#13056, #13057, #13058, #13059));
#13061 = FACE_BOUND('', #13060, .T.);
#13062 = ADVANCED_FACE('', (#13061), #9692, .F.);
#13063 = ORIENTED_EDGE('', *, *, #7980, .T.);
#13064 = ORIENTED_EDGE('', *, *, #7992, .T.);
#13065 = ORIENTED_EDGE('', *, *, #7972, .F.);
#13066 = ORIENTED_EDGE('', *, *, #7991, .F.);
#13067 = EDGE_LOOP('', (#13063, #13064, #13065, #13066));
#13068 = FACE_BOUND('', #13067, .T.);
#13069 = ADVANCED_FACE('', (#13068), #9697, .F.);
#13070 = ORIENTED_EDGE('', *, *, #7981, .F.);
#13071 = ORIENTED_EDGE('', *, *, #7991, .T.);
#13072 = ORIENTED_EDGE('', *, *, #7973, .T.);
#13073 = ORIENTED_EDGE('', *, *, #7993, .F.);
#13074 = EDGE_LOOP('', (#13070, #13071, #13072, #13073));
#13075 = FACE_BOUND('', #13074, .T.);
#13076 = ADVANCED_FACE('', (#13075), #9701, .F.);
#13077 = ORIENTED_EDGE('', *, *, #8011, .F.);
#13078 = ORIENTED_EDGE('', *, *, #8012, .T.);
#13079 = ORIENTED_EDGE('', *, *, #8003, .T.);
#13080 = ORIENTED_EDGE('', *, *, #8016, .F.);
#13081 = EDGE_LOOP('', (#13077, #13078, #13079, #13080));
#13082 = FACE_BOUND('', #13081, .T.);
#13083 = ADVANCED_FACE('', (#13082), #9705, .F.);
#13084 = ORIENTED_EDGE('', *, *, #8009, .F.);
#13085 = ORIENTED_EDGE('', *, *, #8014, .T.);
#13086 = ORIENTED_EDGE('', *, *, #8001, .T.);
#13087 = ORIENTED_EDGE('', *, *, #8013, .F.);
#13088 = EDGE_LOOP('', (#13084, #13085, #13086, #13087));
#13089 = FACE_BOUND('', #13088, .T.);
#13090 = ADVANCED_FACE('', (#13089), #9709, .F.);
#13091 = ORIENTED_EDGE('', *, *, #8008, .F.);
#13092 = ORIENTED_EDGE('', *, *, #8019, .T.);
#13093 = ORIENTED_EDGE('', *, *, #8000, .T.);
#13094 = ORIENTED_EDGE('', *, *, #8014, .F.);
#13095 = EDGE_LOOP('', (#13091, #13092, #13093, #13094));
#13096 = FACE_BOUND('', #13095, .T.);
#13097 = ADVANCED_FACE('', (#13096), #9714, .F.);
#13098 = ORIENTED_EDGE('', *, *, #8007, .F.);
#13099 = ORIENTED_EDGE('', *, *, #8018, .T.);
#13100 = ORIENTED_EDGE('', *, *, #7999, .T.);
#13101 = ORIENTED_EDGE('', *, *, #8019, .F.);
#13102 = EDGE_LOOP('', (#13098, #13099, #13100, #13101));
#13103 = FACE_BOUND('', #13102, .T.);
#13104 = ADVANCED_FACE('', (#13103), #9718, .F.);
#13105 = ORIENTED_EDGE('', *, *, #8006, .F.);
#13106 = ORIENTED_EDGE('', *, *, #8017, .T.);
#13107 = ORIENTED_EDGE('', *, *, #7998, .T.);
#13108 = ORIENTED_EDGE('', *, *, #8018, .F.);
#13109 = EDGE_LOOP('', (#13105, #13106, #13107, #13108));
#13110 = FACE_BOUND('', #13109, .T.);
#13111 = ADVANCED_FACE('', (#13110), #9723, .F.);
#13112 = ORIENTED_EDGE('', *, *, #8005, .F.);
#13113 = ORIENTED_EDGE('', *, *, #8015, .T.);
#13114 = ORIENTED_EDGE('', *, *, #7997, .T.);
#13115 = ORIENTED_EDGE('', *, *, #8017, .F.);
#13116 = EDGE_LOOP('', (#13112, #13113, #13114, #13115));
#13117 = FACE_BOUND('', #13116, .T.);
#13118 = ADVANCED_FACE('', (#13117), #9727, .F.);
#13119 = ORIENTED_EDGE('', *, *, #8004, .T.);
#13120 = ORIENTED_EDGE('', *, *, #8016, .T.);
#13121 = ORIENTED_EDGE('', *, *, #7996, .F.);
#13122 = ORIENTED_EDGE('', *, *, #8015, .F.);
#13123 = EDGE_LOOP('', (#13119, #13120, #13121, #13122));
#13124 = FACE_BOUND('', #13123, .T.);
#13125 = ADVANCED_FACE('', (#13124), #9732, .F.);
#13126 = ORIENTED_EDGE('', *, *, #8010, .T.);
#13127 = ORIENTED_EDGE('', *, *, #8013, .T.);
#13128 = ORIENTED_EDGE('', *, *, #8002, .F.);
#13129 = ORIENTED_EDGE('', *, *, #8012, .F.);
#13130 = EDGE_LOOP('', (#13126, #13127, #13128, #13129));
#13131 = FACE_BOUND('', #13130, .T.);
#13132 = ADVANCED_FACE('', (#13131), #9737, .F.);
#13133 = ORIENTED_EDGE('', *, *, #8023, .F.);
#13134 = ORIENTED_EDGE('', *, *, #8020, .F.);
#13135 = ORIENTED_EDGE('', *, *, #8025, .T.);
#13136 = ORIENTED_EDGE('', *, *, #8032, .T.);
#13137 = ORIENTED_EDGE('', *, *, #8037, .T.);
#13138 = ORIENTED_EDGE('', *, *, #8024, .F.);
#13139 = EDGE_LOOP('', (#13133, #13134, #13135, #13136, #13137, #13138));
#13140 = FACE_BOUND('', #13139, .T.);
#13141 = ADVANCED_FACE('', (#13140), #9742, .F.);
#13142 = ORIENTED_EDGE('', *, *, #8026, .F.);
#13143 = ORIENTED_EDGE('', *, *, #8027, .T.);
#13144 = ORIENTED_EDGE('', *, *, #8030, .T.);
#13145 = ORIENTED_EDGE('', *, *, #8035, .T.);
#13146 = ORIENTED_EDGE('', *, *, #8029, .F.);
#13147 = EDGE_LOOP('', (#13142, #13143, #13144, #13145, #13146));
#13148 = FACE_BOUND('', #13147, .T.);
#13149 = ADVANCED_FACE('', (#13148), #9747, .F.);
#13150 = ORIENTED_EDGE('', *, *, #8026, .T.);
#13151 = ORIENTED_EDGE('', *, *, #8028, .T.);
#13152 = ORIENTED_EDGE('', *, *, #8032, .F.);
#13153 = ORIENTED_EDGE('', *, *, #8033, .T.);
#13154 = ORIENTED_EDGE('', *, *, #8036, .T.);
#13155 = ORIENTED_EDGE('', *, *, #8037, .F.);
#13156 = EDGE_LOOP('', (#13150, #13151));
#13157 = FACE_BOUND('', #13156, .T.);
#13158 = EDGE_LOOP('', (#13152, #13153, #13154, #13155));
#13159 = FACE_BOUND('', #13158, .T.);
#13160 = ADVANCED_FACE('', (#13157, #13159), #9751, .T.);
#13161 = ORIENTED_EDGE('', *, *, #8036, .F.);
#13162 = ORIENTED_EDGE('', *, *, #8033, .F.);
#13163 = ORIENTED_EDGE('', *, *, #8025, .F.);
#13164 = ORIENTED_EDGE('', *, *, #8021, .T.);
#13165 = ORIENTED_EDGE('', *, *, #8022, .T.);
#13166 = ORIENTED_EDGE('', *, *, #8024, .T.);
#13167 = EDGE_LOOP('', (#13161, #13162, #13163, #13164, #13165, #13166));
#13168 = FACE_BOUND('', #13167, .T.);
#13169 = ADVANCED_FACE('', (#13168), #9742, .F.);
#13170 = ORIENTED_EDGE('', *, *, #8034, .F.);
#13171 = ORIENTED_EDGE('', *, *, #8031, .F.);
#13172 = ORIENTED_EDGE('', *, *, #8027, .F.);
#13173 = ORIENTED_EDGE('', *, *, #8028, .F.);
#13174 = ORIENTED_EDGE('', *, *, #8029, .T.);
#13175 = EDGE_LOOP('', (#13170, #13171, #13172, #13173, #13174));
#13176 = FACE_BOUND('', #13175, .T.);
#13177 = ADVANCED_FACE('', (#13176), #9747, .F.);
#13178 = ORIENTED_EDGE('', *, *, #8053, .F.);
#13179 = ORIENTED_EDGE('', *, *, #8054, .T.);
#13180 = ORIENTED_EDGE('', *, *, #8045, .T.);
#13181 = ORIENTED_EDGE('', *, *, #8058, .F.);
#13182 = EDGE_LOOP('', (#13178, #13179, #13180, #13181));
#13183 = FACE_BOUND('', #13182, .T.);
#13184 = ADVANCED_FACE('', (#13183), #9787, .F.);
#13185 = ORIENTED_EDGE('', *, *, #8051, .F.);
#13186 = ORIENTED_EDGE('', *, *, #8056, .T.);
#13187 = ORIENTED_EDGE('', *, *, #8043, .T.);
#13188 = ORIENTED_EDGE('', *, *, #8055, .F.);
#13189 = EDGE_LOOP('', (#13185, #13186, #13187, #13188));
#13190 = FACE_BOUND('', #13189, .T.);
#13191 = ADVANCED_FACE('', (#13190), #9778, .F.);
#13192 = ORIENTED_EDGE('', *, *, #8050, .F.);
#13193 = ORIENTED_EDGE('', *, *, #8061, .T.);
#13194 = ORIENTED_EDGE('', *, *, #8042, .T.);
#13195 = ORIENTED_EDGE('', *, *, #8056, .F.);
#13196 = EDGE_LOOP('', (#13192, #13193, #13194, #13195));
#13197 = FACE_BOUND('', #13196, .T.);
#13198 = ADVANCED_FACE('', (#13197), #9774, .F.);
#13199 = ORIENTED_EDGE('', *, *, #8049, .F.);
#13200 = ORIENTED_EDGE('', *, *, #8060, .T.);
#13201 = ORIENTED_EDGE('', *, *, #8041, .T.);
#13202 = ORIENTED_EDGE('', *, *, #8061, .F.);
#13203 = EDGE_LOOP('', (#13199, #13200, #13201, #13202));
#13204 = FACE_BOUND('', #13203, .T.);
#13205 = ADVANCED_FACE('', (#13204), #9769, .F.);
#13206 = ORIENTED_EDGE('', *, *, #8048, .F.);
#13207 = ORIENTED_EDGE('', *, *, #8059, .T.);
#13208 = ORIENTED_EDGE('', *, *, #8040, .T.);
#13209 = ORIENTED_EDGE('', *, *, #8060, .F.);
#13210 = EDGE_LOOP('', (#13206, #13207, #13208, #13209));
#13211 = FACE_BOUND('', #13210, .T.);
#13212 = ADVANCED_FACE('', (#13211), #9765, .F.);
#13213 = ORIENTED_EDGE('', *, *, #8047, .F.);
#13214 = ORIENTED_EDGE('', *, *, #8057, .T.);
#13215 = ORIENTED_EDGE('', *, *, #8039, .T.);
#13216 = ORIENTED_EDGE('', *, *, #8059, .F.);
#13217 = EDGE_LOOP('', (#13213, #13214, #13215, #13216));
#13218 = FACE_BOUND('', #13217, .T.);
#13219 = ADVANCED_FACE('', (#13218), #9760, .F.);
#13220 = ORIENTED_EDGE('', *, *, #8046, .T.);
#13221 = ORIENTED_EDGE('', *, *, #8058, .T.);
#13222 = ORIENTED_EDGE('', *, *, #8038, .F.);
#13223 = ORIENTED_EDGE('', *, *, #8057, .F.);
#13224 = EDGE_LOOP('', (#13220, #13221, #13222, #13223));
#13225 = FACE_BOUND('', #13224, .T.);
#13226 = ADVANCED_FACE('', (#13225), #9756, .F.);
#13227 = ORIENTED_EDGE('', *, *, #8052, .T.);
#13228 = ORIENTED_EDGE('', *, *, #8055, .T.);
#13229 = ORIENTED_EDGE('', *, *, #8044, .F.);
#13230 = ORIENTED_EDGE('', *, *, #8054, .F.);
#13231 = EDGE_LOOP('', (#13227, #13228, #13229, #13230));
#13232 = FACE_BOUND('', #13231, .T.);
#13233 = ADVANCED_FACE('', (#13232), #9783, .F.);
#13234 = ORIENTED_EDGE('', *, *, #8069, .F.);
#13235 = ORIENTED_EDGE('', *, *, #8064, .F.);
#13236 = ORIENTED_EDGE('', *, *, #8071, .T.);
#13237 = ORIENTED_EDGE('', *, *, #8062, .T.);
#13238 = ORIENTED_EDGE('', *, *, #8067, .T.);
#13239 = ORIENTED_EDGE('', *, *, #8070, .F.);
#13240 = EDGE_LOOP('', (#13234, #13235, #13236, #13237, #13238, #13239));
#13241 = FACE_BOUND('', #13240, .T.);
#13242 = ADVANCED_FACE('', (#13241), #9792, .F.);
#13243 = ORIENTED_EDGE('', *, *, #8066, .F.);
#13244 = ORIENTED_EDGE('', *, *, #8063, .F.);
#13245 = ORIENTED_EDGE('', *, *, #8071, .F.);
#13246 = ORIENTED_EDGE('', *, *, #8065, .T.);
#13247 = ORIENTED_EDGE('', *, *, #8068, .T.);
#13248 = ORIENTED_EDGE('', *, *, #8070, .T.);
#13249 = EDGE_LOOP('', (#13243, #13244, #13245, #13246, #13247, #13248));
#13250 = FACE_BOUND('', #13249, .T.);
#13251 = ADVANCED_FACE('', (#13250), #9792, .F.);
#13252 = ORIENTED_EDGE('', *, *, #8072, .T.);
#13253 = ORIENTED_EDGE('', *, *, #8073, .T.);
#13254 = ORIENTED_EDGE('', *, *, #8074, .T.);
#13255 = ORIENTED_EDGE('', *, *, #8075, .T.);
#13256 = ORIENTED_EDGE('', *, *, #8076, .T.);
#13257 = ORIENTED_EDGE('', *, *, #8077, .T.);
#13258 = ORIENTED_EDGE('', *, *, #8078, .T.);
#13259 = ORIENTED_EDGE('', *, *, #8079, .T.);
#13260 = EDGE_LOOP('', (#13252, #13253, #13254, #13255, #13256, #13257, #13258, #13259));
#13261 = FACE_BOUND('', #13260, .T.);
#13262 = ADVANCED_FACE('', (#13261), #9832, .T.);
#13263 = ORIENTED_EDGE('', *, *, #8088, .T.);
#13264 = ORIENTED_EDGE('', *, *, #8078, .F.);
#13265 = ORIENTED_EDGE('', *, *, #8089, .F.);
#13266 = ORIENTED_EDGE('', *, *, #8086, .F.);
#13267 = EDGE_LOOP('', (#13263, #13264, #13265, #13266));
#13268 = FACE_BOUND('', #13267, .T.);
#13269 = ADVANCED_FACE('', (#13268), #9824, .T.);
#13270 = ORIENTED_EDGE('', *, *, #8089, .T.);
#13271 = ORIENTED_EDGE('', *, *, #8077, .F.);
#13272 = ORIENTED_EDGE('', *, *, #8090, .F.);
#13273 = ORIENTED_EDGE('', *, *, #8085, .T.);
#13274 = EDGE_LOOP('', (#13270, #13271, #13272, #13273));
#13275 = FACE_BOUND('', #13274, .T.);
#13276 = ADVANCED_FACE('', (#13275), #9819, .T.);
#13277 = ORIENTED_EDGE('', *, *, #8090, .T.);
#13278 = ORIENTED_EDGE('', *, *, #8076, .F.);
#13279 = ORIENTED_EDGE('', *, *, #8091, .F.);
#13280 = ORIENTED_EDGE('', *, *, #8084, .T.);
#13281 = EDGE_LOOP('', (#13277, #13278, #13279, #13280));
#13282 = FACE_BOUND('', #13281, .T.);
#13283 = ADVANCED_FACE('', (#13282), #9815, .T.);
#13284 = ORIENTED_EDGE('', *, *, #8091, .T.);
#13285 = ORIENTED_EDGE('', *, *, #8075, .F.);
#13286 = ORIENTED_EDGE('', *, *, #8092, .F.);
#13287 = ORIENTED_EDGE('', *, *, #8083, .T.);
#13288 = EDGE_LOOP('', (#13284, #13285, #13286, #13287));
#13289 = FACE_BOUND('', #13288, .T.);
#13290 = ADVANCED_FACE('', (#13289), #9810, .T.);
#13291 = ORIENTED_EDGE('', *, *, #8092, .T.);
#13292 = ORIENTED_EDGE('', *, *, #8074, .F.);
#13293 = ORIENTED_EDGE('', *, *, #8093, .F.);
#13294 = ORIENTED_EDGE('', *, *, #8082, .T.);
#13295 = EDGE_LOOP('', (#13291, #13292, #13293, #13294));
#13296 = FACE_BOUND('', #13295, .T.);
#13297 = ADVANCED_FACE('', (#13296), #9806, .T.);
#13298 = ORIENTED_EDGE('', *, *, #8093, .T.);
#13299 = ORIENTED_EDGE('', *, *, #8073, .F.);
#13300 = ORIENTED_EDGE('', *, *, #8095, .F.);
#13301 = ORIENTED_EDGE('', *, *, #8081, .T.);
#13302 = EDGE_LOOP('', (#13298, #13299, #13300, #13301));
#13303 = FACE_BOUND('', #13302, .T.);
#13304 = ADVANCED_FACE('', (#13303), #9801, .T.);
#13305 = ORIENTED_EDGE('', *, *, #8095, .T.);
#13306 = ORIENTED_EDGE('', *, *, #8072, .F.);
#13307 = ORIENTED_EDGE('', *, *, #8094, .F.);
#13308 = ORIENTED_EDGE('', *, *, #8080, .F.);
#13309 = EDGE_LOOP('', (#13305, #13306, #13307, #13308));
#13310 = FACE_BOUND('', #13309, .T.);
#13311 = ADVANCED_FACE('', (#13310), #9797, .T.);
#13312 = ORIENTED_EDGE('', *, *, #8094, .T.);
#13313 = ORIENTED_EDGE('', *, *, #8079, .F.);
#13314 = ORIENTED_EDGE('', *, *, #8088, .F.);
#13315 = ORIENTED_EDGE('', *, *, #8087, .T.);
#13316 = EDGE_LOOP('', (#13312, #13313, #13314, #13315));
#13317 = FACE_BOUND('', #13316, .T.);
#13318 = ADVANCED_FACE('', (#13317), #9828, .T.);
#13319 = ORIENTED_EDGE('', *, *, #8096, .T.);
#13320 = ORIENTED_EDGE('', *, *, #8097, .T.);
#13321 = ORIENTED_EDGE('', *, *, #8098, .T.);
#13322 = ORIENTED_EDGE('', *, *, #8099, .T.);
#13323 = ORIENTED_EDGE('', *, *, #8100, .T.);
#13324 = ORIENTED_EDGE('', *, *, #8101, .T.);
#13325 = ORIENTED_EDGE('', *, *, #8102, .T.);
#13326 = ORIENTED_EDGE('', *, *, #8103, .T.);
#13327 = EDGE_LOOP('', (#13319, #13320, #13321, #13322, #13323, #13324, #13325, #13326));
#13328 = FACE_BOUND('', #13327, .T.);
#13329 = ADVANCED_FACE('', (#13328), #9872, .T.);
#13330 = ORIENTED_EDGE('', *, *, #8118, .T.);
#13331 = ORIENTED_EDGE('', *, *, #8103, .F.);
#13332 = ORIENTED_EDGE('', *, *, #8112, .F.);
#13333 = ORIENTED_EDGE('', *, *, #8111, .T.);
#13334 = EDGE_LOOP('', (#13330, #13331, #13332, #13333));
#13335 = FACE_BOUND('', #13334, .T.);
#13336 = ADVANCED_FACE('', (#13335), #9868, .T.);
#13337 = ORIENTED_EDGE('', *, *, #8112, .T.);
#13338 = ORIENTED_EDGE('', *, *, #8102, .F.);
#13339 = ORIENTED_EDGE('', *, *, #8113, .F.);
#13340 = ORIENTED_EDGE('', *, *, #8110, .F.);
#13341 = EDGE_LOOP('', (#13337, #13338, #13339, #13340));
#13342 = FACE_BOUND('', #13341, .T.);
#13343 = ADVANCED_FACE('', (#13342), #9864, .T.);
#13344 = ORIENTED_EDGE('', *, *, #8113, .T.);
#13345 = ORIENTED_EDGE('', *, *, #8101, .F.);
#13346 = ORIENTED_EDGE('', *, *, #8114, .F.);
#13347 = ORIENTED_EDGE('', *, *, #8109, .T.);
#13348 = EDGE_LOOP('', (#13344, #13345, #13346, #13347));
#13349 = FACE_BOUND('', #13348, .T.);
#13350 = ADVANCED_FACE('', (#13349), #9859, .T.);
#13351 = ORIENTED_EDGE('', *, *, #8114, .T.);
#13352 = ORIENTED_EDGE('', *, *, #8100, .F.);
#13353 = ORIENTED_EDGE('', *, *, #8115, .F.);
#13354 = ORIENTED_EDGE('', *, *, #8108, .T.);
#13355 = EDGE_LOOP('', (#13351, #13352, #13353, #13354));
#13356 = FACE_BOUND('', #13355, .T.);
#13357 = ADVANCED_FACE('', (#13356), #9855, .T.);
#13358 = ORIENTED_EDGE('', *, *, #8115, .T.);
#13359 = ORIENTED_EDGE('', *, *, #8099, .F.);
#13360 = ORIENTED_EDGE('', *, *, #8116, .F.);
#13361 = ORIENTED_EDGE('', *, *, #8107, .T.);
#13362 = EDGE_LOOP('', (#13358, #13359, #13360, #13361));
#13363 = FACE_BOUND('', #13362, .T.);
#13364 = ADVANCED_FACE('', (#13363), #9850, .T.);
#13365 = ORIENTED_EDGE('', *, *, #8116, .T.);
#13366 = ORIENTED_EDGE('', *, *, #8098, .F.);
#13367 = ORIENTED_EDGE('', *, *, #8117, .F.);
#13368 = ORIENTED_EDGE('', *, *, #8106, .T.);
#13369 = EDGE_LOOP('', (#13365, #13366, #13367, #13368));
#13370 = FACE_BOUND('', #13369, .T.);
#13371 = ADVANCED_FACE('', (#13370), #9846, .T.);
#13372 = ORIENTED_EDGE('', *, *, #8117, .T.);
#13373 = ORIENTED_EDGE('', *, *, #8097, .F.);
#13374 = ORIENTED_EDGE('', *, *, #8119, .F.);
#13375 = ORIENTED_EDGE('', *, *, #8105, .T.);
#13376 = EDGE_LOOP('', (#13372, #13373, #13374, #13375));
#13377 = FACE_BOUND('', #13376, .T.);
#13378 = ADVANCED_FACE('', (#13377), #9841, .T.);
#13379 = ORIENTED_EDGE('', *, *, #8119, .T.);
#13380 = ORIENTED_EDGE('', *, *, #8096, .F.);
#13381 = ORIENTED_EDGE('', *, *, #8118, .F.);
#13382 = ORIENTED_EDGE('', *, *, #8104, .F.);
#13383 = EDGE_LOOP('', (#13379, #13380, #13381, #13382));
#13384 = FACE_BOUND('', #13383, .T.);
#13385 = ADVANCED_FACE('', (#13384), #9837, .T.);
#13386 = ORIENTED_EDGE('', *, *, #8120, .T.);
#13387 = ORIENTED_EDGE('', *, *, #8121, .T.);
#13388 = ORIENTED_EDGE('', *, *, #8122, .F.);
#13389 = ORIENTED_EDGE('', *, *, #8123, .F.);
#13390 = EDGE_LOOP('', (#13386, #13387, #13388, #13389));
#13391 = FACE_BOUND('', #13390, .T.);
#13392 = ADVANCED_FACE('', (#13391), #9877, .T.);
#13393 = ORIENTED_EDGE('', *, *, #8124, .T.);
#13394 = ORIENTED_EDGE('', *, *, #8125, .T.);
#13395 = ORIENTED_EDGE('', *, *, #8126, .F.);
#13396 = ORIENTED_EDGE('', *, *, #8121, .F.);
#13397 = EDGE_LOOP('', (#13393, #13394, #13395, #13396));
#13398 = FACE_BOUND('', #13397, .T.);
#13399 = ADVANCED_FACE('', (#13398), #9881, .T.);
#13400 = ORIENTED_EDGE('', *, *, #8127, .T.);
#13401 = ORIENTED_EDGE('', *, *, #8128, .T.);
#13402 = ORIENTED_EDGE('', *, *, #8129, .F.);
#13403 = ORIENTED_EDGE('', *, *, #8125, .F.);
#13404 = EDGE_LOOP('', (#13400, #13401, #13402, #13403));
#13405 = FACE_BOUND('', #13404, .T.);
#13406 = ADVANCED_FACE('', (#13405), #9886, .T.);
#13407 = ORIENTED_EDGE('', *, *, #8130, .T.);
#13408 = ORIENTED_EDGE('', *, *, #8131, .T.);
#13409 = ORIENTED_EDGE('', *, *, #8132, .F.);
#13410 = ORIENTED_EDGE('', *, *, #8128, .F.);
#13411 = EDGE_LOOP('', (#13407, #13408, #13409, #13410));
#13412 = FACE_BOUND('', #13411, .T.);
#13413 = ADVANCED_FACE('', (#13412), #9890, .T.);
#13414 = ORIENTED_EDGE('', *, *, #8133, .T.);
#13415 = ORIENTED_EDGE('', *, *, #8138, .F.);
#13416 = ORIENTED_EDGE('', *, *, #8134, .F.);
#13417 = ORIENTED_EDGE('', *, *, #8131, .F.);
#13418 = EDGE_LOOP('', (#13414, #13415, #13416, #13417));
#13419 = FACE_BOUND('', #13418, .T.);
#13420 = ADVANCED_FACE('', (#13419), #9895, .T.);
#13421 = ORIENTED_EDGE('', *, *, #8136, .T.);
#13422 = ORIENTED_EDGE('', *, *, #8123, .T.);
#13423 = ORIENTED_EDGE('', *, *, #8137, .F.);
#13424 = ORIENTED_EDGE('', *, *, #8135, .F.);
#13425 = EDGE_LOOP('', (#13421, #13422, #13423, #13424));
#13426 = FACE_BOUND('', #13425, .T.);
#13427 = ADVANCED_FACE('', (#13426), #9904, .T.);
#13428 = ORIENTED_EDGE('', *, *, #8136, .F.);
#13429 = ORIENTED_EDGE('', *, *, #8142, .F.);
#13430 = ORIENTED_EDGE('', *, *, #8140, .T.);
#13431 = ORIENTED_EDGE('', *, *, #8133, .F.);
#13432 = ORIENTED_EDGE('', *, *, #8130, .F.);
#13433 = ORIENTED_EDGE('', *, *, #8127, .F.);
#13434 = ORIENTED_EDGE('', *, *, #8124, .F.);
#13435 = ORIENTED_EDGE('', *, *, #8120, .F.);
#13436 = EDGE_LOOP('', (#13428, #13429, #13430, #13431, #13432, #13433, #13434, #13435));
#13437 = FACE_BOUND('', #13436, .T.);
#13438 = ADVANCED_FACE('', (#13437), #9908, .F.);
#13439 = ORIENTED_EDGE('', *, *, #8122, .T.);
#13440 = ORIENTED_EDGE('', *, *, #8126, .T.);
#13441 = ORIENTED_EDGE('', *, *, #8129, .T.);
#13442 = ORIENTED_EDGE('', *, *, #8132, .T.);
#13443 = ORIENTED_EDGE('', *, *, #8134, .T.);
#13444 = ORIENTED_EDGE('', *, *, #8141, .F.);
#13445 = ORIENTED_EDGE('', *, *, #8143, .T.);
#13446 = ORIENTED_EDGE('', *, *, #8137, .T.);
#13447 = EDGE_LOOP('', (#13439, #13440, #13441, #13442, #13443, #13444, #13445, #13446));
#13448 = FACE_BOUND('', #13447, .T.);
#13449 = ADVANCED_FACE('', (#13448), #9912, .T.);
#13450 = ORIENTED_EDGE('', *, *, #8142, .T.);
#13451 = ORIENTED_EDGE('', *, *, #8135, .T.);
#13452 = ORIENTED_EDGE('', *, *, #8143, .F.);
#13453 = ORIENTED_EDGE('', *, *, #8139, .T.);
#13454 = EDGE_LOOP('', (#13450, #13451, #13452, #13453));
#13455 = FACE_BOUND('', #13454, .T.);
#13456 = ADVANCED_FACE('', (#13455), #9900, .T.);
#13457 = ORIENTED_EDGE('', *, *, #8144, .T.);
#13458 = ORIENTED_EDGE('', *, *, #8162, .F.);
#13459 = ORIENTED_EDGE('', *, *, #8145, .F.);
#13460 = ORIENTED_EDGE('', *, *, #8146, .F.);
#13461 = EDGE_LOOP('', (#13457, #13458, #13459, #13460));
#13462 = FACE_BOUND('', #13461, .T.);
#13463 = ADVANCED_FACE('', (#13462), #9917, .T.);
#13464 = ORIENTED_EDGE('', *, *, #8148, .T.);
#13465 = ORIENTED_EDGE('', *, *, #8149, .T.);
#13466 = ORIENTED_EDGE('', *, *, #8150, .F.);
#13467 = ORIENTED_EDGE('', *, *, #8147, .F.);
#13468 = EDGE_LOOP('', (#13464, #13465, #13466, #13467));
#13469 = FACE_BOUND('', #13468, .T.);
#13470 = ADVANCED_FACE('', (#13469), #9926, .T.);
#13471 = ORIENTED_EDGE('', *, *, #8151, .T.);
#13472 = ORIENTED_EDGE('', *, *, #8152, .T.);
#13473 = ORIENTED_EDGE('', *, *, #8153, .F.);
#13474 = ORIENTED_EDGE('', *, *, #8149, .F.);
#13475 = EDGE_LOOP('', (#13471, #13472, #13473, #13474));
#13476 = FACE_BOUND('', #13475, .T.);
#13477 = ADVANCED_FACE('', (#13476), #9931, .T.);
#13478 = ORIENTED_EDGE('', *, *, #8154, .T.);
#13479 = ORIENTED_EDGE('', *, *, #8155, .T.);
#13480 = ORIENTED_EDGE('', *, *, #8156, .F.);
#13481 = ORIENTED_EDGE('', *, *, #8152, .F.);
#13482 = EDGE_LOOP('', (#13478, #13479, #13480, #13481));
#13483 = FACE_BOUND('', #13482, .T.);
#13484 = ADVANCED_FACE('', (#13483), #9935, .T.);
#13485 = ORIENTED_EDGE('', *, *, #8157, .T.);
#13486 = ORIENTED_EDGE('', *, *, #8158, .T.);
#13487 = ORIENTED_EDGE('', *, *, #8159, .F.);
#13488 = ORIENTED_EDGE('', *, *, #8155, .F.);
#13489 = EDGE_LOOP('', (#13485, #13486, #13487, #13488));
#13490 = FACE_BOUND('', #13489, .T.);
#13491 = ADVANCED_FACE('', (#13490), #9940, .T.);
#13492 = ORIENTED_EDGE('', *, *, #8160, .T.);
#13493 = ORIENTED_EDGE('', *, *, #8146, .T.);
#13494 = ORIENTED_EDGE('', *, *, #8161, .F.);
#13495 = ORIENTED_EDGE('', *, *, #8158, .F.);
#13496 = EDGE_LOOP('', (#13492, #13493, #13494, #13495));
#13497 = FACE_BOUND('', #13496, .T.);
#13498 = ADVANCED_FACE('', (#13497), #9944, .T.);
#13499 = ORIENTED_EDGE('', *, *, #8160, .F.);
#13500 = ORIENTED_EDGE('', *, *, #8157, .F.);
#13501 = ORIENTED_EDGE('', *, *, #8154, .F.);
#13502 = ORIENTED_EDGE('', *, *, #8151, .F.);
#13503 = ORIENTED_EDGE('', *, *, #8148, .F.);
#13504 = ORIENTED_EDGE('', *, *, #8166, .F.);
#13505 = ORIENTED_EDGE('', *, *, #8164, .T.);
#13506 = ORIENTED_EDGE('', *, *, #8144, .F.);
#13507 = EDGE_LOOP('', (#13499, #13500, #13501, #13502, #13503, #13504, #13505, #13506));
#13508 = FACE_BOUND('', #13507, .T.);
#13509 = ADVANCED_FACE('', (#13508), #9948, .F.);
#13510 = ORIENTED_EDGE('', *, *, #8145, .T.);
#13511 = ORIENTED_EDGE('', *, *, #8165, .F.);
#13512 = ORIENTED_EDGE('', *, *, #8167, .T.);
#13513 = ORIENTED_EDGE('', *, *, #8150, .T.);
#13514 = ORIENTED_EDGE('', *, *, #8153, .T.);
#13515 = ORIENTED_EDGE('', *, *, #8156, .T.);
#13516 = ORIENTED_EDGE('', *, *, #8159, .T.);
#13517 = ORIENTED_EDGE('', *, *, #8161, .T.);
#13518 = EDGE_LOOP('', (#13510, #13511, #13512, #13513, #13514, #13515, #13516, #13517));
#13519 = FACE_BOUND('', #13518, .T.);
#13520 = ADVANCED_FACE('', (#13519), #9952, .T.);
#13521 = ORIENTED_EDGE('', *, *, #8166, .T.);
#13522 = ORIENTED_EDGE('', *, *, #8147, .T.);
#13523 = ORIENTED_EDGE('', *, *, #8167, .F.);
#13524 = ORIENTED_EDGE('', *, *, #8163, .T.);
#13525 = EDGE_LOOP('', (#13521, #13522, #13523, #13524));
#13526 = FACE_BOUND('', #13525, .T.);
#13527 = ADVANCED_FACE('', (#13526), #9922, .T.);
#13528 = ORIENTED_EDGE('', *, *, #8168, .T.);
#13529 = ORIENTED_EDGE('', *, *, #8191, .F.);
#13530 = ORIENTED_EDGE('', *, *, #8187, .F.);
#13531 = ORIENTED_EDGE('', *, *, #8197, .T.);
#13532 = ORIENTED_EDGE('', *, *, #8169, .F.);
#13533 = ORIENTED_EDGE('', *, *, #8170, .F.);
#13534 = EDGE_LOOP('', (#13528, #13529, #13530, #13531, #13532, #13533));
#13535 = FACE_BOUND('', #13534, .T.);
#13536 = ADVANCED_FACE('', (#13535), #9957, .T.);
#13537 = ORIENTED_EDGE('', *, *, #8199, .T.);
#13538 = ORIENTED_EDGE('', *, *, #8171, .T.);
#13539 = ORIENTED_EDGE('', *, *, #8238, .F.);
#13540 = ORIENTED_EDGE('', *, *, #8172, .F.);
#13541 = ORIENTED_EDGE('', *, *, #8197, .F.);
#13542 = ORIENTED_EDGE('', *, *, #8188, .T.);
#13543 = ORIENTED_EDGE('', *, *, #8184, .T.);
#13544 = EDGE_LOOP('', (#13537, #13538, #13539, #13540, #13541, #13542, #13543));
#13545 = FACE_BOUND('', #13544, .T.);
#13546 = ADVANCED_FACE('', (#13545), #9961, .T.);
#13547 = ORIENTED_EDGE('', *, *, #8173, .T.);
#13548 = ORIENTED_EDGE('', *, *, #8174, .T.);
#13549 = ORIENTED_EDGE('', *, *, #8239, .F.);
#13550 = ORIENTED_EDGE('', *, *, #8240, .F.);
#13551 = ORIENTED_EDGE('', *, *, #8171, .F.);
#13552 = EDGE_LOOP('', (#13547, #13548, #13549, #13550, #13551));
#13553 = FACE_BOUND('', #13552, .T.);
#13554 = ADVANCED_FACE('', (#13553), #9966, .T.);
#13555 = ORIENTED_EDGE('', *, *, #8175, .T.);
#13556 = ORIENTED_EDGE('', *, *, #8176, .T.);
#13557 = ORIENTED_EDGE('', *, *, #8241, .F.);
#13558 = ORIENTED_EDGE('', *, *, #8174, .F.);
#13559 = EDGE_LOOP('', (#13555, #13556, #13557, #13558));
#13560 = FACE_BOUND('', #13559, .T.);
#13561 = ADVANCED_FACE('', (#13560), #9970, .T.);
#13562 = ORIENTED_EDGE('', *, *, #8177, .T.);
#13563 = ORIENTED_EDGE('', *, *, #8178, .T.);
#13564 = ORIENTED_EDGE('', *, *, #8243, .F.);
#13565 = ORIENTED_EDGE('', *, *, #8242, .F.);
#13566 = ORIENTED_EDGE('', *, *, #8176, .F.);
#13567 = EDGE_LOOP('', (#13562, #13563, #13564, #13565, #13566));
#13568 = FACE_BOUND('', #13567, .T.);
#13569 = ADVANCED_FACE('', (#13568), #9975, .T.);
#13570 = ORIENTED_EDGE('', *, *, #8179, .T.);
#13571 = ORIENTED_EDGE('', *, *, #8185, .T.);
#13572 = ORIENTED_EDGE('', *, *, #8189, .T.);
#13573 = ORIENTED_EDGE('', *, *, #8196, .T.);
#13574 = ORIENTED_EDGE('', *, *, #8246, .F.);
#13575 = ORIENTED_EDGE('', *, *, #8244, .F.);
#13576 = ORIENTED_EDGE('', *, *, #8178, .F.);
#13577 = EDGE_LOOP('', (#13570, #13571, #13572, #13573, #13574, #13575, #13576));
#13578 = FACE_BOUND('', #13577, .T.);
#13579 = ADVANCED_FACE('', (#13578), #9979, .T.);
#13580 = ORIENTED_EDGE('', *, *, #8194, .T.);
#13581 = ORIENTED_EDGE('', *, *, #8180, .T.);
#13582 = ORIENTED_EDGE('', *, *, #8181, .F.);
#13583 = ORIENTED_EDGE('', *, *, #8196, .F.);
#13584 = ORIENTED_EDGE('', *, *, #8190, .F.);
#13585 = ORIENTED_EDGE('', *, *, #8192, .T.);
#13586 = EDGE_LOOP('', (#13580, #13581, #13582, #13583, #13584, #13585));
#13587 = FACE_BOUND('', #13586, .T.);
#13588 = ADVANCED_FACE('', (#13587), #9984, .T.);
#13589 = ORIENTED_EDGE('', *, *, #8182, .T.);
#13590 = ORIENTED_EDGE('', *, *, #8170, .T.);
#13591 = ORIENTED_EDGE('', *, *, #8183, .F.);
#13592 = ORIENTED_EDGE('', *, *, #8180, .F.);
#13593 = EDGE_LOOP('', (#13589, #13590, #13591, #13592));
#13594 = FACE_BOUND('', #13593, .T.);
#13595 = ADVANCED_FACE('', (#13594), #9988, .T.);
#13596 = ORIENTED_EDGE('', *, *, #8169, .T.);
#13597 = ORIENTED_EDGE('', *, *, #8172, .T.);
#13598 = ORIENTED_EDGE('', *, *, #8245, .T.);
#13599 = ORIENTED_EDGE('', *, *, #8246, .T.);
#13600 = ORIENTED_EDGE('', *, *, #8181, .T.);
#13601 = ORIENTED_EDGE('', *, *, #8183, .T.);
#13602 = EDGE_LOOP('', (#13596, #13597, #13598, #13599, #13600, #13601));
#13603 = FACE_BOUND('', #13602, .T.);
#13604 = ADVANCED_FACE('', (#13603), #9996, .T.);
#13605 = ORIENTED_EDGE('', *, *, #8186, .F.);
#13606 = ORIENTED_EDGE('', *, *, #8179, .F.);
#13607 = ORIENTED_EDGE('', *, *, #8177, .F.);
#13608 = ORIENTED_EDGE('', *, *, #8175, .F.);
#13609 = ORIENTED_EDGE('', *, *, #8173, .F.);
#13610 = ORIENTED_EDGE('', *, *, #8199, .F.);
#13611 = EDGE_LOOP('', (#13605, #13606, #13607, #13608, #13609, #13610));
#13612 = FACE_BOUND('', #13611, .T.);
#13613 = ADVANCED_FACE('', (#13612), #9992, .F.);
#13614 = ORIENTED_EDGE('', *, *, #8182, .F.);
#13615 = ORIENTED_EDGE('', *, *, #8194, .F.);
#13616 = ORIENTED_EDGE('', *, *, #8193, .T.);
#13617 = ORIENTED_EDGE('', *, *, #8168, .F.);
#13618 = EDGE_LOOP('', (#13614, #13615, #13616, #13617));
#13619 = FACE_BOUND('', #13618, .T.);
#13620 = ADVANCED_FACE('', (#13619), #9992, .F.);
#13621 = ORIENTED_EDGE('', *, *, #8200, .T.);
#13622 = ORIENTED_EDGE('', *, *, #8223, .F.);
#13623 = ORIENTED_EDGE('', *, *, #8219, .F.);
#13624 = ORIENTED_EDGE('', *, *, #8229, .T.);
#13625 = ORIENTED_EDGE('', *, *, #8201, .F.);
#13626 = ORIENTED_EDGE('', *, *, #8202, .F.);
#13627 = EDGE_LOOP('', (#13621, #13622, #13623, #13624, #13625, #13626));
#13628 = FACE_BOUND('', #13627, .T.);
#13629 = ADVANCED_FACE('', (#13628), #10001, .T.);
#13630 = ORIENTED_EDGE('', *, *, #8231, .T.);
#13631 = ORIENTED_EDGE('', *, *, #8203, .T.);
#13632 = ORIENTED_EDGE('', *, *, #8254, .T.);
#13633 = ORIENTED_EDGE('', *, *, #8204, .F.);
#13634 = ORIENTED_EDGE('', *, *, #8229, .F.);
#13635 = ORIENTED_EDGE('', *, *, #8220, .T.);
#13636 = ORIENTED_EDGE('', *, *, #8216, .T.);
#13637 = EDGE_LOOP('', (#13630, #13631, #13632, #13633, #13634, #13635, #13636));
#13638 = FACE_BOUND('', #13637, .T.);
#13639 = ADVANCED_FACE('', (#13638), #10005, .T.);
#13640 = ORIENTED_EDGE('', *, *, #8205, .T.);
#13641 = ORIENTED_EDGE('', *, *, #8206, .T.);
#13642 = ORIENTED_EDGE('', *, *, #8255, .F.);
#13643 = ORIENTED_EDGE('', *, *, #8256, .F.);
#13644 = ORIENTED_EDGE('', *, *, #8203, .F.);
#13645 = EDGE_LOOP('', (#13640, #13641, #13642, #13643, #13644));
#13646 = FACE_BOUND('', #13645, .T.);
#13647 = ADVANCED_FACE('', (#13646), #10010, .T.);
#13648 = ORIENTED_EDGE('', *, *, #8207, .T.);
#13649 = ORIENTED_EDGE('', *, *, #8208, .T.);
#13650 = ORIENTED_EDGE('', *, *, #8257, .F.);
#13651 = ORIENTED_EDGE('', *, *, #8206, .F.);
#13652 = EDGE_LOOP('', (#13648, #13649, #13650, #13651));
#13653 = FACE_BOUND('', #13652, .T.);
#13654 = ADVANCED_FACE('', (#13653), #10014, .T.);
#13655 = ORIENTED_EDGE('', *, *, #8209, .T.);
#13656 = ORIENTED_EDGE('', *, *, #8210, .T.);
#13657 = ORIENTED_EDGE('', *, *, #8259, .F.);
#13658 = ORIENTED_EDGE('', *, *, #8258, .F.);
#13659 = ORIENTED_EDGE('', *, *, #8208, .F.);
#13660 = EDGE_LOOP('', (#13655, #13656, #13657, #13658, #13659));
#13661 = FACE_BOUND('', #13660, .T.);
#13662 = ADVANCED_FACE('', (#13661), #10019, .T.);
#13663 = ORIENTED_EDGE('', *, *, #8211, .T.);
#13664 = ORIENTED_EDGE('', *, *, #8217, .T.);
#13665 = ORIENTED_EDGE('', *, *, #8221, .T.);
#13666 = ORIENTED_EDGE('', *, *, #8228, .T.);
#13667 = ORIENTED_EDGE('', *, *, #8262, .F.);
#13668 = ORIENTED_EDGE('', *, *, #8260, .F.);
#13669 = ORIENTED_EDGE('', *, *, #8210, .F.);
#13670 = EDGE_LOOP('', (#13663, #13664, #13665, #13666, #13667, #13668, #13669));
#13671 = FACE_BOUND('', #13670, .T.);
#13672 = ADVANCED_FACE('', (#13671), #10023, .T.);
#13673 = ORIENTED_EDGE('', *, *, #8226, .T.);
#13674 = ORIENTED_EDGE('', *, *, #8212, .T.);
#13675 = ORIENTED_EDGE('', *, *, #8213, .F.);
#13676 = ORIENTED_EDGE('', *, *, #8228, .F.);
#13677 = ORIENTED_EDGE('', *, *, #8222, .F.);
#13678 = ORIENTED_EDGE('', *, *, #8224, .T.);
#13679 = EDGE_LOOP('', (#13673, #13674, #13675, #13676, #13677, #13678));
#13680 = FACE_BOUND('', #13679, .T.);
#13681 = ADVANCED_FACE('', (#13680), #10028, .T.);
#13682 = ORIENTED_EDGE('', *, *, #8214, .T.);
#13683 = ORIENTED_EDGE('', *, *, #8202, .T.);
#13684 = ORIENTED_EDGE('', *, *, #8215, .F.);
#13685 = ORIENTED_EDGE('', *, *, #8212, .F.);
#13686 = EDGE_LOOP('', (#13682, #13683, #13684, #13685));
#13687 = FACE_BOUND('', #13686, .T.);
#13688 = ADVANCED_FACE('', (#13687), #10032, .T.);
#13689 = ORIENTED_EDGE('', *, *, #8201, .T.);
#13690 = ORIENTED_EDGE('', *, *, #8204, .T.);
#13691 = ORIENTED_EDGE('', *, *, #8261, .T.);
#13692 = ORIENTED_EDGE('', *, *, #8262, .T.);
#13693 = ORIENTED_EDGE('', *, *, #8213, .T.);
#13694 = ORIENTED_EDGE('', *, *, #8215, .T.);
#13695 = EDGE_LOOP('', (#13689, #13690, #13691, #13692, #13693, #13694));
#13696 = FACE_BOUND('', #13695, .T.);
#13697 = ADVANCED_FACE('', (#13696), #10040, .T.);
#13698 = ORIENTED_EDGE('', *, *, #8230, .T.);
#13699 = ORIENTED_EDGE('', *, *, #8188, .F.);
#13700 = ORIENTED_EDGE('', *, *, #8187, .T.);
#13701 = ORIENTED_EDGE('', *, *, #8227, .F.);
#13702 = ORIENTED_EDGE('', *, *, #8222, .T.);
#13703 = ORIENTED_EDGE('', *, *, #8221, .F.);
#13704 = EDGE_LOOP('', (#13698, #13699, #13700, #13701, #13702, #13703));
#13705 = FACE_BOUND('', #13704, .T.);
#13706 = ADVANCED_FACE('', (#13705), #9625, .T.);
#13707 = ORIENTED_EDGE('', *, *, #8218, .F.);
#13708 = ORIENTED_EDGE('', *, *, #8211, .F.);
#13709 = ORIENTED_EDGE('', *, *, #8209, .F.);
#13710 = ORIENTED_EDGE('', *, *, #8207, .F.);
#13711 = ORIENTED_EDGE('', *, *, #8205, .F.);
#13712 = ORIENTED_EDGE('', *, *, #8231, .F.);
#13713 = EDGE_LOOP('', (#13707, #13708, #13709, #13710, #13711, #13712));
#13714 = FACE_BOUND('', #13713, .T.);
#13715 = ADVANCED_FACE('', (#13714), #10036, .F.);
#13716 = ORIENTED_EDGE('', *, *, #8214, .F.);
#13717 = ORIENTED_EDGE('', *, *, #8226, .F.);
#13718 = ORIENTED_EDGE('', *, *, #8225, .T.);
#13719 = ORIENTED_EDGE('', *, *, #8200, .F.);
#13720 = EDGE_LOOP('', (#13716, #13717, #13718, #13719));
#13721 = FACE_BOUND('', #13720, .T.);
#13722 = ADVANCED_FACE('', (#13721), #10036, .F.);
#13723 = ORIENTED_EDGE('', *, *, #8237, .T.);
#13724 = ORIENTED_EDGE('', *, *, #8234, .F.);
#13725 = ORIENTED_EDGE('', *, *, #8247, .F.);
#13726 = ORIENTED_EDGE('', *, *, #8239, .T.);
#13727 = ORIENTED_EDGE('', *, *, #8241, .T.);
#13728 = ORIENTED_EDGE('', *, *, #8242, .T.);
#13729 = ORIENTED_EDGE('', *, *, #8233, .F.);
#13730 = ORIENTED_EDGE('', *, *, #8232, .T.);
#13731 = EDGE_LOOP('', (#13723, #13724, #13725, #13726, #13727, #13728, #13729, #13730));
#13732 = FACE_BOUND('', #13731, .T.);
#13733 = ADVANCED_FACE('', (#13732), #10045, .T.);
#13734 = ORIENTED_EDGE('', *, *, #8235, .F.);
#13735 = ORIENTED_EDGE('', *, *, #8232, .F.);
#13736 = ORIENTED_EDGE('', *, *, #8265, .T.);
#13737 = ORIENTED_EDGE('', *, *, #8268, .T.);
#13738 = ORIENTED_EDGE('', *, *, #8269, .F.);
#13739 = ORIENTED_EDGE('', *, *, #8264, .F.);
#13740 = EDGE_LOOP('', (#13734, #13735));
#13741 = FACE_BOUND('', #13740, .T.);
#13742 = EDGE_LOOP('', (#13736, #13737, #13738, #13739));
#13743 = FACE_BOUND('', #13742, .T.);
#13744 = ADVANCED_FACE('', (#13741, #13743), #10049, .F.);
#13745 = ORIENTED_EDGE('', *, *, #8234, .T.);
#13746 = ORIENTED_EDGE('', *, *, #8236, .T.);
#13747 = ORIENTED_EDGE('', *, *, #8266, .T.);
#13748 = ORIENTED_EDGE('', *, *, #8271, .T.);
#13749 = ORIENTED_EDGE('', *, *, #8270, .F.);
#13750 = ORIENTED_EDGE('', *, *, #8267, .F.);
#13751 = EDGE_LOOP('', (#13745, #13746));
#13752 = FACE_BOUND('', #13751, .T.);
#13753 = EDGE_LOOP('', (#13747, #13748, #13749, #13750));
#13754 = FACE_BOUND('', #13753, .T.);
#13755 = ADVANCED_FACE('', (#13752, #13754), #10053, .T.);
#13756 = ORIENTED_EDGE('', *, *, #8237, .F.);
#13757 = ORIENTED_EDGE('', *, *, #8235, .T.);
#13758 = ORIENTED_EDGE('', *, *, #8233, .T.);
#13759 = ORIENTED_EDGE('', *, *, #8243, .T.);
#13760 = ORIENTED_EDGE('', *, *, #8244, .T.);
#13761 = ORIENTED_EDGE('', *, *, #8245, .F.);
#13762 = ORIENTED_EDGE('', *, *, #8238, .T.);
#13763 = ORIENTED_EDGE('', *, *, #8240, .T.);
#13764 = ORIENTED_EDGE('', *, *, #8247, .T.);
#13765 = ORIENTED_EDGE('', *, *, #8236, .F.);
#13766 = EDGE_LOOP('', (#13756, #13757, #13758, #13759, #13760, #13761, #13762, #13763, #13764, #13765));
#13767 = FACE_BOUND('', #13766, .T.);
#13768 = ADVANCED_FACE('', (#13767), #10045, .T.);
#13769 = ORIENTED_EDGE('', *, *, #8253, .T.);
#13770 = ORIENTED_EDGE('', *, *, #8250, .F.);
#13771 = ORIENTED_EDGE('', *, *, #8263, .F.);
#13772 = ORIENTED_EDGE('', *, *, #8255, .T.);
#13773 = ORIENTED_EDGE('', *, *, #8257, .T.);
#13774 = ORIENTED_EDGE('', *, *, #8258, .T.);
#13775 = ORIENTED_EDGE('', *, *, #8249, .F.);
#13776 = ORIENTED_EDGE('', *, *, #8248, .T.);
#13777 = EDGE_LOOP('', (#13769, #13770, #13771, #13772, #13773, #13774, #13775, #13776));
#13778 = FACE_BOUND('', #13777, .T.);
#13779 = ADVANCED_FACE('', (#13778), #10058, .T.);
#13780 = ORIENTED_EDGE('', *, *, #8251, .F.);
#13781 = ORIENTED_EDGE('', *, *, #8248, .F.);
#13782 = ORIENTED_EDGE('', *, *, #8275, .T.);
#13783 = ORIENTED_EDGE('', *, *, #8278, .T.);
#13784 = ORIENTED_EDGE('', *, *, #8279, .F.);
#13785 = ORIENTED_EDGE('', *, *, #8274, .F.);
#13786 = EDGE_LOOP('', (#13780, #13781));
#13787 = FACE_BOUND('', #13786, .T.);
#13788 = EDGE_LOOP('', (#13782, #13783, #13784, #13785));
#13789 = FACE_BOUND('', #13788, .T.);
#13790 = ADVANCED_FACE('', (#13787, #13789), #10062, .F.);
#13791 = ORIENTED_EDGE('', *, *, #8250, .T.);
#13792 = ORIENTED_EDGE('', *, *, #8252, .T.);
#13793 = ORIENTED_EDGE('', *, *, #8276, .T.);
#13794 = ORIENTED_EDGE('', *, *, #8281, .T.);
#13795 = ORIENTED_EDGE('', *, *, #8280, .F.);
#13796 = ORIENTED_EDGE('', *, *, #8277, .F.);
#13797 = EDGE_LOOP('', (#13791, #13792));
#13798 = FACE_BOUND('', #13797, .T.);
#13799 = EDGE_LOOP('', (#13793, #13794, #13795, #13796));
#13800 = FACE_BOUND('', #13799, .T.);
#13801 = ADVANCED_FACE('', (#13798, #13800), #10066, .T.);
#13802 = ORIENTED_EDGE('', *, *, #8253, .F.);
#13803 = ORIENTED_EDGE('', *, *, #8251, .T.);
#13804 = ORIENTED_EDGE('', *, *, #8249, .T.);
#13805 = ORIENTED_EDGE('', *, *, #8259, .T.);
#13806 = ORIENTED_EDGE('', *, *, #8260, .T.);
#13807 = ORIENTED_EDGE('', *, *, #8261, .F.);
#13808 = ORIENTED_EDGE('', *, *, #8254, .F.);
#13809 = ORIENTED_EDGE('', *, *, #8256, .T.);
#13810 = ORIENTED_EDGE('', *, *, #8263, .T.);
#13811 = ORIENTED_EDGE('', *, *, #8252, .F.);
#13812 = EDGE_LOOP('', (#13802, #13803, #13804, #13805, #13806, #13807, #13808, #13809, #13810, #13811));
#13813 = FACE_BOUND('', #13812, .T.);
#13814 = ADVANCED_FACE('', (#13813), #10058, .T.);
#13815 = ORIENTED_EDGE('', *, *, #8264, .T.);
#13816 = ORIENTED_EDGE('', *, *, #8269, .T.);
#13817 = ORIENTED_EDGE('', *, *, #8272, .T.);
#13818 = ORIENTED_EDGE('', *, *, #8271, .F.);
#13819 = ORIENTED_EDGE('', *, *, #8266, .F.);
#13820 = ORIENTED_EDGE('', *, *, #8273, .F.);
#13821 = EDGE_LOOP('', (#13815, #13816, #13817, #13818, #13819, #13820));
#13822 = FACE_BOUND('', #13821, .T.);
#13823 = ADVANCED_FACE('', (#13822), #10071, .F.);
#13824 = ORIENTED_EDGE('', *, *, #8267, .T.);
#13825 = ORIENTED_EDGE('', *, *, #8270, .T.);
#13826 = ORIENTED_EDGE('', *, *, #8272, .F.);
#13827 = ORIENTED_EDGE('', *, *, #8268, .F.);
#13828 = ORIENTED_EDGE('', *, *, #8265, .F.);
#13829 = ORIENTED_EDGE('', *, *, #8273, .T.);
#13830 = EDGE_LOOP('', (#13824, #13825, #13826, #13827, #13828, #13829));
#13831 = FACE_BOUND('', #13830, .T.);
#13832 = ADVANCED_FACE('', (#13831), #10071, .F.);
#13833 = ORIENTED_EDGE('', *, *, #8274, .T.);
#13834 = ORIENTED_EDGE('', *, *, #8279, .T.);
#13835 = ORIENTED_EDGE('', *, *, #8282, .T.);
#13836 = ORIENTED_EDGE('', *, *, #8281, .F.);
#13837 = ORIENTED_EDGE('', *, *, #8276, .F.);
#13838 = ORIENTED_EDGE('', *, *, #8283, .F.);
#13839 = EDGE_LOOP('', (#13833, #13834, #13835, #13836, #13837, #13838));
#13840 = FACE_BOUND('', #13839, .T.);
#13841 = ADVANCED_FACE('', (#13840), #10076, .F.);
#13842 = ORIENTED_EDGE('', *, *, #8277, .T.);
#13843 = ORIENTED_EDGE('', *, *, #8280, .T.);
#13844 = ORIENTED_EDGE('', *, *, #8282, .F.);
#13845 = ORIENTED_EDGE('', *, *, #8278, .F.);
#13846 = ORIENTED_EDGE('', *, *, #8275, .F.);
#13847 = ORIENTED_EDGE('', *, *, #8283, .T.);
#13848 = EDGE_LOOP('', (#13842, #13843, #13844, #13845, #13846, #13847));
#13849 = FACE_BOUND('', #13848, .T.);
#13850 = ADVANCED_FACE('', (#13849), #10076, .F.);
#13851 = CLOSED_SHELL('', (#10083, #10090, #10097, #10104, #10111, #10118, #10125, #10132, #10143, #10154));
#13852 = CLOSED_SHELL('', (#10161, #10165, #10169));
#13853 = CLOSED_SHELL('', (#10176, #10183, #10190, #10197, #10204, #10211, #10218, #10225, #10242, #10259, #10268, #10277));
#13854 = CLOSED_SHELL('', (#10284, #10295, #10306, #10313, #10322, #10331));
#13855 = CLOSED_SHELL('', (#10338, #10349, #10354, #10361, #10369, #10374, #10382));
#13856 = CLOSED_SHELL('', (#10389, #10396, #10403, #10410, #10417, #10424, #10431, #10438, #10449, #10470, #10477, #10484, #10491, #10498, #10505, #10512, #10519, #10526, #10537));
#13857 = CLOSED_SHELL('', (#10542, #10550, #10557, #10562, #10573, #10580, #10588));
#13858 = CLOSED_SHELL('', (#10595, #10602, #10609, #10616, #10623, #10630, #10637, #10644, #10661, #10678, #10687, #10696));
#13859 = CLOSED_SHELL('', (#10703, #10710, #10717, #10724, #10731, #10738, #10745, #10752, #10773, #10794, #10801, #10808, #10815, #10822, #10829, #10836, #10843, #10850));
#13860 = CLOSED_SHELL('', (#10857, #10868, #10879, #10886, #10895, #10904));
#13861 = CLOSED_SHELL('', (#10911, #10918, #10925, #10932, #10939, #10946, #10953, #10960, #10981, #11002, #11009, #11016, #11023, #11030, #11037, #11044, #11051, #11058));
#13862 = CLOSED_SHELL('', (#11065, #11072, #11079, #11086, #11093, #11100, #11107, #11114, #11175, #11236, #11243, #11250, #11257, #11264, #11271, #11278, #11285, #11292, #11299, #11306, #11313, #11320, #11327, #11334, #11341, #11348, #11355, #11362, #11369, #11376, #11383, #11390, #11397, #11404, #11411, #11418, #11425, #11432, #11439, #11446, #11453, #11460, #11467, #11474, #11481, #11488, #11495, #11502, #11509, #11516));
#13863 = CLOSED_SHELL('', (#11523, #11530, #11537, #11544, #11551, #11558, #11565, #11572, #11589, #11610, #11617, #11624, #11631, #11638, #11645, #11652, #11659, #11666, #11683, #11692, #11701));
#13864 = CLOSED_SHELL('', (#11708, #11715, #11722, #11729, #11736, #11743, #11750, #11757, #11778, #11859, #11866, #11873, #11880, #11887, #11894, #11901, #11908, #11915, #11926, #11933, #11940, #11947, #11954, #11961, #11968, #11975, #11982, #11993, #12000, #12007, #12014, #12021, #12028, #12035, #12042, #12049, #12060, #12067, #12074, #12081, #12088, #12095, #12102, #12109, #12116, #12127, #12134, #12141, #12148, #12155, #12162, #12169, #12176, #12183, #12194, #12201, #12208, #12215, #12222, #12229, #12236, #12243, #12250, #12261, #12268, #12275, #12282, #12289, #12296, #12303, #12310, #12317, #12328, #12335, #12342, #12349, #12356, #12363, #12370, #12377, #12384, #12405, #12412, #12419, #12426, #12433, #12440, #12447, #12454, #12461, #12472));
#13865 = CLOSED_SHELL('', (#12479, #12486, #12493, #12500, #12507, #12514, #12521, #12528, #12551, #12574, #12581, #12588, #12595, #12602, #12609, #12616, #12623, #12630, #12637, #12644, #12651, #12664, #12671, #12684, #12697, #12704, #12711, #12720, #12729));
#13866 = CLOSED_SHELL('', (#12736, #12743, #12750, #12765, #12772, #12779, #12786, #12835, #12846, #12871, #12878, #12891, #12898, #12913, #12920, #12933, #12940, #12989, #13020, #13027, #13034, #13041, #13048, #13055, #13062, #13069, #13076, #13083, #13090, #13097, #13104, #13111, #13118, #13125, #13132, #13141, #13149, #13160, #13169, #13177, #13184, #13191, #13198, #13205, #13212, #13219, #13226, #13233, #13242, #13251, #13262, #13269, #13276, #13283, #13290, #13297, #13304, #13311, #13318, #13329, #13336, #13343, #13350, #13357, #13364, #13371, #13378, #13385, #13392, #13399, #13406, #13413, #13420, #13427, #13438, #13449, #13456, #13463, #13470, #13477, #13484, #13491, #13498, #13509, #13520, #13527, #13536, #13546, #13554, #13561, #13569, #13579, #13588, #13595, #13604, #13613, #13620, #13629, #13639, #13647, #13654, #13662, #13672, #13681, #13688, #13697, #13706, #13715, #13722, #13733, #13744, #13755, #13768, #13779, #13790, #13801, #13814, #13823, #13832, #13841, #13850));
#13867 = MANIFOLD_SOLID_BREP('', #13851);
#13868 = MANIFOLD_SOLID_BREP('', #13852);
#13869 = MANIFOLD_SOLID_BREP('', #13853);
#13870 = MANIFOLD_SOLID_BREP('', #13854);
#13871 = MANIFOLD_SOLID_BREP('', #13855);
#13872 = MANIFOLD_SOLID_BREP('', #13856);
#13873 = MANIFOLD_SOLID_BREP('', #13857);
#13874 = MANIFOLD_SOLID_BREP('', #13858);
#13875 = MANIFOLD_SOLID_BREP('', #13859);
#13876 = MANIFOLD_SOLID_BREP('', #13860);
#13877 = MANIFOLD_SOLID_BREP('', #13861);
#13878 = MANIFOLD_SOLID_BREP('', #13862);
#13879 = MANIFOLD_SOLID_BREP('', #13863);
#13880 = MANIFOLD_SOLID_BREP('', #13864);
#13881 = MANIFOLD_SOLID_BREP('', #13865);
#13882 = MANIFOLD_SOLID_BREP('', #13866);
#13883 = APPLICATION_CONTEXT('configuration controlled 3D design of mechanical parts and assemblies');
#13884 = PRODUCT_DEFINITION_CONTEXT('part definition', #13883, 'design');
#13885 = PRODUCT_CONTEXT('', #13883, 'mechanical');
#13886 = PRODUCT('UNIDENTIFIED_PRODUCT', '', $, (#13885));
#13887 = PRODUCT_DEFINITION_FORMATION('', $, #13886);
#13888 = PRODUCT_DEFINITION('design', $, #13887, #13884);
#13889 = PRODUCT_DEFINITION_SHAPE('', '', #13888);
#13890 = ADVANCED_BREP_SHAPE_REPRESENTATION('', (#13882), #4);
#13891 = SHAPE_DEFINITION_REPRESENTATION(#13889, #13890);
#13892 = COLOUR_RGB('', 0.86274511, 0.89803922, 0.90588236);
#13893 = FILL_AREA_STYLE_COLOUR('', #13892);
#13894 = FILL_AREA_STYLE('', (#13893));
#13895 = SURFACE_STYLE_FILL_AREA(#13894);
#13896 = SURFACE_SIDE_STYLE('', (#13895));
#13897 = SURFACE_STYLE_USAGE(.BOTH., #13896);
#13898 = PRESENTATION_STYLE_ASSIGNMENT((#13897));
#13899 = STYLED_ITEM('', (#13898), #13882);
#13900 = MECHANICAL_DESIGN_GEOMETRIC_PRESENTATION_REPRESENTATION('', (#13899), #4);
#13901 = PRODUCT_CONTEXT('', #13883, 'mechanical');
#13902 = PRODUCT('UNIDENTIFIED_PRODUCT', '', $, (#13901));
#13903 = PRODUCT_DEFINITION_FORMATION('', $, #13902);
#13904 = PRODUCT_DEFINITION('design', $, #13903, #13884);
#13905 = PRODUCT_DEFINITION_SHAPE('', '', #13904);
#13906 = ADVANCED_BREP_SHAPE_REPRESENTATION('', (#13881), #4);
#13907 = SHAPE_DEFINITION_REPRESENTATION(#13905, #13906);
#13908 = COLOUR_RGB('', 0.58039218, 0.69803923, 0.74117649);
#13909 = FILL_AREA_STYLE_COLOUR('', #13908);
#13910 = FILL_AREA_STYLE('', (#13909));
#13911 = SURFACE_STYLE_FILL_AREA(#13910);
#13912 = SURFACE_SIDE_STYLE('', (#13911));
#13913 = SURFACE_STYLE_USAGE(.BOTH., #13912);
#13914 = PRESENTATION_STYLE_ASSIGNMENT((#13913));
#13915 = STYLED_ITEM('', (#13914), #13881);
#13916 = MECHANICAL_DESIGN_GEOMETRIC_PRESENTATION_REPRESENTATION('', (#13915), #4);
#13917 = PRODUCT_CONTEXT('', #13883, 'mechanical');
#13918 = PRODUCT('UNIDENTIFIED_PRODUCT', '', $, (#13917));
#13919 = PRODUCT_DEFINITION_FORMATION('', $, #13918);
#13920 = PRODUCT_DEFINITION('design', $, #13919, #13884);
#13921 = PRODUCT_DEFINITION_SHAPE('', '', #13920);
#13922 = ADVANCED_BREP_SHAPE_REPRESENTATION('', (#13880), #4);
#13923 = SHAPE_DEFINITION_REPRESENTATION(#13921, #13922);
#13924 = COLOUR_RGB('', 0.46666667, 0.7647059, 0.74117649);
#13925 = FILL_AREA_STYLE_COLOUR('', #13924);
#13926 = FILL_AREA_STYLE('', (#13925));
#13927 = SURFACE_STYLE_FILL_AREA(#13926);
#13928 = SURFACE_SIDE_STYLE('', (#13927));
#13929 = SURFACE_STYLE_USAGE(.BOTH., #13928);
#13930 = PRESENTATION_STYLE_ASSIGNMENT((#13929));
#13931 = STYLED_ITEM('', (#13930), #13880);
#13932 = MECHANICAL_DESIGN_GEOMETRIC_PRESENTATION_REPRESENTATION('', (#13931), #4);
#13933 = PRODUCT_CONTEXT('', #13883, 'mechanical');
#13934 = PRODUCT('UNIDENTIFIED_PRODUCT', '', $, (#13933));
#13935 = PRODUCT_DEFINITION_FORMATION('', $, #13934);
#13936 = PRODUCT_DEFINITION('design', $, #13935, #13884);
#13937 = PRODUCT_DEFINITION_SHAPE('', '', #13936);
#13938 = ADVANCED_BREP_SHAPE_REPRESENTATION('', (#13879), #4);
#13939 = SHAPE_DEFINITION_REPRESENTATION(#13937, #13938);
#13940 = COLOUR_RGB('', 0.93333334, 0.67450982, 0.34901962);
#13941 = FILL_AREA_STYLE_COLOUR('', #13940);
#13942 = FILL_AREA_STYLE('', (#13941));
#13943 = SURFACE_STYLE_FILL_AREA(#13942);
#13944 = SURFACE_SIDE_STYLE('', (#13943));
#13945 = SURFACE_STYLE_USAGE(.BOTH., #13944);
#13946 = PRESENTATION_STYLE_ASSIGNMENT((#13945));
#13947 = STYLED_ITEM('', (#13946), #13879);
#13948 = MECHANICAL_DESIGN_GEOMETRIC_PRESENTATION_REPRESENTATION('', (#13947), #4);
#13949 = PRODUCT_CONTEXT('', #13883, 'mechanical');
#13950 = PRODUCT('UNIDENTIFIED_PRODUCT', '', $, (#13949));
#13951 = PRODUCT_DEFINITION_FORMATION('', $, #13950);
#13952 = PRODUCT_DEFINITION('design', $, #13951, #13884);
#13953 = PRODUCT_DEFINITION_SHAPE('', '', #13952);
#13954 = ADVANCED_BREP_SHAPE_REPRESENTATION('', (#13878), #4);
#13955 = SHAPE_DEFINITION_REPRESENTATION(#13953, #13954);
#13956 = COLOUR_RGB('', 0.39607844, 0.49019608, 0.52941179);
#13957 = FILL_AREA_STYLE_COLOUR('', #13956);
#13958 = FILL_AREA_STYLE('', (#13957));
#13959 = SURFACE_STYLE_FILL_AREA(#13958);
#13960 = SURFACE_SIDE_STYLE('', (#13959));
#13961 = SURFACE_STYLE_USAGE(.BOTH., #13960);
#13962 = PRESENTATION_STYLE_ASSIGNMENT((#13961));
#13963 = STYLED_ITEM('', (#13962), #13878);
#13964 = MECHANICAL_DESIGN_GEOMETRIC_PRESENTATION_REPRESENTATION('', (#13963), #4);
#13965 = PRODUCT_CONTEXT('', #13883, 'mechanical');
#13966 = PRODUCT('UNIDENTIFIED_PRODUCT', '', $, (#13965));
#13967 = PRODUCT_DEFINITION_FORMATION('', $, #13966);
#13968 = PRODUCT_DEFINITION('design', $, #13967, #13884);
#13969 = PRODUCT_DEFINITION_SHAPE('', '', #13968);
#13970 = ADVANCED_BREP_SHAPE_REPRESENTATION('', (#13877), #4);
#13971 = SHAPE_DEFINITION_REPRESENTATION(#13969, #13970);
#13972 = COLOUR_RGB('', 0.14117648, 0.21960784, 0.24705882);
#13973 = FILL_AREA_STYLE_COLOUR('', #13972);
#13974 = FILL_AREA_STYLE('', (#13973));
#13975 = SURFACE_STYLE_FILL_AREA(#13974);
#13976 = SURFACE_SIDE_STYLE('', (#13975));
#13977 = SURFACE_STYLE_USAGE(.BOTH., #13976);
#13978 = PRESENTATION_STYLE_ASSIGNMENT((#13977));
#13979 = STYLED_ITEM('', (#13978), #13877);
#13980 = MECHANICAL_DESIGN_GEOMETRIC_PRESENTATION_REPRESENTATION('', (#13979), #4);
#13981 = PRODUCT_CONTEXT('', #13883, 'mechanical');
#13982 = PRODUCT('UNIDENTIFIED_PRODUCT', '', $, (#13981));
#13983 = PRODUCT_DEFINITION_FORMATION('', $, #13982);
#13984 = PRODUCT_DEFINITION('design', $, #13983, #13884);
#13985 = PRODUCT_DEFINITION_SHAPE('', '', #13984);
#13986 = ADVANCED_BREP_SHAPE_REPRESENTATION('', (#13876), #4);
#13987 = SHAPE_DEFINITION_REPRESENTATION(#13985, #13986);
#13988 = COLOUR_RGB('', 0.39607844, 0.49019608, 0.52941179);
#13989 = FILL_AREA_STYLE_COLOUR('', #13988);
#13990 = FILL_AREA_STYLE('', (#13989));
#13991 = SURFACE_STYLE_FILL_AREA(#13990);
#13992 = SURFACE_SIDE_STYLE('', (#13991));
#13993 = SURFACE_STYLE_USAGE(.BOTH., #13992);
#13994 = PRESENTATION_STYLE_ASSIGNMENT((#13993));
#13995 = STYLED_ITEM('', (#13994), #13876);
#13996 = MECHANICAL_DESIGN_GEOMETRIC_PRESENTATION_REPRESENTATION('', (#13995), #4);
#13997 = PRODUCT_CONTEXT('', #13883, 'mechanical');
#13998 = PRODUCT('UNIDENTIFIED_PRODUCT', '', $, (#13997));
#13999 = PRODUCT_DEFINITION_FORMATION('', $, #13998);
#14000 = PRODUCT_DEFINITION('design', $, #13999, #13884);
#14001 = PRODUCT_DEFINITION_SHAPE('', '', #14000);
#14002 = ADVANCED_BREP_SHAPE_REPRESENTATION('', (#13875), #4);
#14003 = SHAPE_DEFINITION_REPRESENTATION(#14001, #14002);
#14004 = COLOUR_RGB('', 0.32549021, 0.41568628, 0.4627451);
#14005 = FILL_AREA_STYLE_COLOUR('', #14004);
#14006 = FILL_AREA_STYLE('', (#14005));
#14007 = SURFACE_STYLE_FILL_AREA(#14006);
#14008 = SURFACE_SIDE_STYLE('', (#14007));
#14009 = SURFACE_STYLE_USAGE(.BOTH., #14008);
#14010 = PRESENTATION_STYLE_ASSIGNMENT((#14009));
#14011 = STYLED_ITEM('', (#14010), #13875);
#14012 = MECHANICAL_DESIGN_GEOMETRIC_PRESENTATION_REPRESENTATION('', (#14011), #4);
#14013 = PRODUCT_CONTEXT('', #13883, 'mechanical');
#14014 = PRODUCT('UNIDENTIFIED_PRODUCT', '', $, (#14013));
#14015 = PRODUCT_DEFINITION_FORMATION('', $, #14014);
#14016 = PRODUCT_DEFINITION('design', $, #14015, #13884);
#14017 = PRODUCT_DEFINITION_SHAPE('', '', #14016);
#14018 = ADVANCED_BREP_SHAPE_REPRESENTATION('', (#13874), #4);
#14019 = SHAPE_DEFINITION_REPRESENTATION(#14017, #14018);
#14020 = COLOUR_RGB('', 0.84705883, 0.47843137, 0.1882353);
#14021 = FILL_AREA_STYLE_COLOUR('', #14020);
#14022 = FILL_AREA_STYLE('', (#14021));
#14023 = SURFACE_STYLE_FILL_AREA(#14022);
#14024 = SURFACE_SIDE_STYLE('', (#14023));
#14025 = SURFACE_STYLE_USAGE(.BOTH., #14024);
#14026 = PRESENTATION_STYLE_ASSIGNMENT((#14025));
#14027 = STYLED_ITEM('', (#14026), #13874);
#14028 = MECHANICAL_DESIGN_GEOMETRIC_PRESENTATION_REPRESENTATION('', (#14027), #4);
#14029 = PRODUCT_CONTEXT('', #13883, 'mechanical');
#14030 = PRODUCT('UNIDENTIFIED_PRODUCT', '', $, (#14029));
#14031 = PRODUCT_DEFINITION_FORMATION('', $, #14030);
#14032 = PRODUCT_DEFINITION('design', $, #14031, #13884);
#14033 = PRODUCT_DEFINITION_SHAPE('', '', #14032);
#14034 = ADVANCED_BREP_SHAPE_REPRESENTATION('', (#13873), #4);
#14035 = SHAPE_DEFINITION_REPRESENTATION(#14033, #14034);
#14036 = COLOUR_RGB('', 0.63921571, 0.67843139, 0.7019608);
#14037 = FILL_AREA_STYLE_COLOUR('', #14036);
#14038 = FILL_AREA_STYLE('', (#14037));
#14039 = SURFACE_STYLE_FILL_AREA(#14038);
#14040 = SURFACE_SIDE_STYLE('', (#14039));
#14041 = SURFACE_STYLE_USAGE(.BOTH., #14040);
#14042 = PRESENTATION_STYLE_ASSIGNMENT((#14041));
#14043 = STYLED_ITEM('', (#14042), #13873);
#14044 = MECHANICAL_DESIGN_GEOMETRIC_PRESENTATION_REPRESENTATION('', (#14043), #4);
#14045 = PRODUCT_CONTEXT('', #13883, 'mechanical');
#14046 = PRODUCT('UNIDENTIFIED_PRODUCT', '', $, (#14045));
#14047 = PRODUCT_DEFINITION_FORMATION('', $, #14046);
#14048 = PRODUCT_DEFINITION('design', $, #14047, #13884);
#14049 = PRODUCT_DEFINITION_SHAPE('', '', #14048);
#14050 = ADVANCED_BREP_SHAPE_REPRESENTATION('', (#13872), #4);
#14051 = SHAPE_DEFINITION_REPRESENTATION(#14049, #14050);
#14052 = COLOUR_RGB('', 0.24313726, 0.57647061, 0.60784316);
#14053 = FILL_AREA_STYLE_COLOUR('', #14052);
#14054 = FILL_AREA_STYLE('', (#14053));
#14055 = SURFACE_STYLE_FILL_AREA(#14054);
#14056 = SURFACE_SIDE_STYLE('', (#14055));
#14057 = SURFACE_STYLE_USAGE(.BOTH., #14056);
#14058 = PRESENTATION_STYLE_ASSIGNMENT((#14057));
#14059 = STYLED_ITEM('', (#14058), #13872);
#14060 = MECHANICAL_DESIGN_GEOMETRIC_PRESENTATION_REPRESENTATION('', (#14059), #4);
#14061 = PRODUCT_CONTEXT('', #13883, 'mechanical');
#14062 = PRODUCT('UNIDENTIFIED_PRODUCT', '', $, (#14061));
#14063 = PRODUCT_DEFINITION_FORMATION('', $, #14062);
#14064 = PRODUCT_DEFINITION('design', $, #14063, #13884);
#14065 = PRODUCT_DEFINITION_SHAPE('', '', #14064);
#14066 = ADVANCED_BREP_SHAPE_REPRESENTATION('', (#13871), #4);
#14067 = SHAPE_DEFINITION_REPRESENTATION(#14065, #14066);
#14068 = COLOUR_RGB('', 0.25882354, 0.64705884, 0.65882355);
#14069 = FILL_AREA_STYLE_COLOUR('', #14068);
#14070 = FILL_AREA_STYLE('', (#14069));
#14071 = SURFACE_STYLE_FILL_AREA(#14070);
#14072 = SURFACE_SIDE_STYLE('', (#14071));
#14073 = SURFACE_STYLE_USAGE(.BOTH., #14072);
#14074 = PRESENTATION_STYLE_ASSIGNMENT((#14073));
#14075 = STYLED_ITEM('', (#14074), #13871);
#14076 = MECHANICAL_DESIGN_GEOMETRIC_PRESENTATION_REPRESENTATION('', (#14075), #4);
#14077 = PRODUCT_CONTEXT('', #13883, 'mechanical');
#14078 = PRODUCT('UNIDENTIFIED_PRODUCT', '', $, (#14077));
#14079 = PRODUCT_DEFINITION_FORMATION('', $, #14078);
#14080 = PRODUCT_DEFINITION('design', $, #14079, #13884);
#14081 = PRODUCT_DEFINITION_SHAPE('', '', #14080);
#14082 = ADVANCED_BREP_SHAPE_REPRESENTATION('', (#13870), #4);
#14083 = SHAPE_DEFINITION_REPRESENTATION(#14081, #14082);
#14084 = COLOUR_RGB('', 0.39607844, 0.49019608, 0.52941179);
#14085 = FILL_AREA_STYLE_COLOUR('', #14084);
#14086 = FILL_AREA_STYLE('', (#14085));
#14087 = SURFACE_STYLE_FILL_AREA(#14086);
#14088 = SURFACE_SIDE_STYLE('', (#14087));
#14089 = SURFACE_STYLE_USAGE(.BOTH., #14088);
#14090 = PRESENTATION_STYLE_ASSIGNMENT((#14089));
#14091 = STYLED_ITEM('', (#14090), #13870);
#14092 = MECHANICAL_DESIGN_GEOMETRIC_PRESENTATION_REPRESENTATION('', (#14091), #4);
#14093 = PRODUCT_CONTEXT('', #13883, 'mechanical');
#14094 = PRODUCT('UNIDENTIFIED_PRODUCT', '', $, (#14093));
#14095 = PRODUCT_DEFINITION_FORMATION('', $, #14094);
#14096 = PRODUCT_DEFINITION('design', $, #14095, #13884);
#14097 = PRODUCT_DEFINITION_SHAPE('', '', #14096);
#14098 = ADVANCED_BREP_SHAPE_REPRESENTATION('', (#13869), #4);
#14099 = SHAPE_DEFINITION_REPRESENTATION(#14097, #14098);
#14100 = COLOUR_RGB('', 0.14117648, 0.21960784, 0.24705882);
#14101 = FILL_AREA_STYLE_COLOUR('', #14100);
#14102 = FILL_AREA_STYLE('', (#14101));
#14103 = SURFACE_STYLE_FILL_AREA(#14102);
#14104 = SURFACE_SIDE_STYLE('', (#14103));
#14105 = SURFACE_STYLE_USAGE(.BOTH., #14104);
#14106 = PRESENTATION_STYLE_ASSIGNMENT((#14105));
#14107 = STYLED_ITEM('', (#14106), #13869);
#14108 = MECHANICAL_DESIGN_GEOMETRIC_PRESENTATION_REPRESENTATION('', (#14107), #4);
#14109 = PRODUCT_CONTEXT('', #13883, 'mechanical');
#14110 = PRODUCT('UNIDENTIFIED_PRODUCT', '', $, (#14109));
#14111 = PRODUCT_DEFINITION_FORMATION('', $, #14110);
#14112 = PRODUCT_DEFINITION('design', $, #14111, #13884);
#14113 = PRODUCT_DEFINITION_SHAPE('', '', #14112);
#14114 = ADVANCED_BREP_SHAPE_REPRESENTATION('', (#13868), #4);
#14115 = SHAPE_DEFINITION_REPRESENTATION(#14113, #14114);
#14116 = COLOUR_RGB('', 0.09411765, 0.14901961, 0.20392157);
#14117 = FILL_AREA_STYLE_COLOUR('', #14116);
#14118 = FILL_AREA_STYLE('', (#14117));
#14119 = SURFACE_STYLE_FILL_AREA(#14118);
#14120 = SURFACE_SIDE_STYLE('', (#14119));
#14121 = SURFACE_STYLE_USAGE(.BOTH., #14120);
#14122 = PRESENTATION_STYLE_ASSIGNMENT((#14121));
#14123 = STYLED_ITEM('', (#14122), #13868);
#14124 = MECHANICAL_DESIGN_GEOMETRIC_PRESENTATION_REPRESENTATION('', (#14123), #4);
#14125 = PRODUCT_CONTEXT('', #13883, 'mechanical');
#14126 = PRODUCT('UNIDENTIFIED_PRODUCT', '', $, (#14125));
#14127 = PRODUCT_DEFINITION_FORMATION('', $, #14126);
#14128 = PRODUCT_DEFINITION('design', $, #14127, #13884);
#14129 = PRODUCT_DEFINITION_SHAPE('', '', #14128);
#14130 = ADVANCED_BREP_SHAPE_REPRESENTATION('', (#13867), #4);
#14131 = SHAPE_DEFINITION_REPRESENTATION(#14129, #14130);
#14132 = COLOUR_RGB('', 0.07058824, 0.24313726, 0.31764707);
#14133 = FILL_AREA_STYLE_COLOUR('', #14132);
#14134 = FILL_AREA_STYLE('', (#14133));
#14135 = SURFACE_STYLE_FILL_AREA(#14134);
#14136 = SURFACE_SIDE_STYLE('', (#14135));
#14137 = SURFACE_STYLE_USAGE(.BOTH., #14136);
#14138 = PRESENTATION_STYLE_ASSIGNMENT((#14137));
#14139 = STYLED_ITEM('', (#14138), #13867);
#14140 = MECHANICAL_DESIGN_GEOMETRIC_PRESENTATION_REPRESENTATION('', (#14139), #4);
ENDSEC;
END-ISO-10303-21;
