solid OpenSCAD_Model
  facet normal 0.588365 -0.766737 0.25679
    outer loop
      vertex 72.2262 -57.2262 104.061
      vertex 70.6955 -58.4008 104.061
      vertex 70.9658 -58.8689 102.044
    endloop
  endfacet
  facet normal 0.528373 -0.688558 0.496698
    outer loop
      vertex 72.2262 -57.2262 104.061
      vertex 70.1734 -57.4965 105.87
      vertex 70.6955 -58.4008 104.061
    endloop
  endfacet
  facet normal -0.991442 0.130547 0
    outer loop
      vertex -74.9316 52 -102.044
      vertex -74.6613 54.0528 102.044
      vertex -74.6613 54.0528 -102.044
    endloop
  endfacet
  facet normal -0.991442 0.130547 0
    outer loop
      vertex -74.6613 54.0528 102.044
      vertex -74.9316 52 -102.044
      vertex -74.9316 52 102.044
    endloop
  endfacet
  facet normal 0.766759 -0.588314 0.256839
    outer loop
      vertex 73.8689 -55.9658 102.044
      vertex 72.2262 -57.2262 104.061
      vertex 72.6085 -57.6085 102.044
    endloop
  endfacet
  facet normal -0.528373 -0.688558 -0.496698
    outer loop
      vertex -70.6955 -58.4008 -104.061
      vertex -72.2262 -57.2262 -104.061
      vertex -70.1734 -57.4965 -105.87
    endloop
  endfacet
  facet normal 0.0926699 -0.704111 0.704017
    outer loop
      vertex 68.2605 -56.7041 107.347
      vertex 67 -58.3468 105.87
      vertex 68.6427 -58.1306 105.87
    endloop
  endfacet
  facet normal -0.793374 0.608735 0
    outer loop
      vertex -73.8689 55.9658 -102.044
      vertex -72.6085 57.6085 102.044
      vertex -72.6085 57.6085 -102.044
    endloop
  endfacet
  facet normal -0.793374 0.608735 0
    outer loop
      vertex -72.6085 57.6085 102.044
      vertex -73.8689 55.9658 -102.044
      vertex -73.8689 55.9658 102.044
    endloop
  endfacet
  facet normal -0.258877 0.0340748 0.965309
    outer loop
      vertex -69.9572 52.7924 108.391
      vertex -70.0615 52 108.391
      vertex -68.0442 52 108.932
    endloop
  endfacet
  facet normal 0.207171 -0.158947 0.965306
    outer loop
      vertex 69.6513 -53.5307 108.391
      vertex 67.7384 -52.7384 108.932
      vertex 69.1648 -54.1648 108.391
    endloop
  endfacet
  facet normal 0.8929 -0.369856 0.25678
    outer loop
      vertex 74.1392 -53.9129 104.061
      vertex 73.8689 -55.9658 102.044
      vertex 74.6613 -54.0528 102.044
    endloop
  endfacet
  facet normal -0.0927297 0.704132 0.703989
    outer loop
      vertex -67 58.3468 105.87
      vertex -68.2605 56.7041 107.347
      vertex -67 56.8701 107.347
    endloop
  endfacet
  facet normal 0.588314 -0.766759 0.256839
    outer loop
      vertex 72.2262 -57.2262 104.061
      vertex 70.9658 -58.8689 102.044
      vertex 72.6085 -57.6085 102.044
    endloop
  endfacet
  facet normal 0.332168 -0.801843 0.496701
    outer loop
      vertex 70.1734 -57.4965 105.87
      vertex 68.6427 -58.1306 105.87
      vertex 70.6955 -58.4008 104.061
    endloop
  endfacet
  facet normal 0.382687 -0.923878 0
    outer loop
      vertex 69.0528 -59.6613 -102.044
      vertex 70.9658 -58.8689 102.044
      vertex 69.0528 -59.6613 102.044
    endloop
  endfacet
  facet normal 0.382687 -0.923878 0
    outer loop
      vertex 70.9658 -58.8689 102.044
      vertex 69.0528 -59.6613 -102.044
      vertex 70.9658 -58.8689 -102.044
    endloop
  endfacet
  facet normal 0.965908 0 -0.258884
    outer loop
      vertex 74.9316 -52 -102.044
      vertex 74.391 52 -104.061
      vertex 74.9316 52 -102.044
    endloop
  endfacet
  facet normal 0.965908 0 -0.258884
    outer loop
      vertex 74.391 52 -104.061
      vertex 74.9316 -52 -102.044
      vertex 74.391 -52 -104.061
    endloop
  endfacet
  facet normal 0.0341074 -0.258877 0.965308
    outer loop
      vertex 67 -53.0442 108.932
      vertex 67 -55.0615 108.391
      vertex 67.7924 -54.9571 108.391
    endloop
  endfacet
  facet normal -0.766759 -0.588314 0.256839
    outer loop
      vertex -72.2262 -57.2262 104.061
      vertex -73.8689 -55.9658 102.044
      vertex -72.6085 -57.6085 102.044
    endloop
  endfacet
  facet normal -0.258869 -0.0340945 -0.965311
    outer loop
      vertex -68.0086 -52.2703 -108.932
      vertex -69.9572 -52.7924 -108.391
      vertex -68.0442 -52 -108.932
    endloop
  endfacet
  facet normal -0.49993 0 0.866066
    outer loop
      vertex -71.8701 52 107.347
      vertex -70.0615 -52 108.391
      vertex -70.0615 52 108.391
    endloop
  endfacet
  facet normal -0.49993 0 0.866066
    outer loop
      vertex -70.0615 -52 108.391
      vertex -71.8701 52 107.347
      vertex -71.8701 -52 107.347
    endloop
  endfacet
  facet normal -0.958194 -0.12613 -0.256817
    outer loop
      vertex -74.1392 -53.9129 -104.061
      vertex -74.9316 -52 -102.044
      vertex -74.391 -52 -104.061
    endloop
  endfacet
  facet normal -0.12613 -0.958194 -0.256817
    outer loop
      vertex -67 -59.9316 -102.044
      vertex -68.9129 -59.1392 -104.061
      vertex -67 -59.391 -104.061
    endloop
  endfacet
  facet normal 0.259027 0 -0.96587
    outer loop
      vertex 68.0442 -52 -108.932
      vertex 70.0615 52 -108.391
      vertex 70.0615 -52 -108.391
    endloop
  endfacet
  facet normal 0.259027 0 -0.96587
    outer loop
      vertex 70.0615 52 -108.391
      vertex 68.0442 -52 -108.932
      vertex 68.0442 52 -108.932
    endloop
  endfacet
  facet normal 0.12617 -0.958199 0.256781
    outer loop
      vertex 68.9129 -59.1392 104.061
      vertex 67 -59.9316 102.044
      vertex 69.0528 -59.6613 102.044
    endloop
  endfacet
  facet normal -0.46483 0.192593 0.8642
    outer loop
      vertex -69.6513 53.5307 108.391
      vertex -71.2176 54.435 107.347
      vertex -69.9572 52.7924 108.391
    endloop
  endfacet
  facet normal 0 -0.259027 0.96587
    outer loop
      vertex -67 -53.0442 108.932
      vertex 67 -55.0615 108.391
      vertex 67 -53.0442 108.932
    endloop
  endfacet
  facet normal 0 -0.259027 0.96587
    outer loop
      vertex 67 -55.0615 108.391
      vertex -67 -53.0442 108.932
      vertex -67 -55.0615 108.391
    endloop
  endfacet
  facet normal 0.707179 -0 0.707035
    outer loop
      vertex 71.8701 -52 107.347
      vertex 73.3468 52 105.87
      vertex 71.8701 52 107.347
    endloop
  endfacet
  facet normal 0.707179 0 0.707035
    outer loop
      vertex 73.3468 52 105.87
      vertex 71.8701 -52 107.347
      vertex 73.3468 -52 105.87
    endloop
  endfacet
  facet normal -0.0999216 0.241243 -0.965307
    outer loop
      vertex -67.2703 53.0086 -108.932
      vertex -68.5307 54.6513 -108.391
      vertex -67.7924 54.9571 -108.391
    endloop
  endfacet
  facet normal -0.965908 0 0.258884
    outer loop
      vertex -74.9316 -52 102.044
      vertex -74.391 52 104.061
      vertex -74.9316 52 102.044
    endloop
  endfacet
  facet normal -0.965908 0 0.258884
    outer loop
      vertex -74.391 52 104.061
      vertex -74.9316 -52 102.044
      vertex -74.391 -52 104.061
    endloop
  endfacet
  facet normal -0.192541 -0.464857 0.864196
    outer loop
      vertex -68.5307 -54.6513 108.391
      vertex -69.435 -56.2176 107.347
      vertex -67.7924 -54.9571 108.391
    endloop
  endfacet
  facet normal -0.12613 -0.958194 0.256817
    outer loop
      vertex -67 -59.391 104.061
      vertex -68.9129 -59.1392 104.061
      vertex -67 -59.9316 102.044
    endloop
  endfacet
  facet normal 0 -0.965908 0.258884
    outer loop
      vertex -67 -59.9316 102.044
      vertex 67 -59.391 104.061
      vertex -67 -59.391 104.061
    endloop
  endfacet
  facet normal 0 -0.965908 0.258884
    outer loop
      vertex 67 -59.391 104.061
      vertex -67 -59.9316 102.044
      vertex 67 -59.9316 102.044
    endloop
  endfacet
  facet normal 0.766737 -0.588365 -0.25679
    outer loop
      vertex 73.8689 -55.9658 -102.044
      vertex 72.2262 -57.2262 -104.061
      vertex 73.4008 -55.6955 -104.061
    endloop
  endfacet
  facet normal 0.12617 0.958199 0.256781
    outer loop
      vertex 69.0528 59.6613 102.044
      vertex 67 59.9316 102.044
      vertex 68.9129 59.1392 104.061
    endloop
  endfacet
  facet normal -0.958199 -0.12617 -0.256781
    outer loop
      vertex -74.6613 -54.0528 -102.044
      vertex -74.9316 -52 -102.044
      vertex -74.1392 -53.9129 -104.061
    endloop
  endfacet
  facet normal -0.46483 0.192593 -0.8642
    outer loop
      vertex -69.9572 52.7924 -108.391
      vertex -71.2176 54.435 -107.347
      vertex -69.6513 53.5307 -108.391
    endloop
  endfacet
  facet normal -0.0657241 -0.498849 0.864193
    outer loop
      vertex -67 -55.0615 108.391
      vertex -67.7924 -54.9571 108.391
      vertex -67 -56.8701 107.347
    endloop
  endfacet
  facet normal -0.0341074 -0.258877 -0.965308
    outer loop
      vertex -67 -55.0615 -108.391
      vertex -67.7924 -54.9571 -108.391
      vertex -67 -53.0442 -108.932
    endloop
  endfacet
  facet normal 0.688596 -0.528352 -0.496668
    outer loop
      vertex 72.2262 -57.2262 -104.061
      vertex 71.4879 -56.4879 -105.87
      vertex 72.4965 -55.1734 -105.87
    endloop
  endfacet
  facet normal 0.766759 -0.588314 -0.256839
    outer loop
      vertex 72.6085 -57.6085 -102.044
      vertex 72.2262 -57.2262 -104.061
      vertex 73.8689 -55.9658 -102.044
    endloop
  endfacet
  facet normal -0.158947 -0.207171 -0.965306
    outer loop
      vertex -68.5307 -54.6513 -108.391
      vertex -69.1648 -54.1648 -108.391
      vertex -67.7384 -52.7384 -108.932
    endloop
  endfacet
  facet normal -0.258869 0.0340945 0.965311
    outer loop
      vertex -68.0086 52.2703 108.932
      vertex -69.9572 52.7924 108.391
      vertex -68.0442 52 108.932
    endloop
  endfacet
  facet normal 0.158947 -0.207171 0.965306
    outer loop
      vertex 69.1648 -54.1648 108.391
      vertex 67.7384 -52.7384 108.932
      vertex 68.5307 -54.6513 108.391
    endloop
  endfacet
  facet normal 0.24124 -0.0999258 0.965307
    outer loop
      vertex 68.0086 -52.2703 108.932
      vertex 67.9043 -52.5221 108.932
      vertex 69.6513 -53.5307 108.391
    endloop
  endfacet
  facet normal 0 0.965908 -0.258884
    outer loop
      vertex 67 59.391 -104.061
      vertex -67 59.9316 -102.044
      vertex 67 59.9316 -102.044
    endloop
  endfacet
  facet normal 0 0.965908 -0.258884
    outer loop
      vertex -67 59.9316 -102.044
      vertex 67 59.391 -104.061
      vertex -67 59.391 -104.061
    endloop
  endfacet
  facet normal -0.8605 0.113253 -0.496702
    outer loop
      vertex -73.3468 52 -105.87
      vertex -74.391 52 -104.061
      vertex -73.1306 53.6427 -105.87
    endloop
  endfacet
  facet normal 0.399196 -0.306273 0.864199
    outer loop
      vertex 71.2176 -54.435 107.347
      vertex 69.6513 -53.5307 108.391
      vertex 70.4437 -55.4437 107.347
    endloop
  endfacet
  facet normal 0.306273 -0.399196 0.864199
    outer loop
      vertex 70.4437 -55.4437 107.347
      vertex 68.5307 -54.6513 108.391
      vertex 69.435 -56.2176 107.347
    endloop
  endfacet
  facet normal 0.271803 -0.656124 0.704006
    outer loop
      vertex 69.435 -56.2176 107.347
      vertex 68.6427 -58.1306 105.87
      vertex 70.1734 -57.4965 105.87
    endloop
  endfacet
  facet normal 0.192549 -0.464849 0.864199
    outer loop
      vertex 69.435 -56.2176 107.347
      vertex 67.7924 -54.9571 108.391
      vertex 68.2605 -56.7041 107.347
    endloop
  endfacet
  facet normal 0.0657241 -0.498849 0.864193
    outer loop
      vertex 67 -55.0615 108.391
      vertex 67 -56.8701 107.347
      vertex 67.7924 -54.9571 108.391
    endloop
  endfacet
  facet normal 0.688558 -0.528373 0.496698
    outer loop
      vertex 72.4965 -55.1734 105.87
      vertex 72.2262 -57.2262 104.061
      vertex 73.4008 -55.6955 104.061
    endloop
  endfacet
  facet normal -0 0.259027 0.96587
    outer loop
      vertex -67 55.0615 108.391
      vertex 67 53.0442 108.932
      vertex 67 55.0615 108.391
    endloop
  endfacet
  facet normal 0 0.259027 0.96587
    outer loop
      vertex 67 53.0442 108.932
      vertex -67 55.0615 108.391
      vertex -67 53.0442 108.932
    endloop
  endfacet
  facet normal -0.958194 0.12613 -0.256817
    outer loop
      vertex -74.391 52 -104.061
      vertex -74.9316 52 -102.044
      vertex -74.1392 53.9129 -104.061
    endloop
  endfacet
  facet normal -0.0656942 0.49884 0.864201
    outer loop
      vertex -67 56.8701 107.347
      vertex -68.2605 56.7041 107.347
      vertex -67.7924 54.9571 108.391
    endloop
  endfacet
  facet normal -0.0926699 -0.704111 -0.704017
    outer loop
      vertex -67 -58.3468 -105.87
      vertex -68.6427 -58.1306 -105.87
      vertex -68.2605 -56.7041 -107.347
    endloop
  endfacet
  facet normal 0.130547 -0.991442 0
    outer loop
      vertex 67 -59.9316 -102.044
      vertex 69.0528 -59.6613 102.044
      vertex 67 -59.9316 102.044
    endloop
  endfacet
  facet normal 0.130547 -0.991442 0
    outer loop
      vertex 69.0528 -59.6613 102.044
      vertex 67 -59.9316 -102.044
      vertex 69.0528 -59.6613 -102.044
    endloop
  endfacet
  facet normal -0.80186 -0.332152 0.496685
    outer loop
      vertex -73.1306 -53.6427 105.87
      vertex -74.1392 -53.9129 104.061
      vertex -73.4008 -55.6955 104.061
    endloop
  endfacet
  facet normal -0.12617 -0.958199 0.256781
    outer loop
      vertex -68.9129 -59.1392 104.061
      vertex -69.0528 -59.6613 102.044
      vertex -67 -59.9316 102.044
    endloop
  endfacet
  facet normal -0.892896 0.369861 0.256786
    outer loop
      vertex -73.8689 55.9658 102.044
      vertex -74.1392 53.9129 104.061
      vertex -73.4008 55.6955 104.061
    endloop
  endfacet
  facet normal -0.306273 -0.399196 0.864199
    outer loop
      vertex -68.5307 -54.6513 108.391
      vertex -70.4437 -55.4437 107.347
      vertex -69.435 -56.2176 107.347
    endloop
  endfacet
  facet normal -1 0 0
    outer loop
      vertex -74.9316 -52 -102.044
      vertex -74.9316 52 102.044
      vertex -74.9316 52 -102.044
    endloop
  endfacet
  facet normal -1 -0 0
    outer loop
      vertex -74.9316 52 102.044
      vertex -74.9316 -52 -102.044
      vertex -74.9316 -52 102.044
    endloop
  endfacet
  facet normal 0.49993 0 -0.866066
    outer loop
      vertex 70.0615 -52 -108.391
      vertex 71.8701 52 -107.347
      vertex 71.8701 -52 -107.347
    endloop
  endfacet
  facet normal 0.49993 0 -0.866066
    outer loop
      vertex 71.8701 52 -107.347
      vertex 70.0615 -52 -108.391
      vertex 70.0615 52 -108.391
    endloop
  endfacet
  facet normal -0.766737 0.588365 0.25679
    outer loop
      vertex -72.2262 57.2262 104.061
      vertex -73.8689 55.9658 102.044
      vertex -73.4008 55.6955 104.061
    endloop
  endfacet
  facet normal 0.0341074 0.258877 -0.965308
    outer loop
      vertex 67.7924 54.9571 -108.391
      vertex 67 53.0442 -108.932
      vertex 67 55.0615 -108.391
    endloop
  endfacet
  facet normal 0.192549 -0.464849 -0.864199
    outer loop
      vertex 68.2605 -56.7041 -107.347
      vertex 67.7924 -54.9571 -108.391
      vertex 69.435 -56.2176 -107.347
    endloop
  endfacet
  facet normal 0.369856 0.8929 -0.25678
    outer loop
      vertex 70.9658 58.8689 -102.044
      vertex 68.9129 59.1392 -104.061
      vertex 69.0528 59.6613 -102.044
    endloop
  endfacet
  facet normal 0.399196 -0.306273 -0.864199
    outer loop
      vertex 70.4437 -55.4437 -107.347
      vertex 69.6513 -53.5307 -108.391
      vertex 71.2176 -54.435 -107.347
    endloop
  endfacet
  facet normal 0.369856 -0.8929 0.25678
    outer loop
      vertex 70.9658 -58.8689 102.044
      vertex 68.9129 -59.1392 104.061
      vertex 69.0528 -59.6613 102.044
    endloop
  endfacet
  facet normal 1 -0 0
    outer loop
      vertex 74.9316 -52 102.044
      vertex 74.9316 52 -102.044
      vertex 74.9316 52 102.044
    endloop
  endfacet
  facet normal 1 0 0
    outer loop
      vertex 74.9316 52 -102.044
      vertex 74.9316 -52 102.044
      vertex 74.9316 -52 -102.044
    endloop
  endfacet
  facet normal 0.8929 -0.369856 -0.25678
    outer loop
      vertex 74.6613 -54.0528 -102.044
      vertex 73.8689 -55.9658 -102.044
      vertex 74.1392 -53.9129 -104.061
    endloop
  endfacet
  facet normal 0.991442 -0.130547 0
    outer loop
      vertex 74.6613 -54.0528 102.044
      vertex 74.9316 -52 -102.044
      vertex 74.9316 -52 102.044
    endloop
  endfacet
  facet normal 0.991442 -0.130547 0
    outer loop
      vertex 74.9316 -52 -102.044
      vertex 74.6613 -54.0528 102.044
      vertex 74.6613 -54.0528 -102.044
    endloop
  endfacet
  facet normal 0.12613 0.958194 0.256817
    outer loop
      vertex 67 59.9316 102.044
      vertex 67 59.391 104.061
      vertex 68.9129 59.1392 104.061
    endloop
  endfacet
  facet normal 0.130547 0.991442 -0
    outer loop
      vertex 69.0528 59.6613 -102.044
      vertex 67 59.9316 102.044
      vertex 69.0528 59.6613 102.044
    endloop
  endfacet
  facet normal 0.130547 0.991442 0
    outer loop
      vertex 67 59.9316 102.044
      vertex 69.0528 59.6613 -102.044
      vertex 67 59.9316 -102.044
    endloop
  endfacet
  facet normal 0.258869 0.0340945 -0.965311
    outer loop
      vertex 68.0442 52 -108.932
      vertex 68.0086 52.2703 -108.932
      vertex 69.9572 52.7924 -108.391
    endloop
  endfacet
  facet normal 0.563445 -0.432324 0.704007
    outer loop
      vertex 72.4965 -55.1734 105.87
      vertex 71.2176 -54.435 107.347
      vertex 71.4879 -56.4879 105.87
    endloop
  endfacet
  facet normal 0.866072 -0 0.499919
    outer loop
      vertex 73.3468 -52 105.87
      vertex 74.391 52 104.061
      vertex 73.3468 52 105.87
    endloop
  endfacet
  facet normal 0.866072 0 0.499919
    outer loop
      vertex 74.391 52 104.061
      vertex 73.3468 -52 105.87
      vertex 74.391 -52 104.061
    endloop
  endfacet
  facet normal 0.12613 -0.958194 0.256817
    outer loop
      vertex 67 -59.391 104.061
      vertex 67 -59.9316 102.044
      vertex 68.9129 -59.1392 104.061
    endloop
  endfacet
  facet normal 0.271778 -0.656123 0.704017
    outer loop
      vertex 69.435 -56.2176 107.347
      vertex 68.2605 -56.7041 107.347
      vertex 68.6427 -58.1306 105.87
    endloop
  endfacet
  facet normal -0.113253 -0.8605 0.496702
    outer loop
      vertex -67 -58.3468 105.87
      vertex -68.6427 -58.1306 105.87
      vertex -67 -59.391 104.061
    endloop
  endfacet
  facet normal 0 -0.49993 0.866066
    outer loop
      vertex -67 -55.0615 108.391
      vertex 67 -56.8701 107.347
      vertex 67 -55.0615 108.391
    endloop
  endfacet
  facet normal 0 -0.49993 0.866066
    outer loop
      vertex 67 -56.8701 107.347
      vertex -67 -55.0615 108.391
      vertex -67 -56.8701 107.347
    endloop
  endfacet
  facet normal -0.258877 -0.0340748 0.965309
    outer loop
      vertex -68.0442 -52 108.932
      vertex -70.0615 -52 108.391
      vertex -69.9572 -52.7924 108.391
    endloop
  endfacet
  facet normal 0.0999216 -0.241243 0.965307
    outer loop
      vertex 68.5307 -54.6513 108.391
      vertex 67.2703 -53.0086 108.932
      vertex 67.7924 -54.9571 108.391
    endloop
  endfacet
  facet normal 0.0927297 -0.704132 0.703989
    outer loop
      vertex 67 -56.8701 107.347
      vertex 67 -58.3468 105.87
      vertex 68.2605 -56.7041 107.347
    endloop
  endfacet
  facet normal -0.399195 -0.306274 0.864199
    outer loop
      vertex -69.6513 -53.5307 108.391
      vertex -70.4437 -55.4437 107.347
      vertex -69.1648 -54.1648 108.391
    endloop
  endfacet
  facet normal -0.704132 -0.0927297 0.703989
    outer loop
      vertex -71.8701 -52 107.347
      vertex -73.3468 -52 105.87
      vertex -71.7041 -53.2605 107.347
    endloop
  endfacet
  facet normal -0 0.49993 0.866066
    outer loop
      vertex -67 56.8701 107.347
      vertex 67 55.0615 108.391
      vertex 67 56.8701 107.347
    endloop
  endfacet
  facet normal 0 0.49993 0.866066
    outer loop
      vertex 67 55.0615 108.391
      vertex -67 56.8701 107.347
      vertex -67 55.0615 108.391
    endloop
  endfacet
  facet normal -0.0999258 0.24124 0.965307
    outer loop
      vertex -67.2703 53.0086 108.932
      vertex -68.5307 54.6513 108.391
      vertex -67.5221 52.9043 108.932
    endloop
  endfacet
  facet normal -0.766759 0.588314 0.256839
    outer loop
      vertex -72.6085 57.6085 102.044
      vertex -73.8689 55.9658 102.044
      vertex -72.2262 57.2262 104.061
    endloop
  endfacet
  facet normal -0.382687 -0.923878 0
    outer loop
      vertex -70.9658 -58.8689 -102.044
      vertex -69.0528 -59.6613 102.044
      vertex -70.9658 -58.8689 102.044
    endloop
  endfacet
  facet normal -0.382687 -0.923878 -0
    outer loop
      vertex -69.0528 -59.6613 102.044
      vertex -70.9658 -58.8689 -102.044
      vertex -69.0528 -59.6613 -102.044
    endloop
  endfacet
  facet normal -0.369861 -0.892896 -0.256786
    outer loop
      vertex -68.9129 -59.1392 -104.061
      vertex -70.9658 -58.8689 -102.044
      vertex -70.6955 -58.4008 -104.061
    endloop
  endfacet
  facet normal 0 -0.965908 -0.258884
    outer loop
      vertex -67 -59.391 -104.061
      vertex 67 -59.9316 -102.044
      vertex -67 -59.9316 -102.044
    endloop
  endfacet
  facet normal 0 -0.965908 -0.258884
    outer loop
      vertex 67 -59.9316 -102.044
      vertex -67 -59.391 -104.061
      vertex 67 -59.391 -104.061
    endloop
  endfacet
  facet normal 0.793374 -0.608735 0
    outer loop
      vertex 72.6085 -57.6085 102.044
      vertex 73.8689 -55.9658 -102.044
      vertex 73.8689 -55.9658 102.044
    endloop
  endfacet
  facet normal 0.793374 -0.608735 0
    outer loop
      vertex 73.8689 -55.9658 -102.044
      vertex 72.6085 -57.6085 102.044
      vertex 72.6085 -57.6085 -102.044
    endloop
  endfacet
  facet normal 0.432311 -0.563473 -0.703993
    outer loop
      vertex 71.4879 -56.4879 -105.87
      vertex 69.435 -56.2176 -107.347
      vertex 70.4437 -55.4437 -107.347
    endloop
  endfacet
  facet normal -0.12617 -0.958199 -0.256781
    outer loop
      vertex -67 -59.9316 -102.044
      vertex -69.0528 -59.6613 -102.044
      vertex -68.9129 -59.1392 -104.061
    endloop
  endfacet
  facet normal -0.766759 -0.588314 -0.256839
    outer loop
      vertex -72.6085 -57.6085 -102.044
      vertex -73.8689 -55.9658 -102.044
      vertex -72.2262 -57.2262 -104.061
    endloop
  endfacet
  facet normal -0.958194 -0.12613 0.256817
    outer loop
      vertex -74.391 -52 104.061
      vertex -74.9316 -52 102.044
      vertex -74.1392 -53.9129 104.061
    endloop
  endfacet
  facet normal -0.258877 0.0340748 -0.965309
    outer loop
      vertex -68.0442 52 -108.932
      vertex -70.0615 52 -108.391
      vertex -69.9572 52.7924 -108.391
    endloop
  endfacet
  facet normal 0.306273 -0.399196 -0.864199
    outer loop
      vertex 69.435 -56.2176 -107.347
      vertex 68.5307 -54.6513 -108.391
      vertex 70.4437 -55.4437 -107.347
    endloop
  endfacet
  facet normal -0.965908 0 -0.258884
    outer loop
      vertex -74.391 -52 -104.061
      vertex -74.9316 52 -102.044
      vertex -74.391 52 -104.061
    endloop
  endfacet
  facet normal -0.965908 -0 -0.258884
    outer loop
      vertex -74.9316 52 -102.044
      vertex -74.391 -52 -104.061
      vertex -74.9316 -52 -102.044
    endloop
  endfacet
  facet normal -0.958199 0.12617 -0.256781
    outer loop
      vertex -74.1392 53.9129 -104.061
      vertex -74.9316 52 -102.044
      vertex -74.6613 54.0528 -102.044
    endloop
  endfacet
  facet normal 0.0927297 -0.704132 -0.703989
    outer loop
      vertex 68.2605 -56.7041 -107.347
      vertex 67 -58.3468 -105.87
      vertex 67 -56.8701 -107.347
    endloop
  endfacet
  facet normal 0.0340961 0.258881 -0.965307
    outer loop
      vertex 67.2703 53.0086 -108.932
      vertex 67 53.0442 -108.932
      vertex 67.7924 54.9571 -108.391
    endloop
  endfacet
  facet normal -0.498851 -0.0656615 -0.864197
    outer loop
      vertex -69.9572 -52.7924 -108.391
      vertex -71.8701 -52 -107.347
      vertex -70.0615 -52 -108.391
    endloop
  endfacet
  facet normal -0.369856 -0.8929 -0.25678
    outer loop
      vertex -69.0528 -59.6613 -102.044
      vertex -70.9658 -58.8689 -102.044
      vertex -68.9129 -59.1392 -104.061
    endloop
  endfacet
  facet normal 0.588314 0.766759 0.256839
    outer loop
      vertex 72.6085 57.6085 102.044
      vertex 70.9658 58.8689 102.044
      vertex 72.2262 57.2262 104.061
    endloop
  endfacet
  facet normal 0.991442 0.130547 0
    outer loop
      vertex 74.9316 52 102.044
      vertex 74.6613 54.0528 -102.044
      vertex 74.6613 54.0528 102.044
    endloop
  endfacet
  facet normal 0.991442 0.130547 0
    outer loop
      vertex 74.6613 54.0528 -102.044
      vertex 74.9316 52 102.044
      vertex 74.9316 52 -102.044
    endloop
  endfacet
  facet normal 0.958194 -0.12613 0.256817
    outer loop
      vertex 74.391 -52 104.061
      vertex 74.1392 -53.9129 104.061
      vertex 74.9316 -52 102.044
    endloop
  endfacet
  facet normal 0.860505 -0.113271 0.49669
    outer loop
      vertex 74.391 -52 104.061
      vertex 73.1306 -53.6427 105.87
      vertex 74.1392 -53.9129 104.061
    endloop
  endfacet
  facet normal 0.0999258 -0.24124 0.965307
    outer loop
      vertex 67.5221 -52.9043 108.932
      vertex 67.2703 -53.0086 108.932
      vertex 68.5307 -54.6513 108.391
    endloop
  endfacet
  facet normal -0.12617 0.958199 -0.256781
    outer loop
      vertex -68.9129 59.1392 -104.061
      vertex -69.0528 59.6613 -102.044
      vertex -67 59.9316 -102.044
    endloop
  endfacet
  facet normal -0.113271 0.860505 -0.49669
    outer loop
      vertex -68.6427 58.1306 -105.87
      vertex -68.9129 59.1392 -104.061
      vertex -67 59.391 -104.061
    endloop
  endfacet
  facet normal -0.12613 0.958194 -0.256817
    outer loop
      vertex -67 59.391 -104.061
      vertex -68.9129 59.1392 -104.061
      vertex -67 59.9316 -102.044
    endloop
  endfacet
  facet normal 0 0.965908 0.258884
    outer loop
      vertex 67 59.9316 102.044
      vertex -67 59.391 104.061
      vertex 67 59.391 104.061
    endloop
  endfacet
  facet normal 0 0.965908 0.258884
    outer loop
      vertex -67 59.391 104.061
      vertex 67 59.9316 102.044
      vertex -67 59.9316 102.044
    endloop
  endfacet
  facet normal 0 1 -0
    outer loop
      vertex 67 59.9316 -102.044
      vertex -67 59.9316 102.044
      vertex 67 59.9316 102.044
    endloop
  endfacet
  facet normal 0 1 0
    outer loop
      vertex -67 59.9316 102.044
      vertex 67 59.9316 -102.044
      vertex -67 59.9316 -102.044
    endloop
  endfacet
  facet normal 0.801843 0.332168 0.496701
    outer loop
      vertex 73.4008 55.6955 104.061
      vertex 72.4965 55.1734 105.87
      vertex 73.1306 53.6427 105.87
    endloop
  endfacet
  facet normal -0.332152 0.80186 0.496685
    outer loop
      vertex -68.9129 59.1392 104.061
      vertex -70.6955 58.4008 104.061
      vertex -68.6427 58.1306 105.87
    endloop
  endfacet
  facet normal -0.158947 0.207171 -0.965306
    outer loop
      vertex -67.7384 52.7384 -108.932
      vertex -69.1648 54.1648 -108.391
      vertex -68.5307 54.6513 -108.391
    endloop
  endfacet
  facet normal 0.892896 0.369861 -0.256786
    outer loop
      vertex 74.1392 53.9129 -104.061
      vertex 73.4008 55.6955 -104.061
      vertex 73.8689 55.9658 -102.044
    endloop
  endfacet
  facet normal 0.0340961 0.258881 0.965307
    outer loop
      vertex 67.7924 54.9571 108.391
      vertex 67 53.0442 108.932
      vertex 67.2703 53.0086 108.932
    endloop
  endfacet
  facet normal 0.15891 -0.207187 0.965309
    outer loop
      vertex 67.7384 -52.7384 108.932
      vertex 67.5221 -52.9043 108.932
      vertex 68.5307 -54.6513 108.391
    endloop
  endfacet
  facet normal 0.432324 -0.563445 0.704007
    outer loop
      vertex 71.4879 -56.4879 105.87
      vertex 69.435 -56.2176 107.347
      vertex 70.1734 -57.4965 105.87
    endloop
  endfacet
  facet normal 0.563473 -0.432311 0.703993
    outer loop
      vertex 71.2176 -54.435 107.347
      vertex 70.4437 -55.4437 107.347
      vertex 71.4879 -56.4879 105.87
    endloop
  endfacet
  facet normal 0 -1 0
    outer loop
      vertex -67 -59.9316 102.044
      vertex 0 -59.9316 77
      vertex 67 -59.9316 102.044
    endloop
  endfacet
  facet normal 0 -1 0
    outer loop
      vertex -67 -59.9316 102.044
      vertex -1.04421 -59.9316 76.9316
      vertex 0 -59.9316 77
    endloop
  endfacet
  facet normal 0 -1 0
    outer loop
      vertex -67 -59.9316 102.044
      vertex -2.07055 -59.9316 76.7274
      vertex -1.04421 -59.9316 76.9316
    endloop
  endfacet
  facet normal 0 -1 0
    outer loop
      vertex -67 -59.9316 102.044
      vertex -3.06147 -59.9316 76.391
      vertex -2.07055 -59.9316 76.7274
    endloop
  endfacet
  facet normal 0 -1 0
    outer loop
      vertex -67 -59.9316 102.044
      vertex -4 -59.9316 75.9282
      vertex -3.06147 -59.9316 76.391
    endloop
  endfacet
  facet normal 0 -1 0
    outer loop
      vertex -67 -59.9316 102.044
      vertex -4.87009 -59.9316 75.3468
      vertex -4 -59.9316 75.9282
    endloop
  endfacet
  facet normal 0 -1 0
    outer loop
      vertex -67 -59.9316 102.044
      vertex -5.65685 -59.9316 74.6569
      vertex -4.87009 -59.9316 75.3468
    endloop
  endfacet
  facet normal 0 -1 0
    outer loop
      vertex -67 -59.9316 102.044
      vertex -6.34683 -59.9316 73.8701
      vertex -5.65685 -59.9316 74.6569
    endloop
  endfacet
  facet normal 0 -1 0
    outer loop
      vertex -67 -59.9316 102.044
      vertex -6.9282 -59.9316 73
      vertex -6.34683 -59.9316 73.8701
    endloop
  endfacet
  facet normal 0 -1 0
    outer loop
      vertex -67 -59.9316 102.044
      vertex -7.39104 -59.9316 72.0615
      vertex -6.9282 -59.9316 73
    endloop
  endfacet
  facet normal 0 -1 0
    outer loop
      vertex -67 -59.9316 102.044
      vertex -7.72741 -59.9316 71.0705
      vertex -7.39104 -59.9316 72.0615
    endloop
  endfacet
  facet normal 0 -1 0
    outer loop
      vertex -67 -59.9316 102.044
      vertex -7.93156 -59.9316 70.0442
      vertex -7.72741 -59.9316 71.0705
    endloop
  endfacet
  facet normal 0 -1 0
    outer loop
      vertex -67 -59.9316 102.044
      vertex -8 -59.9316 69
      vertex -7.93156 -59.9316 70.0442
    endloop
  endfacet
  facet normal 0 -1 0
    outer loop
      vertex -67 -59.9316 102.044
      vertex -7.93156 -59.9316 67.9558
      vertex -8 -59.9316 69
    endloop
  endfacet
  facet normal 0 -1 0
    outer loop
      vertex -67 -59.9316 102.044
      vertex -7.72741 -59.9316 66.9294
      vertex -7.93156 -59.9316 67.9558
    endloop
  endfacet
  facet normal 0 -1 0
    outer loop
      vertex -67 -59.9316 102.044
      vertex -7.39104 -59.9316 65.9385
      vertex -7.72741 -59.9316 66.9294
    endloop
  endfacet
  facet normal 0 -1 0
    outer loop
      vertex -67 -59.9316 102.044
      vertex -6.9282 -59.9316 65
      vertex -7.39104 -59.9316 65.9385
    endloop
  endfacet
  facet normal 0 -1 0
    outer loop
      vertex -40 -59.9316 -39
      vertex -6.9282 -59.9316 65
      vertex -67 -59.9316 102.044
    endloop
  endfacet
  facet normal 0 -1 -0
    outer loop
      vertex -6.9282 -59.9316 65
      vertex -40 -59.9316 -39
      vertex -6.34683 -59.9316 64.1299
    endloop
  endfacet
  facet normal 0 -1 -0
    outer loop
      vertex -6.34683 -59.9316 64.1299
      vertex -40 -59.9316 -39
      vertex -5.65685 -59.9316 63.3431
    endloop
  endfacet
  facet normal 0 -1 -0
    outer loop
      vertex -5.65685 -59.9316 63.3431
      vertex -40 -59.9316 -39
      vertex -4.87009 -59.9316 62.6532
    endloop
  endfacet
  facet normal 0 -1 -0
    outer loop
      vertex -1.04421 -59.9316 61.0684
      vertex -40 -59.9316 -39
      vertex 0 -59.9316 61
    endloop
  endfacet
  facet normal 0 -1 -0
    outer loop
      vertex -2.07055 -59.9316 61.2726
      vertex -40 -59.9316 -39
      vertex -1.04421 -59.9316 61.0684
    endloop
  endfacet
  facet normal 0 -1 -0
    outer loop
      vertex -3.06147 -59.9316 61.609
      vertex -40 -59.9316 -39
      vertex -2.07055 -59.9316 61.2726
    endloop
  endfacet
  facet normal 0 -1 -0
    outer loop
      vertex -4 -59.9316 62.0718
      vertex -40 -59.9316 -39
      vertex -3.06147 -59.9316 61.609
    endloop
  endfacet
  facet normal 0 -1 -0
    outer loop
      vertex -4.87009 -59.9316 62.6532
      vertex -40 -59.9316 -39
      vertex -4 -59.9316 62.0718
    endloop
  endfacet
  facet normal 0 -1 0
    outer loop
      vertex -67 -59.9316 -102.044
      vertex -40 -59.9316 -39
      vertex -67 -59.9316 102.044
    endloop
  endfacet
  facet normal 0 -1 0
    outer loop
      vertex -67 -59.9316 -102.044
      vertex -37.5 -59.9316 -87
      vertex -40 -59.9316 -87
    endloop
  endfacet
  facet normal 0 -1 -0
    outer loop
      vertex -37.5 -59.9316 -87
      vertex -67 -59.9316 -102.044
      vertex 37.5 -59.9316 -87
    endloop
  endfacet
  facet normal 0 -1 0
    outer loop
      vertex 67 -59.9316 -102.044
      vertex 37.5 -59.9316 -87
      vertex -67 -59.9316 -102.044
    endloop
  endfacet
  facet normal 0 -1 -0
    outer loop
      vertex -40 -59.9316 -39
      vertex -67 -59.9316 -102.044
      vertex -40 -59.9316 -87
    endloop
  endfacet
  facet normal 0 -1 0
    outer loop
      vertex 1.04421 -59.9316 76.9316
      vertex 67 -59.9316 102.044
      vertex 0 -59.9316 77
    endloop
  endfacet
  facet normal 0 -1 0
    outer loop
      vertex 2.07055 -59.9316 76.7274
      vertex 67 -59.9316 102.044
      vertex 1.04421 -59.9316 76.9316
    endloop
  endfacet
  facet normal 0 -1 0
    outer loop
      vertex 3.06147 -59.9316 76.391
      vertex 67 -59.9316 102.044
      vertex 2.07055 -59.9316 76.7274
    endloop
  endfacet
  facet normal 0 -1 0
    outer loop
      vertex 4 -59.9316 75.9282
      vertex 67 -59.9316 102.044
      vertex 3.06147 -59.9316 76.391
    endloop
  endfacet
  facet normal 0 -1 0
    outer loop
      vertex 4.87009 -59.9316 75.3468
      vertex 67 -59.9316 102.044
      vertex 4 -59.9316 75.9282
    endloop
  endfacet
  facet normal 0 -1 0
    outer loop
      vertex 5.65685 -59.9316 74.6569
      vertex 67 -59.9316 102.044
      vertex 4.87009 -59.9316 75.3468
    endloop
  endfacet
  facet normal 0 -1 0
    outer loop
      vertex 6.34683 -59.9316 73.8701
      vertex 67 -59.9316 102.044
      vertex 5.65685 -59.9316 74.6569
    endloop
  endfacet
  facet normal 0 -1 0
    outer loop
      vertex 6.9282 -59.9316 73
      vertex 67 -59.9316 102.044
      vertex 6.34683 -59.9316 73.8701
    endloop
  endfacet
  facet normal 0 -1 0
    outer loop
      vertex 7.39104 -59.9316 72.0615
      vertex 67 -59.9316 102.044
      vertex 6.9282 -59.9316 73
    endloop
  endfacet
  facet normal 0 -1 0
    outer loop
      vertex 7.72741 -59.9316 71.0705
      vertex 67 -59.9316 102.044
      vertex 7.39104 -59.9316 72.0615
    endloop
  endfacet
  facet normal 0 -1 0
    outer loop
      vertex 7.93156 -59.9316 70.0442
      vertex 67 -59.9316 102.044
      vertex 7.72741 -59.9316 71.0705
    endloop
  endfacet
  facet normal 0 -1 0
    outer loop
      vertex 8 -59.9316 69
      vertex 67 -59.9316 102.044
      vertex 7.93156 -59.9316 70.0442
    endloop
  endfacet
  facet normal 0 -1 0
    outer loop
      vertex 7.93156 -59.9316 67.9558
      vertex 67 -59.9316 102.044
      vertex 8 -59.9316 69
    endloop
  endfacet
  facet normal 0 -1 0
    outer loop
      vertex 7.72741 -59.9316 66.9294
      vertex 67 -59.9316 102.044
      vertex 7.93156 -59.9316 67.9558
    endloop
  endfacet
  facet normal 0 -1 0
    outer loop
      vertex 7.39104 -59.9316 65.9385
      vertex 67 -59.9316 102.044
      vertex 7.72741 -59.9316 66.9294
    endloop
  endfacet
  facet normal 0 -1 0
    outer loop
      vertex 6.9282 -59.9316 65
      vertex 67 -59.9316 102.044
      vertex 7.39104 -59.9316 65.9385
    endloop
  endfacet
  facet normal 0 -1 0
    outer loop
      vertex 40 -59.9316 -39
      vertex 6.9282 -59.9316 65
      vertex 6.34683 -59.9316 64.1299
    endloop
  endfacet
  facet normal 0 -1 0
    outer loop
      vertex 40 -59.9316 -39
      vertex 6.34683 -59.9316 64.1299
      vertex 5.65685 -59.9316 63.3431
    endloop
  endfacet
  facet normal 0 -1 0
    outer loop
      vertex 40 -59.9316 -39
      vertex 5.65685 -59.9316 63.3431
      vertex 4.87009 -59.9316 62.6532
    endloop
  endfacet
  facet normal 0 -1 0
    outer loop
      vertex 40 -59.9316 -39
      vertex 4.87009 -59.9316 62.6532
      vertex 4 -59.9316 62.0718
    endloop
  endfacet
  facet normal 0 -1 0
    outer loop
      vertex 40 -59.9316 -39
      vertex 0 -59.9316 61
      vertex -40 -59.9316 -39
    endloop
  endfacet
  facet normal 0 -1 0
    outer loop
      vertex 0 -59.9316 61
      vertex 40 -59.9316 -39
      vertex 1.04421 -59.9316 61.0684
    endloop
  endfacet
  facet normal 0 -1 0
    outer loop
      vertex 1.04421 -59.9316 61.0684
      vertex 40 -59.9316 -39
      vertex 2.07055 -59.9316 61.2726
    endloop
  endfacet
  facet normal 0 -1 0
    outer loop
      vertex 2.07055 -59.9316 61.2726
      vertex 40 -59.9316 -39
      vertex 3.06147 -59.9316 61.609
    endloop
  endfacet
  facet normal 0 -1 0
    outer loop
      vertex 3.06147 -59.9316 61.609
      vertex 40 -59.9316 -39
      vertex 4 -59.9316 62.0718
    endloop
  endfacet
  facet normal 0 -1 0
    outer loop
      vertex 6.9282 -59.9316 65
      vertex 40 -59.9316 -39
      vertex 67 -59.9316 102.044
    endloop
  endfacet
  facet normal 0 -1 0
    outer loop
      vertex 67 -59.9316 -102.044
      vertex 40 -59.9316 -39
      vertex 40 -59.9316 -87
    endloop
  endfacet
  facet normal 0 -1 0
    outer loop
      vertex 40 -59.9316 -39
      vertex 67 -59.9316 -102.044
      vertex 67 -59.9316 102.044
    endloop
  endfacet
  facet normal 0 -1 0
    outer loop
      vertex 37.5 -59.9316 -87
      vertex 67 -59.9316 -102.044
      vertex 40 -59.9316 -87
    endloop
  endfacet
  facet normal 0.369861 -0.892896 0.256786
    outer loop
      vertex 70.6955 -58.4008 104.061
      vertex 68.9129 -59.1392 104.061
      vertex 70.9658 -58.8689 102.044
    endloop
  endfacet
  facet normal -0.332168 -0.801843 0.496701
    outer loop
      vertex -70.1734 -57.4965 105.87
      vertex -70.6955 -58.4008 104.061
      vertex -68.6427 -58.1306 105.87
    endloop
  endfacet
  facet normal -0.271778 -0.656123 0.704017
    outer loop
      vertex -68.2605 -56.7041 107.347
      vertex -69.435 -56.2176 107.347
      vertex -68.6427 -58.1306 105.87
    endloop
  endfacet
  facet normal -0.369856 -0.8929 0.25678
    outer loop
      vertex -68.9129 -59.1392 104.061
      vertex -70.9658 -58.8689 102.044
      vertex -69.0528 -59.6613 102.044
    endloop
  endfacet
  facet normal 0.588314 -0.766759 -0.256839
    outer loop
      vertex 72.6085 -57.6085 -102.044
      vertex 70.9658 -58.8689 -102.044
      vertex 72.2262 -57.2262 -104.061
    endloop
  endfacet
  facet normal -0.130547 -0.991442 0
    outer loop
      vertex -69.0528 -59.6613 -102.044
      vertex -67 -59.9316 102.044
      vertex -69.0528 -59.6613 102.044
    endloop
  endfacet
  facet normal -0.130547 -0.991442 -0
    outer loop
      vertex -67 -59.9316 102.044
      vertex -69.0528 -59.6613 -102.044
      vertex -67 -59.9316 -102.044
    endloop
  endfacet
  facet normal 0.192541 -0.464857 0.864196
    outer loop
      vertex 68.5307 -54.6513 108.391
      vertex 67.7924 -54.9571 108.391
      vertex 69.435 -56.2176 107.347
    endloop
  endfacet
  facet normal -0.0999216 -0.241243 0.965307
    outer loop
      vertex -67.2703 -53.0086 108.932
      vertex -68.5307 -54.6513 108.391
      vertex -67.7924 -54.9571 108.391
    endloop
  endfacet
  facet normal -0.498851 -0.0656615 0.864197
    outer loop
      vertex -70.0615 -52 108.391
      vertex -71.8701 -52 107.347
      vertex -69.9572 -52.7924 108.391
    endloop
  endfacet
  facet normal 0.0340961 -0.258881 0.965307
    outer loop
      vertex 67.2703 -53.0086 108.932
      vertex 67 -53.0442 108.932
      vertex 67.7924 -54.9571 108.391
    endloop
  endfacet
  facet normal -0.0341074 0.258877 0.965308
    outer loop
      vertex -67 55.0615 108.391
      vertex -67.7924 54.9571 108.391
      vertex -67 53.0442 108.932
    endloop
  endfacet
  facet normal -0.0999216 0.241243 0.965307
    outer loop
      vertex -67.7924 54.9571 108.391
      vertex -68.5307 54.6513 108.391
      vertex -67.2703 53.0086 108.932
    endloop
  endfacet
  facet normal 0.207187 0.15891 0.965309
    outer loop
      vertex 69.6513 53.5307 108.391
      vertex 67.7384 52.7384 108.932
      vertex 67.9043 52.5221 108.932
    endloop
  endfacet
  facet normal -0.12617 0.958199 0.256781
    outer loop
      vertex -67 59.9316 102.044
      vertex -69.0528 59.6613 102.044
      vertex -68.9129 59.1392 104.061
    endloop
  endfacet
  facet normal -0.24124 0.0999258 0.965307
    outer loop
      vertex -67.9043 52.5221 108.932
      vertex -69.6513 53.5307 108.391
      vertex -68.0086 52.2703 108.932
    endloop
  endfacet
  facet normal -0.207187 0.15891 0.965309
    outer loop
      vertex -67.7384 52.7384 108.932
      vertex -69.6513 53.5307 108.391
      vertex -67.9043 52.5221 108.932
    endloop
  endfacet
  facet normal -0.369861 0.892896 -0.256786
    outer loop
      vertex -70.6955 58.4008 -104.061
      vertex -70.9658 58.8689 -102.044
      vertex -68.9129 59.1392 -104.061
    endloop
  endfacet
  facet normal -0.588365 0.766737 -0.25679
    outer loop
      vertex -70.6955 58.4008 -104.061
      vertex -72.2262 57.2262 -104.061
      vertex -70.9658 58.8689 -102.044
    endloop
  endfacet
  facet normal -0.382687 0.923878 0
    outer loop
      vertex -69.0528 59.6613 -102.044
      vertex -70.9658 58.8689 102.044
      vertex -69.0528 59.6613 102.044
    endloop
  endfacet
  facet normal -0.382687 0.923878 0
    outer loop
      vertex -70.9658 58.8689 102.044
      vertex -69.0528 59.6613 -102.044
      vertex -70.9658 58.8689 -102.044
    endloop
  endfacet
  facet normal -0.369861 0.892896 0.256786
    outer loop
      vertex -68.9129 59.1392 104.061
      vertex -70.9658 58.8689 102.044
      vertex -70.6955 58.4008 104.061
    endloop
  endfacet
  facet normal 0.369856 -0.8929 -0.25678
    outer loop
      vertex 69.0528 -59.6613 -102.044
      vertex 68.9129 -59.1392 -104.061
      vertex 70.9658 -58.8689 -102.044
    endloop
  endfacet
  facet normal -0.113253 -0.8605 -0.496702
    outer loop
      vertex -67 -59.391 -104.061
      vertex -68.6427 -58.1306 -105.87
      vertex -67 -58.3468 -105.87
    endloop
  endfacet
  facet normal 0.608735 -0.793374 0
    outer loop
      vertex 70.9658 -58.8689 -102.044
      vertex 72.6085 -57.6085 102.044
      vertex 70.9658 -58.8689 102.044
    endloop
  endfacet
  facet normal 0.608735 -0.793374 0
    outer loop
      vertex 72.6085 -57.6085 102.044
      vertex 70.9658 -58.8689 -102.044
      vertex 72.6085 -57.6085 -102.044
    endloop
  endfacet
  facet normal -0.528352 -0.688596 0.496668
    outer loop
      vertex -71.4879 -56.4879 105.87
      vertex -72.2262 -57.2262 104.061
      vertex -70.1734 -57.4965 105.87
    endloop
  endfacet
  facet normal -0.892896 -0.369861 0.256786
    outer loop
      vertex -73.4008 -55.6955 104.061
      vertex -74.1392 -53.9129 104.061
      vertex -73.8689 -55.9658 102.044
    endloop
  endfacet
  facet normal -0.15891 -0.207187 0.965309
    outer loop
      vertex -67.7384 -52.7384 108.932
      vertex -68.5307 -54.6513 108.391
      vertex -67.5221 -52.9043 108.932
    endloop
  endfacet
  facet normal -0.588314 -0.766759 -0.256839
    outer loop
      vertex -70.9658 -58.8689 -102.044
      vertex -72.6085 -57.6085 -102.044
      vertex -72.2262 -57.2262 -104.061
    endloop
  endfacet
  facet normal -0.0657241 0.498849 0.864193
    outer loop
      vertex -67 56.8701 107.347
      vertex -67.7924 54.9571 108.391
      vertex -67 55.0615 108.391
    endloop
  endfacet
  facet normal -0.528352 0.688596 0.496668
    outer loop
      vertex -70.1734 57.4965 105.87
      vertex -72.2262 57.2262 104.061
      vertex -71.4879 56.4879 105.87
    endloop
  endfacet
  facet normal -0.704132 0.0927297 0.703989
    outer loop
      vertex -71.7041 53.2605 107.347
      vertex -73.3468 52 105.87
      vertex -71.8701 52 107.347
    endloop
  endfacet
  facet normal -0.923878 -0.382687 0
    outer loop
      vertex -73.8689 -55.9658 -102.044
      vertex -74.6613 -54.0528 102.044
      vertex -74.6613 -54.0528 -102.044
    endloop
  endfacet
  facet normal -0.923878 -0.382687 0
    outer loop
      vertex -74.6613 -54.0528 102.044
      vertex -73.8689 -55.9658 -102.044
      vertex -73.8689 -55.9658 102.044
    endloop
  endfacet
  facet normal -0.563445 -0.432324 -0.704007
    outer loop
      vertex -71.4879 -56.4879 -105.87
      vertex -72.4965 -55.1734 -105.87
      vertex -71.2176 -54.435 -107.347
    endloop
  endfacet
  facet normal -0.498861 0.0656969 -0.864188
    outer loop
      vertex -69.9572 52.7924 -108.391
      vertex -71.8701 52 -107.347
      vertex -71.7041 53.2605 -107.347
    endloop
  endfacet
  facet normal -0.271803 -0.656124 -0.704006
    outer loop
      vertex -68.6427 -58.1306 -105.87
      vertex -70.1734 -57.4965 -105.87
      vertex -69.435 -56.2176 -107.347
    endloop
  endfacet
  facet normal -0.588365 -0.766737 -0.25679
    outer loop
      vertex -70.9658 -58.8689 -102.044
      vertex -72.2262 -57.2262 -104.061
      vertex -70.6955 -58.4008 -104.061
    endloop
  endfacet
  facet normal -0.704132 0.0927297 -0.703989
    outer loop
      vertex -71.8701 52 -107.347
      vertex -73.3468 52 -105.87
      vertex -71.7041 53.2605 -107.347
    endloop
  endfacet
  facet normal 0.923878 -0.382687 0
    outer loop
      vertex 73.8689 -55.9658 102.044
      vertex 74.6613 -54.0528 -102.044
      vertex 74.6613 -54.0528 102.044
    endloop
  endfacet
  facet normal 0.923878 -0.382687 0
    outer loop
      vertex 74.6613 -54.0528 -102.044
      vertex 73.8689 -55.9658 102.044
      vertex 73.8689 -55.9658 -102.044
    endloop
  endfacet
  facet normal 0.688558 -0.528373 -0.496698
    outer loop
      vertex 73.4008 -55.6955 -104.061
      vertex 72.2262 -57.2262 -104.061
      vertex 72.4965 -55.1734 -105.87
    endloop
  endfacet
  facet normal 0.801843 -0.332168 -0.496701
    outer loop
      vertex 73.4008 -55.6955 -104.061
      vertex 72.4965 -55.1734 -105.87
      vertex 73.1306 -53.6427 -105.87
    endloop
  endfacet
  facet normal 0.892896 -0.369861 -0.256786
    outer loop
      vertex 73.8689 -55.9658 -102.044
      vertex 73.4008 -55.6955 -104.061
      vertex 74.1392 -53.9129 -104.061
    endloop
  endfacet
  facet normal -0.113271 -0.860505 -0.49669
    outer loop
      vertex -67 -59.391 -104.061
      vertex -68.9129 -59.1392 -104.061
      vertex -68.6427 -58.1306 -105.87
    endloop
  endfacet
  facet normal -0.793374 -0.608735 0
    outer loop
      vertex -72.6085 -57.6085 -102.044
      vertex -73.8689 -55.9658 102.044
      vertex -73.8689 -55.9658 -102.044
    endloop
  endfacet
  facet normal -0.793374 -0.608735 0
    outer loop
      vertex -73.8689 -55.9658 102.044
      vertex -72.6085 -57.6085 -102.044
      vertex -72.6085 -57.6085 102.044
    endloop
  endfacet
  facet normal -0.656123 -0.271778 -0.704017
    outer loop
      vertex -71.2176 -54.435 -107.347
      vertex -73.1306 -53.6427 -105.87
      vertex -71.7041 -53.2605 -107.347
    endloop
  endfacet
  facet normal -0.192541 -0.464857 -0.864196
    outer loop
      vertex -67.7924 -54.9571 -108.391
      vertex -69.435 -56.2176 -107.347
      vertex -68.5307 -54.6513 -108.391
    endloop
  endfacet
  facet normal -0.0340961 0.258881 -0.965307
    outer loop
      vertex -67.2703 53.0086 -108.932
      vertex -67.7924 54.9571 -108.391
      vertex -67 53.0442 -108.932
    endloop
  endfacet
  facet normal 0.866072 0 -0.499919
    outer loop
      vertex 74.391 -52 -104.061
      vertex 73.3468 52 -105.87
      vertex 74.391 52 -104.061
    endloop
  endfacet
  facet normal 0.866072 0 -0.499919
    outer loop
      vertex 73.3468 52 -105.87
      vertex 74.391 -52 -104.061
      vertex 73.3468 -52 -105.87
    endloop
  endfacet
  facet normal 0.241224 0.0999466 -0.965309
    outer loop
      vertex 69.9572 52.7924 -108.391
      vertex 68.0086 52.2703 -108.932
      vertex 69.6513 53.5307 -108.391
    endloop
  endfacet
  facet normal 0.958194 0.12613 0.256817
    outer loop
      vertex 74.9316 52 102.044
      vertex 74.1392 53.9129 104.061
      vertex 74.391 52 104.061
    endloop
  endfacet
  facet normal 0.432324 0.563445 -0.704007
    outer loop
      vertex 71.4879 56.4879 -105.87
      vertex 69.435 56.2176 -107.347
      vertex 70.1734 57.4965 -105.87
    endloop
  endfacet
  facet normal 0.958194 0.12613 -0.256817
    outer loop
      vertex 74.391 52 -104.061
      vertex 74.1392 53.9129 -104.061
      vertex 74.9316 52 -102.044
    endloop
  endfacet
  facet normal 0.766759 0.588314 0.256839
    outer loop
      vertex 72.6085 57.6085 102.044
      vertex 72.2262 57.2262 104.061
      vertex 73.8689 55.9658 102.044
    endloop
  endfacet
  facet normal 0.958199 0.12617 0.256781
    outer loop
      vertex 74.6613 54.0528 102.044
      vertex 74.1392 53.9129 104.061
      vertex 74.9316 52 102.044
    endloop
  endfacet
  facet normal 0.464867 -0.192557 0.864188
    outer loop
      vertex 71.7041 -53.2605 107.347
      vertex 69.9572 -52.7924 108.391
      vertex 71.2176 -54.435 107.347
    endloop
  endfacet
  facet normal 0.958199 -0.12617 0.256781
    outer loop
      vertex 74.9316 -52 102.044
      vertex 74.1392 -53.9129 104.061
      vertex 74.6613 -54.0528 102.044
    endloop
  endfacet
  facet normal -0.113253 0.8605 -0.496702
    outer loop
      vertex -67 58.3468 -105.87
      vertex -68.6427 58.1306 -105.87
      vertex -67 59.391 -104.061
    endloop
  endfacet
  facet normal 0.332152 0.80186 -0.496685
    outer loop
      vertex 70.6955 58.4008 -104.061
      vertex 68.6427 58.1306 -105.87
      vertex 68.9129 59.1392 -104.061
    endloop
  endfacet
  facet normal 0.0927297 0.704132 -0.703989
    outer loop
      vertex 68.2605 56.7041 -107.347
      vertex 67 56.8701 -107.347
      vertex 67 58.3468 -105.87
    endloop
  endfacet
  facet normal 0.382687 0.923878 -0
    outer loop
      vertex 70.9658 58.8689 -102.044
      vertex 69.0528 59.6613 102.044
      vertex 70.9658 58.8689 102.044
    endloop
  endfacet
  facet normal 0.382687 0.923878 0
    outer loop
      vertex 69.0528 59.6613 102.044
      vertex 70.9658 58.8689 -102.044
      vertex 69.0528 59.6613 -102.044
    endloop
  endfacet
  facet normal -0.130547 0.991442 0
    outer loop
      vertex -67 59.9316 -102.044
      vertex -69.0528 59.6613 102.044
      vertex -67 59.9316 102.044
    endloop
  endfacet
  facet normal -0.130547 0.991442 0
    outer loop
      vertex -69.0528 59.6613 102.044
      vertex -67 59.9316 -102.044
      vertex -69.0528 59.6613 -102.044
    endloop
  endfacet
  facet normal 0.892896 0.369861 0.256786
    outer loop
      vertex 73.8689 55.9658 102.044
      vertex 73.4008 55.6955 104.061
      vertex 74.1392 53.9129 104.061
    endloop
  endfacet
  facet normal 0.432311 0.563473 0.703993
    outer loop
      vertex 71.4879 56.4879 105.87
      vertex 69.435 56.2176 107.347
      vertex 70.4437 55.4437 107.347
    endloop
  endfacet
  facet normal 0.0341074 -0.258877 -0.965308
    outer loop
      vertex 67.7924 -54.9571 -108.391
      vertex 67 -55.0615 -108.391
      vertex 67 -53.0442 -108.932
    endloop
  endfacet
  facet normal 0.432311 0.563473 -0.703993
    outer loop
      vertex 70.4437 55.4437 -107.347
      vertex 69.435 56.2176 -107.347
      vertex 71.4879 56.4879 -105.87
    endloop
  endfacet
  facet normal 0.258869 -0.0340945 -0.965311
    outer loop
      vertex 69.9572 -52.7924 -108.391
      vertex 68.0086 -52.2703 -108.932
      vertex 68.0442 -52 -108.932
    endloop
  endfacet
  facet normal 0.271778 -0.656123 -0.704017
    outer loop
      vertex 68.6427 -58.1306 -105.87
      vertex 68.2605 -56.7041 -107.347
      vertex 69.435 -56.2176 -107.347
    endloop
  endfacet
  facet normal 0.46483 -0.192593 0.8642
    outer loop
      vertex 69.9572 -52.7924 108.391
      vertex 69.6513 -53.5307 108.391
      vertex 71.2176 -54.435 107.347
    endloop
  endfacet
  facet normal 0.498861 -0.0656969 0.864188
    outer loop
      vertex 71.8701 -52 107.347
      vertex 69.9572 -52.7924 108.391
      vertex 71.7041 -53.2605 107.347
    endloop
  endfacet
  facet normal 0.498851 -0.0656615 0.864197
    outer loop
      vertex 70.0615 -52 108.391
      vertex 69.9572 -52.7924 108.391
      vertex 71.8701 -52 107.347
    endloop
  endfacet
  facet normal 0.704111 -0.0926699 0.704017
    outer loop
      vertex 73.3468 -52 105.87
      vertex 71.7041 -53.2605 107.347
      vertex 73.1306 -53.6427 105.87
    endloop
  endfacet
  facet normal 0.258877 0.0340748 0.965309
    outer loop
      vertex 69.9572 52.7924 108.391
      vertex 68.0442 52 108.932
      vertex 70.0615 52 108.391
    endloop
  endfacet
  facet normal 0.704111 0.0926699 0.704017
    outer loop
      vertex 73.1306 53.6427 105.87
      vertex 71.7041 53.2605 107.347
      vertex 73.3468 52 105.87
    endloop
  endfacet
  facet normal 0.113271 -0.860505 0.49669
    outer loop
      vertex 68.6427 -58.1306 105.87
      vertex 67 -59.391 104.061
      vertex 68.9129 -59.1392 104.061
    endloop
  endfacet
  facet normal 0.332152 -0.80186 0.496685
    outer loop
      vertex 70.6955 -58.4008 104.061
      vertex 68.6427 -58.1306 105.87
      vertex 68.9129 -59.1392 104.061
    endloop
  endfacet
  facet normal 0.258869 -0.0340945 0.965311
    outer loop
      vertex 68.0442 -52 108.932
      vertex 68.0086 -52.2703 108.932
      vertex 69.9572 -52.7924 108.391
    endloop
  endfacet
  facet normal -0.113271 -0.860505 0.49669
    outer loop
      vertex -68.6427 -58.1306 105.87
      vertex -68.9129 -59.1392 104.061
      vertex -67 -59.391 104.061
    endloop
  endfacet
  facet normal -0.588314 -0.766759 0.256839
    outer loop
      vertex -72.2262 -57.2262 104.061
      vertex -72.6085 -57.6085 102.044
      vertex -70.9658 -58.8689 102.044
    endloop
  endfacet
  facet normal 0.192549 0.464849 0.864199
    outer loop
      vertex 68.2605 56.7041 107.347
      vertex 67.7924 54.9571 108.391
      vertex 69.435 56.2176 107.347
    endloop
  endfacet
  facet normal 0.0999216 0.241243 0.965307
    outer loop
      vertex 67.7924 54.9571 108.391
      vertex 67.2703 53.0086 108.932
      vertex 68.5307 54.6513 108.391
    endloop
  endfacet
  facet normal 0.241224 0.0999466 0.965309
    outer loop
      vertex 69.6513 53.5307 108.391
      vertex 68.0086 52.2703 108.932
      vertex 69.9572 52.7924 108.391
    endloop
  endfacet
  facet normal 0.241224 -0.0999466 0.965309
    outer loop
      vertex 69.9572 -52.7924 108.391
      vertex 68.0086 -52.2703 108.932
      vertex 69.6513 -53.5307 108.391
    endloop
  endfacet
  facet normal -0.241224 0.0999466 0.965309
    outer loop
      vertex -69.6513 53.5307 108.391
      vertex -69.9572 52.7924 108.391
      vertex -68.0086 52.2703 108.932
    endloop
  endfacet
  facet normal -0.192549 0.464849 0.864199
    outer loop
      vertex -68.2605 56.7041 107.347
      vertex -69.435 56.2176 107.347
      vertex -67.7924 54.9571 108.391
    endloop
  endfacet
  facet normal -0.528373 0.688558 -0.496698
    outer loop
      vertex -70.1734 57.4965 -105.87
      vertex -72.2262 57.2262 -104.061
      vertex -70.6955 58.4008 -104.061
    endloop
  endfacet
  facet normal -0.892896 0.369861 -0.256786
    outer loop
      vertex -73.4008 55.6955 -104.061
      vertex -74.1392 53.9129 -104.061
      vertex -73.8689 55.9658 -102.044
    endloop
  endfacet
  facet normal -0.588314 0.766759 0.256839
    outer loop
      vertex -70.9658 58.8689 102.044
      vertex -72.6085 57.6085 102.044
      vertex -72.2262 57.2262 104.061
    endloop
  endfacet
  facet normal -0.369856 0.8929 0.25678
    outer loop
      vertex -69.0528 59.6613 102.044
      vertex -70.9658 58.8689 102.044
      vertex -68.9129 59.1392 104.061
    endloop
  endfacet
  facet normal -0.369856 0.8929 -0.25678
    outer loop
      vertex -68.9129 59.1392 -104.061
      vertex -70.9658 58.8689 -102.044
      vertex -69.0528 59.6613 -102.044
    endloop
  endfacet
  facet normal -0.498851 0.0656615 0.864197
    outer loop
      vertex -69.9572 52.7924 108.391
      vertex -71.8701 52 107.347
      vertex -70.0615 52 108.391
    endloop
  endfacet
  facet normal 0.113271 -0.860505 -0.49669
    outer loop
      vertex 68.9129 -59.1392 -104.061
      vertex 67 -59.391 -104.061
      vertex 68.6427 -58.1306 -105.87
    endloop
  endfacet
  facet normal 0.113253 -0.8605 -0.496702
    outer loop
      vertex 68.6427 -58.1306 -105.87
      vertex 67 -59.391 -104.061
      vertex 67 -58.3468 -105.87
    endloop
  endfacet
  facet normal -0.588365 -0.766737 0.25679
    outer loop
      vertex -70.6955 -58.4008 104.061
      vertex -72.2262 -57.2262 104.061
      vertex -70.9658 -58.8689 102.044
    endloop
  endfacet
  facet normal -0.369861 -0.892896 0.256786
    outer loop
      vertex -70.6955 -58.4008 104.061
      vertex -70.9658 -58.8689 102.044
      vertex -68.9129 -59.1392 104.061
    endloop
  endfacet
  facet normal -0.259027 0 0.96587
    outer loop
      vertex -70.0615 52 108.391
      vertex -68.0442 -52 108.932
      vertex -68.0442 52 108.932
    endloop
  endfacet
  facet normal -0.259027 0 0.96587
    outer loop
      vertex -68.0442 -52 108.932
      vertex -70.0615 52 108.391
      vertex -70.0615 -52 108.391
    endloop
  endfacet
  facet normal -0.432311 -0.563473 0.703993
    outer loop
      vertex -70.4437 -55.4437 107.347
      vertex -71.4879 -56.4879 105.87
      vertex -69.435 -56.2176 107.347
    endloop
  endfacet
  facet normal -0.8605 0.113253 0.496702
    outer loop
      vertex -73.1306 53.6427 105.87
      vertex -74.391 52 104.061
      vertex -73.3468 52 105.87
    endloop
  endfacet
  facet normal -0.860505 0.113271 0.49669
    outer loop
      vertex -74.1392 53.9129 104.061
      vertex -74.391 52 104.061
      vertex -73.1306 53.6427 105.87
    endloop
  endfacet
  facet normal -0.688596 0.528352 0.496668
    outer loop
      vertex -72.2262 57.2262 104.061
      vertex -72.4965 55.1734 105.87
      vertex -71.4879 56.4879 105.87
    endloop
  endfacet
  facet normal -0.656124 0.271803 0.704006
    outer loop
      vertex -72.4965 55.1734 105.87
      vertex -73.1306 53.6427 105.87
      vertex -71.2176 54.435 107.347
    endloop
  endfacet
  facet normal -0.991442 -0.130547 0
    outer loop
      vertex -74.6613 -54.0528 -102.044
      vertex -74.9316 -52 102.044
      vertex -74.9316 -52 -102.044
    endloop
  endfacet
  facet normal -0.991442 -0.130547 0
    outer loop
      vertex -74.9316 -52 102.044
      vertex -74.6613 -54.0528 -102.044
      vertex -74.6613 -54.0528 102.044
    endloop
  endfacet
  facet normal 0.528352 0.688596 -0.496668
    outer loop
      vertex 71.4879 56.4879 -105.87
      vertex 70.1734 57.4965 -105.87
      vertex 72.2262 57.2262 -104.061
    endloop
  endfacet
  facet normal -0.0927297 -0.704132 -0.703989
    outer loop
      vertex -67 -58.3468 -105.87
      vertex -68.2605 -56.7041 -107.347
      vertex -67 -56.8701 -107.347
    endloop
  endfacet
  facet normal -0.563473 0.432311 -0.703993
    outer loop
      vertex -71.2176 54.435 -107.347
      vertex -71.4879 56.4879 -105.87
      vertex -70.4437 55.4437 -107.347
    endloop
  endfacet
  facet normal -0.464867 0.192557 -0.864188
    outer loop
      vertex -69.9572 52.7924 -108.391
      vertex -71.7041 53.2605 -107.347
      vertex -71.2176 54.435 -107.347
    endloop
  endfacet
  facet normal -0.80186 -0.332152 -0.496685
    outer loop
      vertex -73.4008 -55.6955 -104.061
      vertex -74.1392 -53.9129 -104.061
      vertex -73.1306 -53.6427 -105.87
    endloop
  endfacet
  facet normal -0.8929 -0.369856 -0.25678
    outer loop
      vertex -73.8689 -55.9658 -102.044
      vertex -74.6613 -54.0528 -102.044
      vertex -74.1392 -53.9129 -104.061
    endloop
  endfacet
  facet normal -0.49993 0 -0.866066
    outer loop
      vertex -71.8701 -52 -107.347
      vertex -70.0615 52 -108.391
      vertex -70.0615 -52 -108.391
    endloop
  endfacet
  facet normal -0.49993 0 -0.866066
    outer loop
      vertex -70.0615 52 -108.391
      vertex -71.8701 -52 -107.347
      vertex -71.8701 52 -107.347
    endloop
  endfacet
  facet normal -0.259027 0 -0.96587
    outer loop
      vertex -70.0615 -52 -108.391
      vertex -68.0442 52 -108.932
      vertex -68.0442 -52 -108.932
    endloop
  endfacet
  facet normal -0.259027 0 -0.96587
    outer loop
      vertex -68.0442 52 -108.932
      vertex -70.0615 -52 -108.391
      vertex -70.0615 52 -108.391
    endloop
  endfacet
  facet normal 0.958194 -0.12613 -0.256817
    outer loop
      vertex 74.9316 -52 -102.044
      vertex 74.1392 -53.9129 -104.061
      vertex 74.391 -52 -104.061
    endloop
  endfacet
  facet normal 0.958199 -0.12617 -0.256781
    outer loop
      vertex 74.6613 -54.0528 -102.044
      vertex 74.1392 -53.9129 -104.061
      vertex 74.9316 -52 -102.044
    endloop
  endfacet
  facet normal 0.464867 -0.192557 -0.864188
    outer loop
      vertex 71.2176 -54.435 -107.347
      vertex 69.9572 -52.7924 -108.391
      vertex 71.7041 -53.2605 -107.347
    endloop
  endfacet
  facet normal 0.258877 -0.0340748 -0.965309
    outer loop
      vertex 69.9572 -52.7924 -108.391
      vertex 68.0442 -52 -108.932
      vertex 70.0615 -52 -108.391
    endloop
  endfacet
  facet normal -0.0656942 -0.49884 -0.864201
    outer loop
      vertex -67 -56.8701 -107.347
      vertex -68.2605 -56.7041 -107.347
      vertex -67.7924 -54.9571 -108.391
    endloop
  endfacet
  facet normal 0 -0.866072 -0.499919
    outer loop
      vertex -67 -58.3468 -105.87
      vertex 67 -59.391 -104.061
      vertex -67 -59.391 -104.061
    endloop
  endfacet
  facet normal 0 -0.866072 -0.499919
    outer loop
      vertex 67 -59.391 -104.061
      vertex -67 -58.3468 -105.87
      vertex 67 -58.3468 -105.87
    endloop
  endfacet
  facet normal -0.332168 -0.801843 -0.496701
    outer loop
      vertex -68.6427 -58.1306 -105.87
      vertex -70.6955 -58.4008 -104.061
      vertex -70.1734 -57.4965 -105.87
    endloop
  endfacet
  facet normal -0.332152 -0.80186 -0.496685
    outer loop
      vertex -68.9129 -59.1392 -104.061
      vertex -70.6955 -58.4008 -104.061
      vertex -68.6427 -58.1306 -105.87
    endloop
  endfacet
  facet normal -0.608735 -0.793374 0
    outer loop
      vertex -72.6085 -57.6085 -102.044
      vertex -70.9658 -58.8689 102.044
      vertex -72.6085 -57.6085 102.044
    endloop
  endfacet
  facet normal -0.608735 -0.793374 -0
    outer loop
      vertex -70.9658 -58.8689 102.044
      vertex -72.6085 -57.6085 -102.044
      vertex -70.9658 -58.8689 -102.044
    endloop
  endfacet
  facet normal -0.207187 -0.15891 -0.965309
    outer loop
      vertex -67.7384 -52.7384 -108.932
      vertex -69.6513 -53.5307 -108.391
      vertex -67.9043 -52.5221 -108.932
    endloop
  endfacet
  facet normal -0.46483 -0.192593 -0.8642
    outer loop
      vertex -69.6513 -53.5307 -108.391
      vertex -71.2176 -54.435 -107.347
      vertex -69.9572 -52.7924 -108.391
    endloop
  endfacet
  facet normal -0.688596 -0.528352 -0.496668
    outer loop
      vertex -72.2262 -57.2262 -104.061
      vertex -72.4965 -55.1734 -105.87
      vertex -71.4879 -56.4879 -105.87
    endloop
  endfacet
  facet normal 0.113271 0.860505 -0.49669
    outer loop
      vertex 68.6427 58.1306 -105.87
      vertex 67 59.391 -104.061
      vertex 68.9129 59.1392 -104.061
    endloop
  endfacet
  facet normal 0.12613 0.958194 -0.256817
    outer loop
      vertex 68.9129 59.1392 -104.061
      vertex 67 59.391 -104.061
      vertex 67 59.9316 -102.044
    endloop
  endfacet
  facet normal 0.766759 0.588314 -0.256839
    outer loop
      vertex 73.8689 55.9658 -102.044
      vertex 72.2262 57.2262 -104.061
      vertex 72.6085 57.6085 -102.044
    endloop
  endfacet
  facet normal 0.588314 0.766759 -0.256839
    outer loop
      vertex 72.2262 57.2262 -104.061
      vertex 70.9658 58.8689 -102.044
      vertex 72.6085 57.6085 -102.044
    endloop
  endfacet
  facet normal 0.8929 0.369856 0.25678
    outer loop
      vertex 74.6613 54.0528 102.044
      vertex 73.8689 55.9658 102.044
      vertex 74.1392 53.9129 104.061
    endloop
  endfacet
  facet normal 0.498851 0.0656615 -0.864197
    outer loop
      vertex 70.0615 52 -108.391
      vertex 69.9572 52.7924 -108.391
      vertex 71.8701 52 -107.347
    endloop
  endfacet
  facet normal 0.656123 0.271778 -0.704017
    outer loop
      vertex 71.7041 53.2605 -107.347
      vertex 71.2176 54.435 -107.347
      vertex 73.1306 53.6427 -105.87
    endloop
  endfacet
  facet normal 0.965908 -0 0.258884
    outer loop
      vertex 74.391 -52 104.061
      vertex 74.9316 52 102.044
      vertex 74.391 52 104.061
    endloop
  endfacet
  facet normal 0.965908 0 0.258884
    outer loop
      vertex 74.9316 52 102.044
      vertex 74.391 -52 104.061
      vertex 74.9316 -52 102.044
    endloop
  endfacet
  facet normal 0.432311 -0.563473 0.703993
    outer loop
      vertex 70.4437 -55.4437 107.347
      vertex 69.435 -56.2176 107.347
      vertex 71.4879 -56.4879 105.87
    endloop
  endfacet
  facet normal 0.656124 -0.271803 0.704006
    outer loop
      vertex 73.1306 -53.6427 105.87
      vertex 71.2176 -54.435 107.347
      vertex 72.4965 -55.1734 105.87
    endloop
  endfacet
  facet normal -0.241224 0.0999466 -0.965309
    outer loop
      vertex -68.0086 52.2703 -108.932
      vertex -69.9572 52.7924 -108.391
      vertex -69.6513 53.5307 -108.391
    endloop
  endfacet
  facet normal -0.432324 0.563445 -0.704007
    outer loop
      vertex -69.435 56.2176 -107.347
      vertex -71.4879 56.4879 -105.87
      vertex -70.1734 57.4965 -105.87
    endloop
  endfacet
  facet normal -0.588314 0.766759 -0.256839
    outer loop
      vertex -72.2262 57.2262 -104.061
      vertex -72.6085 57.6085 -102.044
      vertex -70.9658 58.8689 -102.044
    endloop
  endfacet
  facet normal -0.271778 0.656123 -0.704017
    outer loop
      vertex -68.2605 56.7041 -107.347
      vertex -69.435 56.2176 -107.347
      vertex -68.6427 58.1306 -105.87
    endloop
  endfacet
  facet normal 0 0.866072 -0.499919
    outer loop
      vertex 67 58.3468 -105.87
      vertex -67 59.391 -104.061
      vertex 67 59.391 -104.061
    endloop
  endfacet
  facet normal 0 0.866072 -0.499919
    outer loop
      vertex -67 59.391 -104.061
      vertex 67 58.3468 -105.87
      vertex -67 58.3468 -105.87
    endloop
  endfacet
  facet normal 0.113253 0.8605 -0.496702
    outer loop
      vertex 68.6427 58.1306 -105.87
      vertex 67 58.3468 -105.87
      vertex 67 59.391 -104.061
    endloop
  endfacet
  facet normal 0.271778 0.656123 0.704017
    outer loop
      vertex 68.6427 58.1306 105.87
      vertex 68.2605 56.7041 107.347
      vertex 69.435 56.2176 107.347
    endloop
  endfacet
  facet normal 0.688558 0.528373 0.496698
    outer loop
      vertex 73.4008 55.6955 104.061
      vertex 72.2262 57.2262 104.061
      vertex 72.4965 55.1734 105.87
    endloop
  endfacet
  facet normal 0.113271 0.860505 0.49669
    outer loop
      vertex 68.9129 59.1392 104.061
      vertex 67 59.391 104.061
      vertex 68.6427 58.1306 105.87
    endloop
  endfacet
  facet normal 0.0341074 0.258877 0.965308
    outer loop
      vertex 67 55.0615 108.391
      vertex 67 53.0442 108.932
      vertex 67.7924 54.9571 108.391
    endloop
  endfacet
  facet normal 0.608735 0.793374 -0
    outer loop
      vertex 72.6085 57.6085 -102.044
      vertex 70.9658 58.8689 102.044
      vertex 72.6085 57.6085 102.044
    endloop
  endfacet
  facet normal 0.608735 0.793374 0
    outer loop
      vertex 70.9658 58.8689 102.044
      vertex 72.6085 57.6085 -102.044
      vertex 70.9658 58.8689 -102.044
    endloop
  endfacet
  facet normal 0.369856 0.8929 0.25678
    outer loop
      vertex 69.0528 59.6613 102.044
      vertex 68.9129 59.1392 104.061
      vertex 70.9658 58.8689 102.044
    endloop
  endfacet
  facet normal 0 0.707179 0.707035
    outer loop
      vertex 67 58.3468 105.87
      vertex -67 56.8701 107.347
      vertex 67 56.8701 107.347
    endloop
  endfacet
  facet normal 0 0.707179 0.707035
    outer loop
      vertex -67 56.8701 107.347
      vertex 67 58.3468 105.87
      vertex -67 58.3468 105.87
    endloop
  endfacet
  facet normal -0.332168 0.801843 0.496701
    outer loop
      vertex -68.6427 58.1306 105.87
      vertex -70.6955 58.4008 104.061
      vertex -70.1734 57.4965 105.87
    endloop
  endfacet
  facet normal 0.0657241 0.498849 0.864193
    outer loop
      vertex 67 56.8701 107.347
      vertex 67 55.0615 108.391
      vertex 67.7924 54.9571 108.391
    endloop
  endfacet
  facet normal 0.49993 0 0.866066
    outer loop
      vertex 70.0615 52 108.391
      vertex 71.8701 -52 107.347
      vertex 71.8701 52 107.347
    endloop
  endfacet
  facet normal 0.49993 0 0.866066
    outer loop
      vertex 71.8701 -52 107.347
      vertex 70.0615 52 108.391
      vertex 70.0615 -52 108.391
    endloop
  endfacet
  facet normal 0.8605 0.113253 0.496702
    outer loop
      vertex 74.391 52 104.061
      vertex 73.1306 53.6427 105.87
      vertex 73.3468 52 105.87
    endloop
  endfacet
  facet normal 0 0.707179 -0.707035
    outer loop
      vertex 67 56.8701 -107.347
      vertex -67 58.3468 -105.87
      vertex 67 58.3468 -105.87
    endloop
  endfacet
  facet normal 0 0.707179 -0.707035
    outer loop
      vertex -67 58.3468 -105.87
      vertex 67 56.8701 -107.347
      vertex -67 56.8701 -107.347
    endloop
  endfacet
  facet normal 0 -0.259027 -0.96587
    outer loop
      vertex -67 -55.0615 -108.391
      vertex 67 -53.0442 -108.932
      vertex 67 -55.0615 -108.391
    endloop
  endfacet
  facet normal -0 -0.259027 -0.96587
    outer loop
      vertex 67 -53.0442 -108.932
      vertex -67 -55.0615 -108.391
      vertex -67 -53.0442 -108.932
    endloop
  endfacet
  facet normal -0.241224 -0.0999466 -0.965309
    outer loop
      vertex -69.6513 -53.5307 -108.391
      vertex -69.9572 -52.7924 -108.391
      vertex -68.0086 -52.2703 -108.932
    endloop
  endfacet
  facet normal 0 0.259027 -0.96587
    outer loop
      vertex -67 53.0442 -108.932
      vertex 67 55.0615 -108.391
      vertex 67 53.0442 -108.932
    endloop
  endfacet
  facet normal 0 0.259027 -0.96587
    outer loop
      vertex 67 55.0615 -108.391
      vertex -67 53.0442 -108.932
      vertex -67 55.0615 -108.391
    endloop
  endfacet
  facet normal -0.0999258 0.24124 -0.965307
    outer loop
      vertex -67.5221 52.9043 -108.932
      vertex -68.5307 54.6513 -108.391
      vertex -67.2703 53.0086 -108.932
    endloop
  endfacet
  facet normal 0.306274 -0.399195 0.864199
    outer loop
      vertex 69.1648 -54.1648 108.391
      vertex 68.5307 -54.6513 108.391
      vertex 70.4437 -55.4437 107.347
    endloop
  endfacet
  facet normal 0.399195 -0.306274 0.864199
    outer loop
      vertex 69.6513 -53.5307 108.391
      vertex 69.1648 -54.1648 108.391
      vertex 70.4437 -55.4437 107.347
    endloop
  endfacet
  facet normal 0.306274 0.399195 0.864199
    outer loop
      vertex 70.4437 55.4437 107.347
      vertex 68.5307 54.6513 108.391
      vertex 69.1648 54.1648 108.391
    endloop
  endfacet
  facet normal 0.158947 0.207171 0.965306
    outer loop
      vertex 68.5307 54.6513 108.391
      vertex 67.7384 52.7384 108.932
      vertex 69.1648 54.1648 108.391
    endloop
  endfacet
  facet normal -0.24124 -0.0999258 0.965307
    outer loop
      vertex -68.0086 -52.2703 108.932
      vertex -69.6513 -53.5307 108.391
      vertex -67.9043 -52.5221 108.932
    endloop
  endfacet
  facet normal 0.704132 0.0927297 0.703989
    outer loop
      vertex 73.3468 52 105.87
      vertex 71.7041 53.2605 107.347
      vertex 71.8701 52 107.347
    endloop
  endfacet
  facet normal 0.498851 0.0656615 0.864197
    outer loop
      vertex 71.8701 52 107.347
      vertex 69.9572 52.7924 108.391
      vertex 70.0615 52 108.391
    endloop
  endfacet
  facet normal 0.0656942 -0.49884 0.864201
    outer loop
      vertex 67.7924 -54.9571 108.391
      vertex 67 -56.8701 107.347
      vertex 68.2605 -56.7041 107.347
    endloop
  endfacet
  facet normal 0 -0.707179 0.707035
    outer loop
      vertex -67 -58.3468 105.87
      vertex 67 -56.8701 107.347
      vertex -67 -56.8701 107.347
    endloop
  endfacet
  facet normal 0 -0.707179 0.707035
    outer loop
      vertex 67 -56.8701 107.347
      vertex -67 -58.3468 105.87
      vertex 67 -58.3468 105.87
    endloop
  endfacet
  facet normal -0.0999258 -0.24124 0.965307
    outer loop
      vertex -67.5221 -52.9043 108.932
      vertex -68.5307 -54.6513 108.391
      vertex -67.2703 -53.0086 108.932
    endloop
  endfacet
  facet normal -0.306274 -0.399195 0.864199
    outer loop
      vertex -69.1648 -54.1648 108.391
      vertex -70.4437 -55.4437 107.347
      vertex -68.5307 -54.6513 108.391
    endloop
  endfacet
  facet normal 0 -0.866072 0.499919
    outer loop
      vertex -67 -59.391 104.061
      vertex 67 -58.3468 105.87
      vertex -67 -58.3468 105.87
    endloop
  endfacet
  facet normal 0 -0.866072 0.499919
    outer loop
      vertex 67 -58.3468 105.87
      vertex -67 -59.391 104.061
      vertex 67 -59.391 104.061
    endloop
  endfacet
  facet normal 0.332168 -0.801843 -0.496701
    outer loop
      vertex 70.6955 -58.4008 -104.061
      vertex 68.6427 -58.1306 -105.87
      vertex 70.1734 -57.4965 -105.87
    endloop
  endfacet
  facet normal 0.12613 -0.958194 -0.256817
    outer loop
      vertex 68.9129 -59.1392 -104.061
      vertex 67 -59.9316 -102.044
      vertex 67 -59.391 -104.061
    endloop
  endfacet
  facet normal -0.192541 0.464857 0.864196
    outer loop
      vertex -67.7924 54.9571 108.391
      vertex -69.435 56.2176 107.347
      vertex -68.5307 54.6513 108.391
    endloop
  endfacet
  facet normal -0.306273 0.399196 0.864199
    outer loop
      vertex -69.435 56.2176 107.347
      vertex -70.4437 55.4437 107.347
      vertex -68.5307 54.6513 108.391
    endloop
  endfacet
  facet normal -0.80186 0.332152 -0.496685
    outer loop
      vertex -73.1306 53.6427 -105.87
      vertex -74.1392 53.9129 -104.061
      vertex -73.4008 55.6955 -104.061
    endloop
  endfacet
  facet normal -0.860505 0.113271 -0.49669
    outer loop
      vertex -73.1306 53.6427 -105.87
      vertex -74.391 52 -104.061
      vertex -74.1392 53.9129 -104.061
    endloop
  endfacet
  facet normal -0.688558 0.528373 -0.496698
    outer loop
      vertex -72.4965 55.1734 -105.87
      vertex -73.4008 55.6955 -104.061
      vertex -72.2262 57.2262 -104.061
    endloop
  endfacet
  facet normal -0.528352 0.688596 -0.496668
    outer loop
      vertex -71.4879 56.4879 -105.87
      vertex -72.2262 57.2262 -104.061
      vertex -70.1734 57.4965 -105.87
    endloop
  endfacet
  facet normal -0.608735 0.793374 0
    outer loop
      vertex -70.9658 58.8689 -102.044
      vertex -72.6085 57.6085 102.044
      vertex -70.9658 58.8689 102.044
    endloop
  endfacet
  facet normal -0.608735 0.793374 0
    outer loop
      vertex -72.6085 57.6085 102.044
      vertex -70.9658 58.8689 -102.044
      vertex -72.6085 57.6085 -102.044
    endloop
  endfacet
  facet normal -0.271803 0.656124 0.704006
    outer loop
      vertex -68.6427 58.1306 105.87
      vertex -70.1734 57.4965 105.87
      vertex -69.435 56.2176 107.347
    endloop
  endfacet
  facet normal -0.271778 0.656123 0.704017
    outer loop
      vertex -68.6427 58.1306 105.87
      vertex -69.435 56.2176 107.347
      vertex -68.2605 56.7041 107.347
    endloop
  endfacet
  facet normal 0.192541 -0.464857 -0.864196
    outer loop
      vertex 69.435 -56.2176 -107.347
      vertex 67.7924 -54.9571 -108.391
      vertex 68.5307 -54.6513 -108.391
    endloop
  endfacet
  facet normal 0.0926699 -0.704111 -0.704017
    outer loop
      vertex 68.6427 -58.1306 -105.87
      vertex 67 -58.3468 -105.87
      vertex 68.2605 -56.7041 -107.347
    endloop
  endfacet
  facet normal 0.528352 -0.688596 -0.496668
    outer loop
      vertex 72.2262 -57.2262 -104.061
      vertex 70.1734 -57.4965 -105.87
      vertex 71.4879 -56.4879 -105.87
    endloop
  endfacet
  facet normal 0.12617 -0.958199 -0.256781
    outer loop
      vertex 69.0528 -59.6613 -102.044
      vertex 67 -59.9316 -102.044
      vertex 68.9129 -59.1392 -104.061
    endloop
  endfacet
  facet normal -0.766737 -0.588365 0.25679
    outer loop
      vertex -73.4008 -55.6955 104.061
      vertex -73.8689 -55.9658 102.044
      vertex -72.2262 -57.2262 104.061
    endloop
  endfacet
  facet normal -0.801843 -0.332168 0.496701
    outer loop
      vertex -73.1306 -53.6427 105.87
      vertex -73.4008 -55.6955 104.061
      vertex -72.4965 -55.1734 105.87
    endloop
  endfacet
  facet normal -0.332152 -0.80186 0.496685
    outer loop
      vertex -68.6427 -58.1306 105.87
      vertex -70.6955 -58.4008 104.061
      vertex -68.9129 -59.1392 104.061
    endloop
  endfacet
  facet normal -0.528373 -0.688558 0.496698
    outer loop
      vertex -70.1734 -57.4965 105.87
      vertex -72.2262 -57.2262 104.061
      vertex -70.6955 -58.4008 104.061
    endloop
  endfacet
  facet normal -0.15891 0.207187 0.965309
    outer loop
      vertex -67.5221 52.9043 108.932
      vertex -68.5307 54.6513 108.391
      vertex -67.7384 52.7384 108.932
    endloop
  endfacet
  facet normal -0.464867 -0.192557 0.864188
    outer loop
      vertex -69.9572 -52.7924 108.391
      vertex -71.7041 -53.2605 107.347
      vertex -71.2176 -54.435 107.347
    endloop
  endfacet
  facet normal -0.46483 -0.192593 0.8642
    outer loop
      vertex -69.9572 -52.7924 108.391
      vertex -71.2176 -54.435 107.347
      vertex -69.6513 -53.5307 108.391
    endloop
  endfacet
  facet normal -0.688558 -0.528373 0.496698
    outer loop
      vertex -72.4965 -55.1734 105.87
      vertex -73.4008 -55.6955 104.061
      vertex -72.2262 -57.2262 104.061
    endloop
  endfacet
  facet normal -0.688596 -0.528352 0.496668
    outer loop
      vertex -71.4879 -56.4879 105.87
      vertex -72.4965 -55.1734 105.87
      vertex -72.2262 -57.2262 104.061
    endloop
  endfacet
  facet normal -0.80186 0.332152 0.496685
    outer loop
      vertex -73.4008 55.6955 104.061
      vertex -74.1392 53.9129 104.061
      vertex -73.1306 53.6427 105.87
    endloop
  endfacet
  facet normal -0.958194 0.12613 0.256817
    outer loop
      vertex -74.1392 53.9129 104.061
      vertex -74.9316 52 102.044
      vertex -74.391 52 104.061
    endloop
  endfacet
  facet normal -0.704111 -0.0926699 0.704017
    outer loop
      vertex -71.7041 -53.2605 107.347
      vertex -73.3468 -52 105.87
      vertex -73.1306 -53.6427 105.87
    endloop
  endfacet
  facet normal -0.866072 0 0.499919
    outer loop
      vertex -74.391 -52 104.061
      vertex -73.3468 52 105.87
      vertex -74.391 52 104.061
    endloop
  endfacet
  facet normal -0.866072 0 0.499919
    outer loop
      vertex -73.3468 52 105.87
      vertex -74.391 -52 104.061
      vertex -73.3468 -52 105.87
    endloop
  endfacet
  facet normal -0.399195 0.306274 0.864199
    outer loop
      vertex -69.1648 54.1648 108.391
      vertex -70.4437 55.4437 107.347
      vertex -69.6513 53.5307 108.391
    endloop
  endfacet
  facet normal -0.563445 0.432324 0.704007
    outer loop
      vertex -71.4879 56.4879 105.87
      vertex -72.4965 55.1734 105.87
      vertex -71.2176 54.435 107.347
    endloop
  endfacet
  facet normal -0.8605 -0.113253 -0.496702
    outer loop
      vertex -73.1306 -53.6427 -105.87
      vertex -74.391 -52 -104.061
      vertex -73.3468 -52 -105.87
    endloop
  endfacet
  facet normal -0.892896 -0.369861 -0.256786
    outer loop
      vertex -73.8689 -55.9658 -102.044
      vertex -74.1392 -53.9129 -104.061
      vertex -73.4008 -55.6955 -104.061
    endloop
  endfacet
  facet normal -0.766737 -0.588365 -0.25679
    outer loop
      vertex -72.2262 -57.2262 -104.061
      vertex -73.8689 -55.9658 -102.044
      vertex -73.4008 -55.6955 -104.061
    endloop
  endfacet
  facet normal -0.860505 -0.113271 -0.49669
    outer loop
      vertex -74.1392 -53.9129 -104.061
      vertex -74.391 -52 -104.061
      vertex -73.1306 -53.6427 -105.87
    endloop
  endfacet
  facet normal -0.498851 0.0656615 -0.864197
    outer loop
      vertex -70.0615 52 -108.391
      vertex -71.8701 52 -107.347
      vertex -69.9572 52.7924 -108.391
    endloop
  endfacet
  facet normal 0.860505 -0.113271 -0.49669
    outer loop
      vertex 74.1392 -53.9129 -104.061
      vertex 73.1306 -53.6427 -105.87
      vertex 74.391 -52 -104.061
    endloop
  endfacet
  facet normal 0.80186 -0.332152 -0.496685
    outer loop
      vertex 73.4008 -55.6955 -104.061
      vertex 73.1306 -53.6427 -105.87
      vertex 74.1392 -53.9129 -104.061
    endloop
  endfacet
  facet normal 0 -0.707179 -0.707035
    outer loop
      vertex -67 -56.8701 -107.347
      vertex 67 -58.3468 -105.87
      vertex -67 -58.3468 -105.87
    endloop
  endfacet
  facet normal 0 -0.707179 -0.707035
    outer loop
      vertex 67 -58.3468 -105.87
      vertex -67 -56.8701 -107.347
      vertex 67 -56.8701 -107.347
    endloop
  endfacet
  facet normal -0.432311 -0.563473 -0.703993
    outer loop
      vertex -69.435 -56.2176 -107.347
      vertex -71.4879 -56.4879 -105.87
      vertex -70.4437 -55.4437 -107.347
    endloop
  endfacet
  facet normal -0.258877 -0.0340748 -0.965309
    outer loop
      vertex -69.9572 -52.7924 -108.391
      vertex -70.0615 -52 -108.391
      vertex -68.0442 -52 -108.932
    endloop
  endfacet
  facet normal -0.0340961 -0.258881 -0.965307
    outer loop
      vertex -67 -53.0442 -108.932
      vertex -67.7924 -54.9571 -108.391
      vertex -67.2703 -53.0086 -108.932
    endloop
  endfacet
  facet normal -0.271778 -0.656123 -0.704017
    outer loop
      vertex -68.6427 -58.1306 -105.87
      vertex -69.435 -56.2176 -107.347
      vertex -68.2605 -56.7041 -107.347
    endloop
  endfacet
  facet normal -0.192549 -0.464849 -0.864199
    outer loop
      vertex -68.2605 -56.7041 -107.347
      vertex -69.435 -56.2176 -107.347
      vertex -67.7924 -54.9571 -108.391
    endloop
  endfacet
  facet normal 0.332152 0.80186 0.496685
    outer loop
      vertex 68.9129 59.1392 104.061
      vertex 68.6427 58.1306 105.87
      vertex 70.6955 58.4008 104.061
    endloop
  endfacet
  facet normal 0.12617 0.958199 -0.256781
    outer loop
      vertex 68.9129 59.1392 -104.061
      vertex 67 59.9316 -102.044
      vertex 69.0528 59.6613 -102.044
    endloop
  endfacet
  facet normal 0.80186 0.332152 0.496685
    outer loop
      vertex 73.4008 55.6955 104.061
      vertex 73.1306 53.6427 105.87
      vertex 74.1392 53.9129 104.061
    endloop
  endfacet
  facet normal 0.860505 0.113271 0.49669
    outer loop
      vertex 74.1392 53.9129 104.061
      vertex 73.1306 53.6427 105.87
      vertex 74.391 52 104.061
    endloop
  endfacet
  facet normal 0.958199 0.12617 -0.256781
    outer loop
      vertex 74.9316 52 -102.044
      vertex 74.1392 53.9129 -104.061
      vertex 74.6613 54.0528 -102.044
    endloop
  endfacet
  facet normal 0.8929 0.369856 -0.25678
    outer loop
      vertex 74.1392 53.9129 -104.061
      vertex 73.8689 55.9658 -102.044
      vertex 74.6613 54.0528 -102.044
    endloop
  endfacet
  facet normal 0.8605 -0.113253 -0.496702
    outer loop
      vertex 74.391 -52 -104.061
      vertex 73.1306 -53.6427 -105.87
      vertex 73.3468 -52 -105.87
    endloop
  endfacet
  facet normal 0.656124 0.271803 -0.704006
    outer loop
      vertex 73.1306 53.6427 -105.87
      vertex 71.2176 54.435 -107.347
      vertex 72.4965 55.1734 -105.87
    endloop
  endfacet
  facet normal 0.656123 -0.271778 0.704017
    outer loop
      vertex 71.7041 -53.2605 107.347
      vertex 71.2176 -54.435 107.347
      vertex 73.1306 -53.6427 105.87
    endloop
  endfacet
  facet normal 0.528352 -0.688596 0.496668
    outer loop
      vertex 71.4879 -56.4879 105.87
      vertex 70.1734 -57.4965 105.87
      vertex 72.2262 -57.2262 104.061
    endloop
  endfacet
  facet normal 0.688596 -0.528352 0.496668
    outer loop
      vertex 72.4965 -55.1734 105.87
      vertex 71.4879 -56.4879 105.87
      vertex 72.2262 -57.2262 104.061
    endloop
  endfacet
  facet normal 0.766737 -0.588365 0.25679
    outer loop
      vertex 73.4008 -55.6955 104.061
      vertex 72.2262 -57.2262 104.061
      vertex 73.8689 -55.9658 102.044
    endloop
  endfacet
  facet normal 0.892896 -0.369861 0.256786
    outer loop
      vertex 74.1392 -53.9129 104.061
      vertex 73.4008 -55.6955 104.061
      vertex 73.8689 -55.9658 102.044
    endloop
  endfacet
  facet normal -0.207171 0.158947 -0.965306
    outer loop
      vertex -67.7384 52.7384 -108.932
      vertex -69.6513 53.5307 -108.391
      vertex -69.1648 54.1648 -108.391
    endloop
  endfacet
  facet normal 0.46483 -0.192593 -0.8642
    outer loop
      vertex 71.2176 -54.435 -107.347
      vertex 69.6513 -53.5307 -108.391
      vertex 69.9572 -52.7924 -108.391
    endloop
  endfacet
  facet normal -0.0657241 0.498849 -0.864193
    outer loop
      vertex -67 55.0615 -108.391
      vertex -67.7924 54.9571 -108.391
      vertex -67 56.8701 -107.347
    endloop
  endfacet
  facet normal -0.399196 0.306273 -0.864199
    outer loop
      vertex -69.6513 53.5307 -108.391
      vertex -71.2176 54.435 -107.347
      vertex -70.4437 55.4437 -107.347
    endloop
  endfacet
  facet normal -0.332168 0.801843 -0.496701
    outer loop
      vertex -70.1734 57.4965 -105.87
      vertex -70.6955 58.4008 -104.061
      vertex -68.6427 58.1306 -105.87
    endloop
  endfacet
  facet normal -0.332152 0.80186 -0.496685
    outer loop
      vertex -68.6427 58.1306 -105.87
      vertex -70.6955 58.4008 -104.061
      vertex -68.9129 59.1392 -104.061
    endloop
  endfacet
  facet normal -0.271803 0.656124 -0.704006
    outer loop
      vertex -69.435 56.2176 -107.347
      vertex -70.1734 57.4965 -105.87
      vertex -68.6427 58.1306 -105.87
    endloop
  endfacet
  facet normal -0.192549 0.464849 -0.864199
    outer loop
      vertex -67.7924 54.9571 -108.391
      vertex -69.435 56.2176 -107.347
      vertex -68.2605 56.7041 -107.347
    endloop
  endfacet
  facet normal 0.0926699 0.704111 -0.704017
    outer loop
      vertex 68.2605 56.7041 -107.347
      vertex 67 58.3468 -105.87
      vertex 68.6427 58.1306 -105.87
    endloop
  endfacet
  facet normal 0.528373 0.688558 0.496698
    outer loop
      vertex 70.6955 58.4008 104.061
      vertex 70.1734 57.4965 105.87
      vertex 72.2262 57.2262 104.061
    endloop
  endfacet
  facet normal 0 0.866072 0.499919
    outer loop
      vertex 67 59.391 104.061
      vertex -67 58.3468 105.87
      vertex 67 58.3468 105.87
    endloop
  endfacet
  facet normal 0 0.866072 0.499919
    outer loop
      vertex -67 58.3468 105.87
      vertex 67 59.391 104.061
      vertex -67 59.391 104.061
    endloop
  endfacet
  facet normal 0.766737 0.588365 0.25679
    outer loop
      vertex 73.8689 55.9658 102.044
      vertex 72.2262 57.2262 104.061
      vertex 73.4008 55.6955 104.061
    endloop
  endfacet
  facet normal 0.923878 0.382687 0
    outer loop
      vertex 74.6613 54.0528 102.044
      vertex 73.8689 55.9658 -102.044
      vertex 73.8689 55.9658 102.044
    endloop
  endfacet
  facet normal 0.923878 0.382687 0
    outer loop
      vertex 73.8689 55.9658 -102.044
      vertex 74.6613 54.0528 102.044
      vertex 74.6613 54.0528 -102.044
    endloop
  endfacet
  facet normal -0.207187 -0.15891 0.965309
    outer loop
      vertex -67.9043 -52.5221 108.932
      vertex -69.6513 -53.5307 108.391
      vertex -67.7384 -52.7384 108.932
    endloop
  endfacet
  facet normal 0.258869 0.0340945 0.965311
    outer loop
      vertex 69.9572 52.7924 108.391
      vertex 68.0086 52.2703 108.932
      vertex 68.0442 52 108.932
    endloop
  endfacet
  facet normal 0.688596 0.528352 0.496668
    outer loop
      vertex 72.2262 57.2262 104.061
      vertex 71.4879 56.4879 105.87
      vertex 72.4965 55.1734 105.87
    endloop
  endfacet
  facet normal 0.656124 0.271803 0.704006
    outer loop
      vertex 72.4965 55.1734 105.87
      vertex 71.2176 54.435 107.347
      vertex 73.1306 53.6427 105.87
    endloop
  endfacet
  facet normal 0.271803 0.656124 -0.704006
    outer loop
      vertex 69.435 56.2176 -107.347
      vertex 68.6427 58.1306 -105.87
      vertex 70.1734 57.4965 -105.87
    endloop
  endfacet
  facet normal 0.688596 0.528352 -0.496668
    outer loop
      vertex 72.4965 55.1734 -105.87
      vertex 71.4879 56.4879 -105.87
      vertex 72.2262 57.2262 -104.061
    endloop
  endfacet
  facet normal 0.704111 0.0926699 -0.704017
    outer loop
      vertex 73.3468 52 -105.87
      vertex 71.7041 53.2605 -107.347
      vertex 73.1306 53.6427 -105.87
    endloop
  endfacet
  facet normal 0.399196 0.306273 -0.864199
    outer loop
      vertex 71.2176 54.435 -107.347
      vertex 69.6513 53.5307 -108.391
      vertex 70.4437 55.4437 -107.347
    endloop
  endfacet
  facet normal 0 -0.49993 -0.866066
    outer loop
      vertex -67 -56.8701 -107.347
      vertex 67 -55.0615 -108.391
      vertex 67 -56.8701 -107.347
    endloop
  endfacet
  facet normal -0 -0.49993 -0.866066
    outer loop
      vertex 67 -55.0615 -108.391
      vertex -67 -56.8701 -107.347
      vertex -67 -55.0615 -108.391
    endloop
  endfacet
  facet normal -0.0657241 -0.498849 -0.864193
    outer loop
      vertex -67 -56.8701 -107.347
      vertex -67.7924 -54.9571 -108.391
      vertex -67 -55.0615 -108.391
    endloop
  endfacet
  facet normal 0.0340961 -0.258881 -0.965307
    outer loop
      vertex 67.7924 -54.9571 -108.391
      vertex 67 -53.0442 -108.932
      vertex 67.2703 -53.0086 -108.932
    endloop
  endfacet
  facet normal -0.0341074 0.258877 -0.965308
    outer loop
      vertex -67 53.0442 -108.932
      vertex -67.7924 54.9571 -108.391
      vertex -67 55.0615 -108.391
    endloop
  endfacet
  facet normal 0.0999258 -0.24124 -0.965307
    outer loop
      vertex 68.5307 -54.6513 -108.391
      vertex 67.2703 -53.0086 -108.932
      vertex 67.5221 -52.9043 -108.932
    endloop
  endfacet
  facet normal 0.207171 -0.158947 -0.965306
    outer loop
      vertex 69.1648 -54.1648 -108.391
      vertex 67.7384 -52.7384 -108.932
      vertex 69.6513 -53.5307 -108.391
    endloop
  endfacet
  facet normal 0.15891 -0.207187 -0.965309
    outer loop
      vertex 68.5307 -54.6513 -108.391
      vertex 67.5221 -52.9043 -108.932
      vertex 67.7384 -52.7384 -108.932
    endloop
  endfacet
  facet normal 0.0657241 0.498849 -0.864193
    outer loop
      vertex 67.7924 54.9571 -108.391
      vertex 67 55.0615 -108.391
      vertex 67 56.8701 -107.347
    endloop
  endfacet
  facet normal 0.158947 0.207171 -0.965306
    outer loop
      vertex 69.1648 54.1648 -108.391
      vertex 67.7384 52.7384 -108.932
      vertex 68.5307 54.6513 -108.391
    endloop
  endfacet
  facet normal 0.704132 -0.0927297 -0.703989
    outer loop
      vertex 73.3468 -52 -105.87
      vertex 71.7041 -53.2605 -107.347
      vertex 71.8701 -52 -107.347
    endloop
  endfacet
  facet normal 0.656124 -0.271803 -0.704006
    outer loop
      vertex 72.4965 -55.1734 -105.87
      vertex 71.2176 -54.435 -107.347
      vertex 73.1306 -53.6427 -105.87
    endloop
  endfacet
  facet normal 0.8605 -0.113253 0.496702
    outer loop
      vertex 73.3468 -52 105.87
      vertex 73.1306 -53.6427 105.87
      vertex 74.391 -52 104.061
    endloop
  endfacet
  facet normal 0.704132 -0.0927297 0.703989
    outer loop
      vertex 71.8701 -52 107.347
      vertex 71.7041 -53.2605 107.347
      vertex 73.3468 -52 105.87
    endloop
  endfacet
  facet normal 0.207187 -0.15891 0.965309
    outer loop
      vertex 67.9043 -52.5221 108.932
      vertex 67.7384 -52.7384 108.932
      vertex 69.6513 -53.5307 108.391
    endloop
  endfacet
  facet normal 0.0999258 0.24124 0.965307
    outer loop
      vertex 68.5307 54.6513 108.391
      vertex 67.2703 53.0086 108.932
      vertex 67.5221 52.9043 108.932
    endloop
  endfacet
  facet normal 0.656123 0.271778 0.704017
    outer loop
      vertex 73.1306 53.6427 105.87
      vertex 71.2176 54.435 107.347
      vertex 71.7041 53.2605 107.347
    endloop
  endfacet
  facet normal 0.464867 0.192557 0.864188
    outer loop
      vertex 71.2176 54.435 107.347
      vertex 69.9572 52.7924 108.391
      vertex 71.7041 53.2605 107.347
    endloop
  endfacet
  facet normal -0.0926699 -0.704111 0.704017
    outer loop
      vertex -68.2605 -56.7041 107.347
      vertex -68.6427 -58.1306 105.87
      vertex -67 -58.3468 105.87
    endloop
  endfacet
  facet normal -0.0927297 -0.704132 0.703989
    outer loop
      vertex -67 -56.8701 107.347
      vertex -68.2605 -56.7041 107.347
      vertex -67 -58.3468 105.87
    endloop
  endfacet
  facet normal -0.0341074 -0.258877 0.965308
    outer loop
      vertex -67 -53.0442 108.932
      vertex -67.7924 -54.9571 108.391
      vertex -67 -55.0615 108.391
    endloop
  endfacet
  facet normal -0.0340961 -0.258881 0.965307
    outer loop
      vertex -67.2703 -53.0086 108.932
      vertex -67.7924 -54.9571 108.391
      vertex -67 -53.0442 108.932
    endloop
  endfacet
  facet normal 0.113253 -0.8605 0.496702
    outer loop
      vertex 67 -58.3468 105.87
      vertex 67 -59.391 104.061
      vertex 68.6427 -58.1306 105.87
    endloop
  endfacet
  facet normal -0.158947 0.207171 0.965306
    outer loop
      vertex -68.5307 54.6513 108.391
      vertex -69.1648 54.1648 108.391
      vertex -67.7384 52.7384 108.932
    endloop
  endfacet
  facet normal 0.24124 0.0999258 0.965307
    outer loop
      vertex 69.6513 53.5307 108.391
      vertex 67.9043 52.5221 108.932
      vertex 68.0086 52.2703 108.932
    endloop
  endfacet
  facet normal -0.656123 0.271778 -0.704017
    outer loop
      vertex -71.7041 53.2605 -107.347
      vertex -73.1306 53.6427 -105.87
      vertex -71.2176 54.435 -107.347
    endloop
  endfacet
  facet normal -0.704111 0.0926699 -0.704017
    outer loop
      vertex -71.7041 53.2605 -107.347
      vertex -73.3468 52 -105.87
      vertex -73.1306 53.6427 -105.87
    endloop
  endfacet
  facet normal -0.923878 0.382687 0
    outer loop
      vertex -74.6613 54.0528 -102.044
      vertex -73.8689 55.9658 102.044
      vertex -73.8689 55.9658 -102.044
    endloop
  endfacet
  facet normal -0.923878 0.382687 0
    outer loop
      vertex -73.8689 55.9658 102.044
      vertex -74.6613 54.0528 -102.044
      vertex -74.6613 54.0528 102.044
    endloop
  endfacet
  facet normal -0.8929 0.369856 -0.25678
    outer loop
      vertex -74.1392 53.9129 -104.061
      vertex -74.6613 54.0528 -102.044
      vertex -73.8689 55.9658 -102.044
    endloop
  endfacet
  facet normal -0.563445 0.432324 -0.704007
    outer loop
      vertex -71.2176 54.435 -107.347
      vertex -72.4965 55.1734 -105.87
      vertex -71.4879 56.4879 -105.87
    endloop
  endfacet
  facet normal -0.688596 0.528352 -0.496668
    outer loop
      vertex -71.4879 56.4879 -105.87
      vertex -72.4965 55.1734 -105.87
      vertex -72.2262 57.2262 -104.061
    endloop
  endfacet
  facet normal -0.113253 0.8605 0.496702
    outer loop
      vertex -67 59.391 104.061
      vertex -68.6427 58.1306 105.87
      vertex -67 58.3468 105.87
    endloop
  endfacet
  facet normal -0.0926699 0.704111 0.704017
    outer loop
      vertex -67 58.3468 105.87
      vertex -68.6427 58.1306 105.87
      vertex -68.2605 56.7041 107.347
    endloop
  endfacet
  facet normal -0.113271 0.860505 0.49669
    outer loop
      vertex -67 59.391 104.061
      vertex -68.9129 59.1392 104.061
      vertex -68.6427 58.1306 105.87
    endloop
  endfacet
  facet normal -0.12613 0.958194 0.256817
    outer loop
      vertex -67 59.9316 102.044
      vertex -68.9129 59.1392 104.061
      vertex -67 59.391 104.061
    endloop
  endfacet
  facet normal 0.528373 -0.688558 -0.496698
    outer loop
      vertex 70.6955 -58.4008 -104.061
      vertex 70.1734 -57.4965 -105.87
      vertex 72.2262 -57.2262 -104.061
    endloop
  endfacet
  facet normal 0.588365 -0.766737 -0.25679
    outer loop
      vertex 70.9658 -58.8689 -102.044
      vertex 70.6955 -58.4008 -104.061
      vertex 72.2262 -57.2262 -104.061
    endloop
  endfacet
  facet normal 0.563473 -0.432311 -0.703993
    outer loop
      vertex 71.4879 -56.4879 -105.87
      vertex 70.4437 -55.4437 -107.347
      vertex 71.2176 -54.435 -107.347
    endloop
  endfacet
  facet normal 0.563445 -0.432324 -0.704007
    outer loop
      vertex 71.4879 -56.4879 -105.87
      vertex 71.2176 -54.435 -107.347
      vertex 72.4965 -55.1734 -105.87
    endloop
  endfacet
  facet normal -0.271803 -0.656124 0.704006
    outer loop
      vertex -69.435 -56.2176 107.347
      vertex -70.1734 -57.4965 105.87
      vertex -68.6427 -58.1306 105.87
    endloop
  endfacet
  facet normal -0.432324 -0.563445 0.704007
    outer loop
      vertex -69.435 -56.2176 107.347
      vertex -71.4879 -56.4879 105.87
      vertex -70.1734 -57.4965 105.87
    endloop
  endfacet
  facet normal 0.15891 0.207187 0.965309
    outer loop
      vertex 68.5307 54.6513 108.391
      vertex 67.5221 52.9043 108.932
      vertex 67.7384 52.7384 108.932
    endloop
  endfacet
  facet normal -0.656124 -0.271803 0.704006
    outer loop
      vertex -71.2176 -54.435 107.347
      vertex -73.1306 -53.6427 105.87
      vertex -72.4965 -55.1734 105.87
    endloop
  endfacet
  facet normal -0.563445 -0.432324 0.704007
    outer loop
      vertex -71.2176 -54.435 107.347
      vertex -72.4965 -55.1734 105.87
      vertex -71.4879 -56.4879 105.87
    endloop
  endfacet
  facet normal -0.860505 -0.113271 0.49669
    outer loop
      vertex -73.1306 -53.6427 105.87
      vertex -74.391 -52 104.061
      vertex -74.1392 -53.9129 104.061
    endloop
  endfacet
  facet normal -0.8605 -0.113253 0.496702
    outer loop
      vertex -73.3468 -52 105.87
      vertex -74.391 -52 104.061
      vertex -73.1306 -53.6427 105.87
    endloop
  endfacet
  facet normal -0.707179 0 0.707035
    outer loop
      vertex -73.3468 -52 105.87
      vertex -71.8701 52 107.347
      vertex -73.3468 52 105.87
    endloop
  endfacet
  facet normal -0.707179 0 0.707035
    outer loop
      vertex -71.8701 52 107.347
      vertex -73.3468 -52 105.87
      vertex -71.8701 -52 107.347
    endloop
  endfacet
  facet normal -0.399196 0.306273 0.864199
    outer loop
      vertex -70.4437 55.4437 107.347
      vertex -71.2176 54.435 107.347
      vertex -69.6513 53.5307 108.391
    endloop
  endfacet
  facet normal -0.432324 0.563445 0.704007
    outer loop
      vertex -70.1734 57.4965 105.87
      vertex -71.4879 56.4879 105.87
      vertex -69.435 56.2176 107.347
    endloop
  endfacet
  facet normal -0.656123 0.271778 0.704017
    outer loop
      vertex -71.2176 54.435 107.347
      vertex -73.1306 53.6427 105.87
      vertex -71.7041 53.2605 107.347
    endloop
  endfacet
  facet normal -0.704111 0.0926699 0.704017
    outer loop
      vertex -73.1306 53.6427 105.87
      vertex -73.3468 52 105.87
      vertex -71.7041 53.2605 107.347
    endloop
  endfacet
  facet normal -0.207171 0.158947 0.965306
    outer loop
      vertex -69.1648 54.1648 108.391
      vertex -69.6513 53.5307 108.391
      vertex -67.7384 52.7384 108.932
    endloop
  endfacet
  facet normal -0.306274 0.399195 0.864199
    outer loop
      vertex -68.5307 54.6513 108.391
      vertex -70.4437 55.4437 107.347
      vertex -69.1648 54.1648 108.391
    endloop
  endfacet
  facet normal -0.704132 -0.0927297 -0.703989
    outer loop
      vertex -71.7041 -53.2605 -107.347
      vertex -73.3468 -52 -105.87
      vertex -71.8701 -52 -107.347
    endloop
  endfacet
  facet normal -0.704111 -0.0926699 -0.704017
    outer loop
      vertex -73.1306 -53.6427 -105.87
      vertex -73.3468 -52 -105.87
      vertex -71.7041 -53.2605 -107.347
    endloop
  endfacet
  facet normal -0.432324 -0.563445 -0.704007
    outer loop
      vertex -70.1734 -57.4965 -105.87
      vertex -71.4879 -56.4879 -105.87
      vertex -69.435 -56.2176 -107.347
    endloop
  endfacet
  facet normal -0.528352 -0.688596 -0.496668
    outer loop
      vertex -70.1734 -57.4965 -105.87
      vertex -72.2262 -57.2262 -104.061
      vertex -71.4879 -56.4879 -105.87
    endloop
  endfacet
  facet normal -0.801843 -0.332168 -0.496701
    outer loop
      vertex -72.4965 -55.1734 -105.87
      vertex -73.4008 -55.6955 -104.061
      vertex -73.1306 -53.6427 -105.87
    endloop
  endfacet
  facet normal -0.688558 -0.528373 -0.496698
    outer loop
      vertex -72.2262 -57.2262 -104.061
      vertex -73.4008 -55.6955 -104.061
      vertex -72.4965 -55.1734 -105.87
    endloop
  endfacet
  facet normal 0.704111 -0.0926699 -0.704017
    outer loop
      vertex 73.1306 -53.6427 -105.87
      vertex 71.7041 -53.2605 -107.347
      vertex 73.3468 -52 -105.87
    endloop
  endfacet
  facet normal 0.707179 0 -0.707035
    outer loop
      vertex 73.3468 -52 -105.87
      vertex 71.8701 52 -107.347
      vertex 73.3468 52 -105.87
    endloop
  endfacet
  facet normal 0.707179 0 -0.707035
    outer loop
      vertex 71.8701 52 -107.347
      vertex 73.3468 -52 -105.87
      vertex 71.8701 -52 -107.347
    endloop
  endfacet
  facet normal -0.464867 -0.192557 -0.864188
    outer loop
      vertex -71.2176 -54.435 -107.347
      vertex -71.7041 -53.2605 -107.347
      vertex -69.9572 -52.7924 -108.391
    endloop
  endfacet
  facet normal -0.866072 0 -0.499919
    outer loop
      vertex -73.3468 -52 -105.87
      vertex -74.391 52 -104.061
      vertex -73.3468 52 -105.87
    endloop
  endfacet
  facet normal -0.866072 -0 -0.499919
    outer loop
      vertex -74.391 52 -104.061
      vertex -73.3468 -52 -105.87
      vertex -74.391 -52 -104.061
    endloop
  endfacet
  facet normal -0.15891 -0.207187 -0.965309
    outer loop
      vertex -67.5221 -52.9043 -108.932
      vertex -68.5307 -54.6513 -108.391
      vertex -67.7384 -52.7384 -108.932
    endloop
  endfacet
  facet normal -0.0999258 -0.24124 -0.965307
    outer loop
      vertex -67.2703 -53.0086 -108.932
      vertex -68.5307 -54.6513 -108.391
      vertex -67.5221 -52.9043 -108.932
    endloop
  endfacet
  facet normal -0.0999216 -0.241243 -0.965307
    outer loop
      vertex -67.7924 -54.9571 -108.391
      vertex -68.5307 -54.6513 -108.391
      vertex -67.2703 -53.0086 -108.932
    endloop
  endfacet
  facet normal 0.369861 0.892896 -0.256786
    outer loop
      vertex 70.6955 58.4008 -104.061
      vertex 68.9129 59.1392 -104.061
      vertex 70.9658 58.8689 -102.044
    endloop
  endfacet
  facet normal 0.588365 0.766737 -0.25679
    outer loop
      vertex 72.2262 57.2262 -104.061
      vertex 70.6955 58.4008 -104.061
      vertex 70.9658 58.8689 -102.044
    endloop
  endfacet
  facet normal -0.192541 0.464857 -0.864196
    outer loop
      vertex -68.5307 54.6513 -108.391
      vertex -69.435 56.2176 -107.347
      vertex -67.7924 54.9571 -108.391
    endloop
  endfacet
  facet normal -0.0656942 0.49884 -0.864201
    outer loop
      vertex -67.7924 54.9571 -108.391
      vertex -68.2605 56.7041 -107.347
      vertex -67 56.8701 -107.347
    endloop
  endfacet
  facet normal 0.192549 0.464849 -0.864199
    outer loop
      vertex 69.435 56.2176 -107.347
      vertex 67.7924 54.9571 -108.391
      vertex 68.2605 56.7041 -107.347
    endloop
  endfacet
  facet normal -0.432311 0.563473 -0.703993
    outer loop
      vertex -70.4437 55.4437 -107.347
      vertex -71.4879 56.4879 -105.87
      vertex -69.435 56.2176 -107.347
    endloop
  endfacet
  facet normal -0.306273 0.399196 -0.864199
    outer loop
      vertex -68.5307 54.6513 -108.391
      vertex -70.4437 55.4437 -107.347
      vertex -69.435 56.2176 -107.347
    endloop
  endfacet
  facet normal 0 0.49993 -0.866066
    outer loop
      vertex -67 55.0615 -108.391
      vertex 67 56.8701 -107.347
      vertex 67 55.0615 -108.391
    endloop
  endfacet
  facet normal 0 0.49993 -0.866066
    outer loop
      vertex 67 56.8701 -107.347
      vertex -67 55.0615 -108.391
      vertex -67 56.8701 -107.347
    endloop
  endfacet
  facet normal 0.271803 0.656124 0.704006
    outer loop
      vertex 70.1734 57.4965 105.87
      vertex 68.6427 58.1306 105.87
      vertex 69.435 56.2176 107.347
    endloop
  endfacet
  facet normal 0.332168 0.801843 0.496701
    outer loop
      vertex 70.6955 58.4008 104.061
      vertex 68.6427 58.1306 105.87
      vertex 70.1734 57.4965 105.87
    endloop
  endfacet
  facet normal 0.192541 0.464857 0.864196
    outer loop
      vertex 69.435 56.2176 107.347
      vertex 67.7924 54.9571 108.391
      vertex 68.5307 54.6513 108.391
    endloop
  endfacet
  facet normal 0.306273 0.399196 0.864199
    outer loop
      vertex 69.435 56.2176 107.347
      vertex 68.5307 54.6513 108.391
      vertex 70.4437 55.4437 107.347
    endloop
  endfacet
  facet normal 0.588365 0.766737 0.25679
    outer loop
      vertex 70.9658 58.8689 102.044
      vertex 70.6955 58.4008 104.061
      vertex 72.2262 57.2262 104.061
    endloop
  endfacet
  facet normal 0.369861 0.892896 0.256786
    outer loop
      vertex 70.9658 58.8689 102.044
      vertex 68.9129 59.1392 104.061
      vertex 70.6955 58.4008 104.061
    endloop
  endfacet
  facet normal 0.793374 0.608735 0
    outer loop
      vertex 73.8689 55.9658 102.044
      vertex 72.6085 57.6085 -102.044
      vertex 72.6085 57.6085 102.044
    endloop
  endfacet
  facet normal 0.793374 0.608735 0
    outer loop
      vertex 72.6085 57.6085 -102.044
      vertex 73.8689 55.9658 102.044
      vertex 73.8689 55.9658 -102.044
    endloop
  endfacet
  facet normal -0.0340961 0.258881 0.965307
    outer loop
      vertex -67 53.0442 108.932
      vertex -67.7924 54.9571 108.391
      vertex -67.2703 53.0086 108.932
    endloop
  endfacet
  facet normal 0.0656942 0.49884 -0.864201
    outer loop
      vertex 67.7924 54.9571 -108.391
      vertex 67 56.8701 -107.347
      vertex 68.2605 56.7041 -107.347
    endloop
  endfacet
  facet normal 0.271778 0.656123 -0.704017
    outer loop
      vertex 69.435 56.2176 -107.347
      vertex 68.2605 56.7041 -107.347
      vertex 68.6427 58.1306 -105.87
    endloop
  endfacet
  facet normal 0.860505 0.113271 -0.49669
    outer loop
      vertex 74.391 52 -104.061
      vertex 73.1306 53.6427 -105.87
      vertex 74.1392 53.9129 -104.061
    endloop
  endfacet
  facet normal 0.258877 0.0340748 -0.965309
    outer loop
      vertex 70.0615 52 -108.391
      vertex 68.0442 52 -108.932
      vertex 69.9572 52.7924 -108.391
    endloop
  endfacet
  facet normal 0.563445 0.432324 -0.704007
    outer loop
      vertex 72.4965 55.1734 -105.87
      vertex 71.2176 54.435 -107.347
      vertex 71.4879 56.4879 -105.87
    endloop
  endfacet
  facet normal 0.563473 0.432311 -0.703993
    outer loop
      vertex 71.2176 54.435 -107.347
      vertex 70.4437 55.4437 -107.347
      vertex 71.4879 56.4879 -105.87
    endloop
  endfacet
  facet normal 0.688558 0.528373 -0.496698
    outer loop
      vertex 72.4965 55.1734 -105.87
      vertex 72.2262 57.2262 -104.061
      vertex 73.4008 55.6955 -104.061
    endloop
  endfacet
  facet normal 0.766737 0.588365 -0.25679
    outer loop
      vertex 73.4008 55.6955 -104.061
      vertex 72.2262 57.2262 -104.061
      vertex 73.8689 55.9658 -102.044
    endloop
  endfacet
  facet normal 0.306274 -0.399195 -0.864199
    outer loop
      vertex 70.4437 -55.4437 -107.347
      vertex 68.5307 -54.6513 -108.391
      vertex 69.1648 -54.1648 -108.391
    endloop
  endfacet
  facet normal 0.158947 -0.207171 -0.965306
    outer loop
      vertex 68.5307 -54.6513 -108.391
      vertex 67.7384 -52.7384 -108.932
      vertex 69.1648 -54.1648 -108.391
    endloop
  endfacet
  facet normal 0.432324 -0.563445 -0.704007
    outer loop
      vertex 70.1734 -57.4965 -105.87
      vertex 69.435 -56.2176 -107.347
      vertex 71.4879 -56.4879 -105.87
    endloop
  endfacet
  facet normal 0.271803 -0.656124 -0.704006
    outer loop
      vertex 70.1734 -57.4965 -105.87
      vertex 68.6427 -58.1306 -105.87
      vertex 69.435 -56.2176 -107.347
    endloop
  endfacet
  facet normal 0.0656942 -0.49884 -0.864201
    outer loop
      vertex 68.2605 -56.7041 -107.347
      vertex 67 -56.8701 -107.347
      vertex 67.7924 -54.9571 -108.391
    endloop
  endfacet
  facet normal 0.0657241 -0.498849 -0.864193
    outer loop
      vertex 67.7924 -54.9571 -108.391
      vertex 67 -56.8701 -107.347
      vertex 67 -55.0615 -108.391
    endloop
  endfacet
  facet normal -0.24124 -0.0999258 -0.965307
    outer loop
      vertex -67.9043 -52.5221 -108.932
      vertex -69.6513 -53.5307 -108.391
      vertex -68.0086 -52.2703 -108.932
    endloop
  endfacet
  facet normal 0.306274 0.399195 -0.864199
    outer loop
      vertex 69.1648 54.1648 -108.391
      vertex 68.5307 54.6513 -108.391
      vertex 70.4437 55.4437 -107.347
    endloop
  endfacet
  facet normal 0.46483 0.192593 -0.8642
    outer loop
      vertex 69.9572 52.7924 -108.391
      vertex 69.6513 53.5307 -108.391
      vertex 71.2176 54.435 -107.347
    endloop
  endfacet
  facet normal 0 0 -1
    outer loop
      vertex 67 -53.0442 -108.932
      vertex 68.0442 -52 -108.932
      vertex 68.0086 -52.2703 -108.932
    endloop
  endfacet
  facet normal -0 0 -1
    outer loop
      vertex 68.0442 -52 -108.932
      vertex 67 -53.0442 -108.932
      vertex 68.0442 52 -108.932
    endloop
  endfacet
  facet normal 0 0 -1
    outer loop
      vertex 67 -53.0442 -108.932
      vertex 68.0086 -52.2703 -108.932
      vertex 67.9043 -52.5221 -108.932
    endloop
  endfacet
  facet normal 0 0 -1
    outer loop
      vertex 67 53.0442 -108.932
      vertex 68.0442 52 -108.932
      vertex 67 -53.0442 -108.932
    endloop
  endfacet
  facet normal 0 0 -1
    outer loop
      vertex 67 -53.0442 -108.932
      vertex 67.9043 -52.5221 -108.932
      vertex 67.7384 -52.7384 -108.932
    endloop
  endfacet
  facet normal 0 0 -1
    outer loop
      vertex 68.0442 52 -108.932
      vertex 67 53.0442 -108.932
      vertex 68.0086 52.2703 -108.932
    endloop
  endfacet
  facet normal 0 0 -1
    outer loop
      vertex 67 -53.0442 -108.932
      vertex 67.7384 -52.7384 -108.932
      vertex 67.5221 -52.9043 -108.932
    endloop
  endfacet
  facet normal 0 0 -1
    outer loop
      vertex 68.0086 52.2703 -108.932
      vertex 67 53.0442 -108.932
      vertex 67.9043 52.5221 -108.932
    endloop
  endfacet
  facet normal 0 0 -1
    outer loop
      vertex 67 -53.0442 -108.932
      vertex 67.5221 -52.9043 -108.932
      vertex 67.2703 -53.0086 -108.932
    endloop
  endfacet
  facet normal 0 0 -1
    outer loop
      vertex 67.9043 52.5221 -108.932
      vertex 67 53.0442 -108.932
      vertex 67.7384 52.7384 -108.932
    endloop
  endfacet
  facet normal 0 0 -1
    outer loop
      vertex 67.7384 52.7384 -108.932
      vertex 67 53.0442 -108.932
      vertex 67.5221 52.9043 -108.932
    endloop
  endfacet
  facet normal 0 0 -1
    outer loop
      vertex 67.5221 52.9043 -108.932
      vertex 67 53.0442 -108.932
      vertex 67.2703 53.0086 -108.932
    endloop
  endfacet
  facet normal 0 0 -1
    outer loop
      vertex -67 -53.0442 -108.932
      vertex 67 53.0442 -108.932
      vertex 67 -53.0442 -108.932
    endloop
  endfacet
  facet normal 0 0 -1
    outer loop
      vertex -67 -53.0442 -108.932
      vertex -67 53.0442 -108.932
      vertex 67 53.0442 -108.932
    endloop
  endfacet
  facet normal 0 0 -1
    outer loop
      vertex -68.0442 -52 -108.932
      vertex -67 -53.0442 -108.932
      vertex -67.2703 -53.0086 -108.932
    endloop
  endfacet
  facet normal 0 0 -1
    outer loop
      vertex -67 -53.0442 -108.932
      vertex -68.0442 -52 -108.932
      vertex -67 53.0442 -108.932
    endloop
  endfacet
  facet normal 0 0 -1
    outer loop
      vertex -68.0442 -52 -108.932
      vertex -67.2703 -53.0086 -108.932
      vertex -67.5221 -52.9043 -108.932
    endloop
  endfacet
  facet normal 0 0 -1
    outer loop
      vertex -68.0442 52 -108.932
      vertex -67 53.0442 -108.932
      vertex -68.0442 -52 -108.932
    endloop
  endfacet
  facet normal 0 0 -1
    outer loop
      vertex -68.0442 -52 -108.932
      vertex -67.5221 -52.9043 -108.932
      vertex -67.7384 -52.7384 -108.932
    endloop
  endfacet
  facet normal 0 0 -1
    outer loop
      vertex -67 53.0442 -108.932
      vertex -68.0442 52 -108.932
      vertex -67.2703 53.0086 -108.932
    endloop
  endfacet
  facet normal 0 0 -1
    outer loop
      vertex -68.0442 -52 -108.932
      vertex -67.7384 -52.7384 -108.932
      vertex -67.9043 -52.5221 -108.932
    endloop
  endfacet
  facet normal 0 0 -1
    outer loop
      vertex -67.2703 53.0086 -108.932
      vertex -68.0442 52 -108.932
      vertex -67.5221 52.9043 -108.932
    endloop
  endfacet
  facet normal 0 0 -1
    outer loop
      vertex -68.0442 -52 -108.932
      vertex -67.9043 -52.5221 -108.932
      vertex -68.0086 -52.2703 -108.932
    endloop
  endfacet
  facet normal 0 0 -1
    outer loop
      vertex -67.5221 52.9043 -108.932
      vertex -68.0442 52 -108.932
      vertex -67.7384 52.7384 -108.932
    endloop
  endfacet
  facet normal 0 0 -1
    outer loop
      vertex -67.7384 52.7384 -108.932
      vertex -68.0442 52 -108.932
      vertex -67.9043 52.5221 -108.932
    endloop
  endfacet
  facet normal 0 0 -1
    outer loop
      vertex -67.9043 52.5221 -108.932
      vertex -68.0442 52 -108.932
      vertex -68.0086 52.2703 -108.932
    endloop
  endfacet
  facet normal 0.498851 -0.0656615 -0.864197
    outer loop
      vertex 71.8701 -52 -107.347
      vertex 69.9572 -52.7924 -108.391
      vertex 70.0615 -52 -108.391
    endloop
  endfacet
  facet normal 0.656123 -0.271778 -0.704017
    outer loop
      vertex 73.1306 -53.6427 -105.87
      vertex 71.2176 -54.435 -107.347
      vertex 71.7041 -53.2605 -107.347
    endloop
  endfacet
  facet normal 0.498861 -0.0656969 -0.864188
    outer loop
      vertex 71.7041 -53.2605 -107.347
      vertex 69.9572 -52.7924 -108.391
      vertex 71.8701 -52 -107.347
    endloop
  endfacet
  facet normal 0.801843 -0.332168 0.496701
    outer loop
      vertex 73.1306 -53.6427 105.87
      vertex 72.4965 -55.1734 105.87
      vertex 73.4008 -55.6955 104.061
    endloop
  endfacet
  facet normal 0.80186 -0.332152 0.496685
    outer loop
      vertex 74.1392 -53.9129 104.061
      vertex 73.1306 -53.6427 105.87
      vertex 73.4008 -55.6955 104.061
    endloop
  endfacet
  facet normal 0.258877 -0.0340748 0.965309
    outer loop
      vertex 70.0615 -52 108.391
      vertex 68.0442 -52 108.932
      vertex 69.9572 -52.7924 108.391
    endloop
  endfacet
  facet normal 0.259027 0 0.96587
    outer loop
      vertex 68.0442 52 108.932
      vertex 70.0615 -52 108.391
      vertex 70.0615 52 108.391
    endloop
  endfacet
  facet normal 0.259027 0 0.96587
    outer loop
      vertex 70.0615 -52 108.391
      vertex 68.0442 52 108.932
      vertex 68.0442 -52 108.932
    endloop
  endfacet
  facet normal 0.498861 0.0656969 0.864188
    outer loop
      vertex 71.7041 53.2605 107.347
      vertex 69.9572 52.7924 108.391
      vertex 71.8701 52 107.347
    endloop
  endfacet
  facet normal 0 0 1
    outer loop
      vertex 67 53.0442 108.932
      vertex 68.0442 52 108.932
      vertex 68.0086 52.2703 108.932
    endloop
  endfacet
  facet normal 0 0 1
    outer loop
      vertex 68.0442 52 108.932
      vertex 67 53.0442 108.932
      vertex 68.0442 -52 108.932
    endloop
  endfacet
  facet normal 0 0 1
    outer loop
      vertex 67 53.0442 108.932
      vertex 68.0086 52.2703 108.932
      vertex 67.9043 52.5221 108.932
    endloop
  endfacet
  facet normal 0 0 1
    outer loop
      vertex 67 -53.0442 108.932
      vertex 68.0442 -52 108.932
      vertex 67 53.0442 108.932
    endloop
  endfacet
  facet normal 0 0 1
    outer loop
      vertex 67 53.0442 108.932
      vertex 67.9043 52.5221 108.932
      vertex 67.7384 52.7384 108.932
    endloop
  endfacet
  facet normal 0 0 1
    outer loop
      vertex 68.0442 -52 108.932
      vertex 67 -53.0442 108.932
      vertex 68.0086 -52.2703 108.932
    endloop
  endfacet
  facet normal 0 0 1
    outer loop
      vertex 67 53.0442 108.932
      vertex 67.7384 52.7384 108.932
      vertex 67.5221 52.9043 108.932
    endloop
  endfacet
  facet normal 0 0 1
    outer loop
      vertex 68.0086 -52.2703 108.932
      vertex 67 -53.0442 108.932
      vertex 67.9043 -52.5221 108.932
    endloop
  endfacet
  facet normal 0 0 1
    outer loop
      vertex 67 53.0442 108.932
      vertex 67.5221 52.9043 108.932
      vertex 67.2703 53.0086 108.932
    endloop
  endfacet
  facet normal 0 0 1
    outer loop
      vertex 67.9043 -52.5221 108.932
      vertex 67 -53.0442 108.932
      vertex 67.7384 -52.7384 108.932
    endloop
  endfacet
  facet normal 0 0 1
    outer loop
      vertex 67.7384 -52.7384 108.932
      vertex 67 -53.0442 108.932
      vertex 67.5221 -52.9043 108.932
    endloop
  endfacet
  facet normal 0 0 1
    outer loop
      vertex 67.5221 -52.9043 108.932
      vertex 67 -53.0442 108.932
      vertex 67.2703 -53.0086 108.932
    endloop
  endfacet
  facet normal -0 0 1
    outer loop
      vertex -67 53.0442 108.932
      vertex 67 -53.0442 108.932
      vertex 67 53.0442 108.932
    endloop
  endfacet
  facet normal 0 0 1
    outer loop
      vertex -67 53.0442 108.932
      vertex -67 -53.0442 108.932
      vertex 67 -53.0442 108.932
    endloop
  endfacet
  facet normal 0 0 1
    outer loop
      vertex -68.0442 52 108.932
      vertex -67 53.0442 108.932
      vertex -67.2703 53.0086 108.932
    endloop
  endfacet
  facet normal 0 0 1
    outer loop
      vertex -67 53.0442 108.932
      vertex -68.0442 52 108.932
      vertex -67 -53.0442 108.932
    endloop
  endfacet
  facet normal 0 0 1
    outer loop
      vertex -68.0442 52 108.932
      vertex -67.2703 53.0086 108.932
      vertex -67.5221 52.9043 108.932
    endloop
  endfacet
  facet normal -0 0 1
    outer loop
      vertex -68.0442 -52 108.932
      vertex -67 -53.0442 108.932
      vertex -68.0442 52 108.932
    endloop
  endfacet
  facet normal 0 0 1
    outer loop
      vertex -68.0442 52 108.932
      vertex -67.5221 52.9043 108.932
      vertex -67.7384 52.7384 108.932
    endloop
  endfacet
  facet normal 0 0 1
    outer loop
      vertex -67 -53.0442 108.932
      vertex -68.0442 -52 108.932
      vertex -67.2703 -53.0086 108.932
    endloop
  endfacet
  facet normal 0 0 1
    outer loop
      vertex -68.0442 52 108.932
      vertex -67.7384 52.7384 108.932
      vertex -67.9043 52.5221 108.932
    endloop
  endfacet
  facet normal 0 0 1
    outer loop
      vertex -67.2703 -53.0086 108.932
      vertex -68.0442 -52 108.932
      vertex -67.5221 -52.9043 108.932
    endloop
  endfacet
  facet normal 0 0 1
    outer loop
      vertex -68.0442 52 108.932
      vertex -67.9043 52.5221 108.932
      vertex -68.0086 52.2703 108.932
    endloop
  endfacet
  facet normal 0 0 1
    outer loop
      vertex -67.5221 -52.9043 108.932
      vertex -68.0442 -52 108.932
      vertex -67.7384 -52.7384 108.932
    endloop
  endfacet
  facet normal 0 0 1
    outer loop
      vertex -67.7384 -52.7384 108.932
      vertex -68.0442 -52 108.932
      vertex -67.9043 -52.5221 108.932
    endloop
  endfacet
  facet normal 0 0 1
    outer loop
      vertex -67.9043 -52.5221 108.932
      vertex -68.0442 -52 108.932
      vertex -68.0086 -52.2703 108.932
    endloop
  endfacet
  facet normal -0.192549 -0.464849 0.864199
    outer loop
      vertex -67.7924 -54.9571 108.391
      vertex -69.435 -56.2176 107.347
      vertex -68.2605 -56.7041 107.347
    endloop
  endfacet
  facet normal -0.0656942 -0.49884 0.864201
    outer loop
      vertex -67.7924 -54.9571 108.391
      vertex -68.2605 -56.7041 107.347
      vertex -67 -56.8701 107.347
    endloop
  endfacet
  facet normal -0.158947 -0.207171 0.965306
    outer loop
      vertex -67.7384 -52.7384 108.932
      vertex -69.1648 -54.1648 108.391
      vertex -68.5307 -54.6513 108.391
    endloop
  endfacet
  facet normal -0.207171 -0.158947 0.965306
    outer loop
      vertex -67.7384 -52.7384 108.932
      vertex -69.6513 -53.5307 108.391
      vertex -69.1648 -54.1648 108.391
    endloop
  endfacet
  facet normal -0.766759 0.588314 -0.256839
    outer loop
      vertex -72.2262 57.2262 -104.061
      vertex -73.8689 55.9658 -102.044
      vertex -72.6085 57.6085 -102.044
    endloop
  endfacet
  facet normal -0.766737 0.588365 -0.25679
    outer loop
      vertex -73.4008 55.6955 -104.061
      vertex -73.8689 55.9658 -102.044
      vertex -72.2262 57.2262 -104.061
    endloop
  endfacet
  facet normal -0.958199 0.12617 0.256781
    outer loop
      vertex -74.6613 54.0528 102.044
      vertex -74.9316 52 102.044
      vertex -74.1392 53.9129 104.061
    endloop
  endfacet
  facet normal -0.8929 0.369856 0.25678
    outer loop
      vertex -73.8689 55.9658 102.044
      vertex -74.6613 54.0528 102.044
      vertex -74.1392 53.9129 104.061
    endloop
  endfacet
  facet normal -0.656124 0.271803 -0.704006
    outer loop
      vertex -71.2176 54.435 -107.347
      vertex -73.1306 53.6427 -105.87
      vertex -72.4965 55.1734 -105.87
    endloop
  endfacet
  facet normal -0.801843 0.332168 -0.496701
    outer loop
      vertex -73.1306 53.6427 -105.87
      vertex -73.4008 55.6955 -104.061
      vertex -72.4965 55.1734 -105.87
    endloop
  endfacet
  facet normal -0.588365 0.766737 0.25679
    outer loop
      vertex -70.9658 58.8689 102.044
      vertex -72.2262 57.2262 104.061
      vertex -70.6955 58.4008 104.061
    endloop
  endfacet
  facet normal -0.528373 0.688558 0.496698
    outer loop
      vertex -70.6955 58.4008 104.061
      vertex -72.2262 57.2262 104.061
      vertex -70.1734 57.4965 105.87
    endloop
  endfacet
  facet normal 0.332152 -0.80186 -0.496685
    outer loop
      vertex 68.9129 -59.1392 -104.061
      vertex 68.6427 -58.1306 -105.87
      vertex 70.6955 -58.4008 -104.061
    endloop
  endfacet
  facet normal 0.369861 -0.892896 -0.256786
    outer loop
      vertex 70.9658 -58.8689 -102.044
      vertex 68.9129 -59.1392 -104.061
      vertex 70.6955 -58.4008 -104.061
    endloop
  endfacet
  facet normal -0.399196 -0.306273 0.864199
    outer loop
      vertex -69.6513 -53.5307 108.391
      vertex -71.2176 -54.435 107.347
      vertex -70.4437 -55.4437 107.347
    endloop
  endfacet
  facet normal -0.563473 -0.432311 0.703993
    outer loop
      vertex -71.2176 -54.435 107.347
      vertex -71.4879 -56.4879 105.87
      vertex -70.4437 -55.4437 107.347
    endloop
  endfacet
  facet normal -0.656123 -0.271778 0.704017
    outer loop
      vertex -71.7041 -53.2605 107.347
      vertex -73.1306 -53.6427 105.87
      vertex -71.2176 -54.435 107.347
    endloop
  endfacet
  facet normal -0.498861 -0.0656969 0.864188
    outer loop
      vertex -69.9572 -52.7924 108.391
      vertex -71.8701 -52 107.347
      vertex -71.7041 -53.2605 107.347
    endloop
  endfacet
  facet normal -0.958199 -0.12617 0.256781
    outer loop
      vertex -74.1392 -53.9129 104.061
      vertex -74.9316 -52 102.044
      vertex -74.6613 -54.0528 102.044
    endloop
  endfacet
  facet normal -0.8929 -0.369856 0.25678
    outer loop
      vertex -74.1392 -53.9129 104.061
      vertex -74.6613 -54.0528 102.044
      vertex -73.8689 -55.9658 102.044
    endloop
  endfacet
  facet normal -0.688558 0.528373 0.496698
    outer loop
      vertex -72.2262 57.2262 104.061
      vertex -73.4008 55.6955 104.061
      vertex -72.4965 55.1734 105.87
    endloop
  endfacet
  facet normal -0.801843 0.332168 0.496701
    outer loop
      vertex -72.4965 55.1734 105.87
      vertex -73.4008 55.6955 104.061
      vertex -73.1306 53.6427 105.87
    endloop
  endfacet
  facet normal -0.432311 0.563473 0.703993
    outer loop
      vertex -69.435 56.2176 107.347
      vertex -71.4879 56.4879 105.87
      vertex -70.4437 55.4437 107.347
    endloop
  endfacet
  facet normal -0.563473 0.432311 0.703993
    outer loop
      vertex -70.4437 55.4437 107.347
      vertex -71.4879 56.4879 105.87
      vertex -71.2176 54.435 107.347
    endloop
  endfacet
  facet normal -0.464867 0.192557 0.864188
    outer loop
      vertex -71.2176 54.435 107.347
      vertex -71.7041 53.2605 107.347
      vertex -69.9572 52.7924 108.391
    endloop
  endfacet
  facet normal -0.498861 0.0656969 0.864188
    outer loop
      vertex -71.7041 53.2605 107.347
      vertex -71.8701 52 107.347
      vertex -69.9572 52.7924 108.391
    endloop
  endfacet
  facet normal -0.707179 0 -0.707035
    outer loop
      vertex -71.8701 -52 -107.347
      vertex -73.3468 52 -105.87
      vertex -71.8701 52 -107.347
    endloop
  endfacet
  facet normal -0.707179 -0 -0.707035
    outer loop
      vertex -73.3468 52 -105.87
      vertex -71.8701 -52 -107.347
      vertex -73.3468 -52 -105.87
    endloop
  endfacet
  facet normal -0.656124 -0.271803 -0.704006
    outer loop
      vertex -72.4965 -55.1734 -105.87
      vertex -73.1306 -53.6427 -105.87
      vertex -71.2176 -54.435 -107.347
    endloop
  endfacet
  facet normal -0.498861 -0.0656969 -0.864188
    outer loop
      vertex -71.7041 -53.2605 -107.347
      vertex -71.8701 -52 -107.347
      vertex -69.9572 -52.7924 -108.391
    endloop
  endfacet
  facet normal -0.399196 -0.306273 -0.864199
    outer loop
      vertex -70.4437 -55.4437 -107.347
      vertex -71.2176 -54.435 -107.347
      vertex -69.6513 -53.5307 -108.391
    endloop
  endfacet
  facet normal -0.563473 -0.432311 -0.703993
    outer loop
      vertex -70.4437 -55.4437 -107.347
      vertex -71.4879 -56.4879 -105.87
      vertex -71.2176 -54.435 -107.347
    endloop
  endfacet
  facet normal -0.15891 0.207187 -0.965309
    outer loop
      vertex -67.7384 52.7384 -108.932
      vertex -68.5307 54.6513 -108.391
      vertex -67.5221 52.9043 -108.932
    endloop
  endfacet
  facet normal 0.528373 0.688558 -0.496698
    outer loop
      vertex 72.2262 57.2262 -104.061
      vertex 70.1734 57.4965 -105.87
      vertex 70.6955 58.4008 -104.061
    endloop
  endfacet
  facet normal 0.332168 0.801843 -0.496701
    outer loop
      vertex 70.1734 57.4965 -105.87
      vertex 68.6427 58.1306 -105.87
      vertex 70.6955 58.4008 -104.061
    endloop
  endfacet
  facet normal 0.0999216 0.241243 -0.965307
    outer loop
      vertex 68.5307 54.6513 -108.391
      vertex 67.2703 53.0086 -108.932
      vertex 67.7924 54.9571 -108.391
    endloop
  endfacet
  facet normal -0.258869 0.0340945 -0.965311
    outer loop
      vertex -68.0442 52 -108.932
      vertex -69.9572 52.7924 -108.391
      vertex -68.0086 52.2703 -108.932
    endloop
  endfacet
  facet normal 0.24124 0.0999258 -0.965307
    outer loop
      vertex 68.0086 52.2703 -108.932
      vertex 67.9043 52.5221 -108.932
      vertex 69.6513 53.5307 -108.391
    endloop
  endfacet
  facet normal 0.0999216 -0.241243 -0.965307
    outer loop
      vertex 67.7924 -54.9571 -108.391
      vertex 67.2703 -53.0086 -108.932
      vertex 68.5307 -54.6513 -108.391
    endloop
  endfacet
  facet normal -0.0926699 0.704111 -0.704017
    outer loop
      vertex -68.2605 56.7041 -107.347
      vertex -68.6427 58.1306 -105.87
      vertex -67 58.3468 -105.87
    endloop
  endfacet
  facet normal -0.0927297 0.704132 -0.703989
    outer loop
      vertex -67 56.8701 -107.347
      vertex -68.2605 56.7041 -107.347
      vertex -67 58.3468 -105.87
    endloop
  endfacet
  facet normal -0.399195 0.306274 -0.864199
    outer loop
      vertex -69.6513 53.5307 -108.391
      vertex -70.4437 55.4437 -107.347
      vertex -69.1648 54.1648 -108.391
    endloop
  endfacet
  facet normal -0.306274 0.399195 -0.864199
    outer loop
      vertex -69.1648 54.1648 -108.391
      vertex -70.4437 55.4437 -107.347
      vertex -68.5307 54.6513 -108.391
    endloop
  endfacet
  facet normal 0.0926699 0.704111 0.704017
    outer loop
      vertex 68.6427 58.1306 105.87
      vertex 67 58.3468 105.87
      vertex 68.2605 56.7041 107.347
    endloop
  endfacet
  facet normal 0.113253 0.8605 0.496702
    outer loop
      vertex 67 59.391 104.061
      vertex 67 58.3468 105.87
      vertex 68.6427 58.1306 105.87
    endloop
  endfacet
  facet normal 0.432324 0.563445 0.704007
    outer loop
      vertex 70.1734 57.4965 105.87
      vertex 69.435 56.2176 107.347
      vertex 71.4879 56.4879 105.87
    endloop
  endfacet
  facet normal 0.528352 0.688596 0.496668
    outer loop
      vertex 72.2262 57.2262 104.061
      vertex 70.1734 57.4965 105.87
      vertex 71.4879 56.4879 105.87
    endloop
  endfacet
  facet normal 0.0927297 0.704132 0.703989
    outer loop
      vertex 67 58.3468 105.87
      vertex 67 56.8701 107.347
      vertex 68.2605 56.7041 107.347
    endloop
  endfacet
  facet normal 0.0656942 0.49884 0.864201
    outer loop
      vertex 68.2605 56.7041 107.347
      vertex 67 56.8701 107.347
      vertex 67.7924 54.9571 108.391
    endloop
  endfacet
  facet normal 0.8605 0.113253 -0.496702
    outer loop
      vertex 73.3468 52 -105.87
      vertex 73.1306 53.6427 -105.87
      vertex 74.391 52 -104.061
    endloop
  endfacet
  facet normal 0.704132 0.0927297 -0.703989
    outer loop
      vertex 71.8701 52 -107.347
      vertex 71.7041 53.2605 -107.347
      vertex 73.3468 52 -105.87
    endloop
  endfacet
  facet normal 0.207171 0.158947 -0.965306
    outer loop
      vertex 69.6513 53.5307 -108.391
      vertex 67.7384 52.7384 -108.932
      vertex 69.1648 54.1648 -108.391
    endloop
  endfacet
  facet normal 0.399195 0.306274 -0.864199
    outer loop
      vertex 69.6513 53.5307 -108.391
      vertex 69.1648 54.1648 -108.391
      vertex 70.4437 55.4437 -107.347
    endloop
  endfacet
  facet normal 0.241224 -0.0999466 -0.965309
    outer loop
      vertex 69.6513 -53.5307 -108.391
      vertex 68.0086 -52.2703 -108.932
      vertex 69.9572 -52.7924 -108.391
    endloop
  endfacet
  facet normal 0.399195 -0.306274 -0.864199
    outer loop
      vertex 70.4437 -55.4437 -107.347
      vertex 69.1648 -54.1648 -108.391
      vertex 69.6513 -53.5307 -108.391
    endloop
  endfacet
  facet normal 0.207187 0.15891 -0.965309
    outer loop
      vertex 67.9043 52.5221 -108.932
      vertex 67.7384 52.7384 -108.932
      vertex 69.6513 53.5307 -108.391
    endloop
  endfacet
  facet normal 0.192541 0.464857 -0.864196
    outer loop
      vertex 68.5307 54.6513 -108.391
      vertex 67.7924 54.9571 -108.391
      vertex 69.435 56.2176 -107.347
    endloop
  endfacet
  facet normal 0.306273 0.399196 -0.864199
    outer loop
      vertex 70.4437 55.4437 -107.347
      vertex 68.5307 54.6513 -108.391
      vertex 69.435 56.2176 -107.347
    endloop
  endfacet
  facet normal 0.399196 0.306273 0.864199
    outer loop
      vertex 70.4437 55.4437 107.347
      vertex 69.6513 53.5307 108.391
      vertex 71.2176 54.435 107.347
    endloop
  endfacet
  facet normal 0.46483 0.192593 0.8642
    outer loop
      vertex 71.2176 54.435 107.347
      vertex 69.6513 53.5307 108.391
      vertex 69.9572 52.7924 108.391
    endloop
  endfacet
  facet normal -0.241224 -0.0999466 0.965309
    outer loop
      vertex -68.0086 -52.2703 108.932
      vertex -69.9572 -52.7924 108.391
      vertex -69.6513 -53.5307 108.391
    endloop
  endfacet
  facet normal -0.258869 -0.0340945 0.965311
    outer loop
      vertex -68.0442 -52 108.932
      vertex -69.9572 -52.7924 108.391
      vertex -68.0086 -52.2703 108.932
    endloop
  endfacet
  facet normal -0.207171 -0.158947 -0.965306
    outer loop
      vertex -69.1648 -54.1648 -108.391
      vertex -69.6513 -53.5307 -108.391
      vertex -67.7384 -52.7384 -108.932
    endloop
  endfacet
  facet normal -0.306273 -0.399196 -0.864199
    outer loop
      vertex -69.435 -56.2176 -107.347
      vertex -70.4437 -55.4437 -107.347
      vertex -68.5307 -54.6513 -108.391
    endloop
  endfacet
  facet normal -0.24124 0.0999258 -0.965307
    outer loop
      vertex -68.0086 52.2703 -108.932
      vertex -69.6513 53.5307 -108.391
      vertex -67.9043 52.5221 -108.932
    endloop
  endfacet
  facet normal -0.207187 0.15891 -0.965309
    outer loop
      vertex -67.9043 52.5221 -108.932
      vertex -69.6513 53.5307 -108.391
      vertex -67.7384 52.7384 -108.932
    endloop
  endfacet
  facet normal 0.0999258 0.24124 -0.965307
    outer loop
      vertex 67.5221 52.9043 -108.932
      vertex 67.2703 53.0086 -108.932
      vertex 68.5307 54.6513 -108.391
    endloop
  endfacet
  facet normal 0.464867 0.192557 -0.864188
    outer loop
      vertex 71.7041 53.2605 -107.347
      vertex 69.9572 52.7924 -108.391
      vertex 71.2176 54.435 -107.347
    endloop
  endfacet
  facet normal 0.498861 0.0656969 -0.864188
    outer loop
      vertex 71.8701 52 -107.347
      vertex 69.9572 52.7924 -108.391
      vertex 71.7041 53.2605 -107.347
    endloop
  endfacet
  facet normal 0.801843 0.332168 -0.496701
    outer loop
      vertex 73.1306 53.6427 -105.87
      vertex 72.4965 55.1734 -105.87
      vertex 73.4008 55.6955 -104.061
    endloop
  endfacet
  facet normal 0.80186 0.332152 -0.496685
    outer loop
      vertex 74.1392 53.9129 -104.061
      vertex 73.1306 53.6427 -105.87
      vertex 73.4008 55.6955 -104.061
    endloop
  endfacet
  facet normal 0.15891 0.207187 -0.965309
    outer loop
      vertex 67.7384 52.7384 -108.932
      vertex 67.5221 52.9043 -108.932
      vertex 68.5307 54.6513 -108.391
    endloop
  endfacet
  facet normal 0.207187 -0.15891 -0.965309
    outer loop
      vertex 69.6513 -53.5307 -108.391
      vertex 67.7384 -52.7384 -108.932
      vertex 67.9043 -52.5221 -108.932
    endloop
  endfacet
  facet normal 0.24124 -0.0999258 -0.965307
    outer loop
      vertex 69.6513 -53.5307 -108.391
      vertex 67.9043 -52.5221 -108.932
      vertex 68.0086 -52.2703 -108.932
    endloop
  endfacet
  facet normal 0.207171 0.158947 0.965306
    outer loop
      vertex 69.1648 54.1648 108.391
      vertex 67.7384 52.7384 108.932
      vertex 69.6513 53.5307 108.391
    endloop
  endfacet
  facet normal 0.399195 0.306274 0.864199
    outer loop
      vertex 70.4437 55.4437 107.347
      vertex 69.1648 54.1648 108.391
      vertex 69.6513 53.5307 108.391
    endloop
  endfacet
  facet normal 0.563445 0.432324 0.704007
    outer loop
      vertex 71.4879 56.4879 105.87
      vertex 71.2176 54.435 107.347
      vertex 72.4965 55.1734 105.87
    endloop
  endfacet
  facet normal 0.563473 0.432311 0.703993
    outer loop
      vertex 71.4879 56.4879 105.87
      vertex 70.4437 55.4437 107.347
      vertex 71.2176 54.435 107.347
    endloop
  endfacet
  facet normal -0.306274 -0.399195 -0.864199
    outer loop
      vertex -68.5307 -54.6513 -108.391
      vertex -70.4437 -55.4437 -107.347
      vertex -69.1648 -54.1648 -108.391
    endloop
  endfacet
  facet normal -0.399195 -0.306274 -0.864199
    outer loop
      vertex -69.1648 -54.1648 -108.391
      vertex -70.4437 -55.4437 -107.347
      vertex -69.6513 -53.5307 -108.391
    endloop
  endfacet
  facet normal -1 0 0
    outer loop
      vertex 72 -57 -92.5
      vertex 72 57 102.5
      vertex 72 57 -92.5
    endloop
  endfacet
  facet normal -1 -0 0
    outer loop
      vertex 72 57 102.5
      vertex 72 -57 -92.5
      vertex 72 -57 102.5
    endloop
  endfacet
  facet normal 0 0 -1
    outer loop
      vertex -72 -57 102.5
      vertex 72 57 102.5
      vertex 72 -57 102.5
    endloop
  endfacet
  facet normal -0 0 -1
    outer loop
      vertex 72 57 102.5
      vertex -72 -57 102.5
      vertex -72 57 102.5
    endloop
  endfacet
  facet normal -0 0 1
    outer loop
      vertex -72 57 -92.5
      vertex 72 -57 -92.5
      vertex 72 57 -92.5
    endloop
  endfacet
  facet normal 0 0 1
    outer loop
      vertex 72 -57 -92.5
      vertex -72 57 -92.5
      vertex -72 -57 -92.5
    endloop
  endfacet
  facet normal 1 -0 0
    outer loop
      vertex -72 -57 102.5
      vertex -72 57 -92.5
      vertex -72 57 102.5
    endloop
  endfacet
  facet normal 1 0 0
    outer loop
      vertex -72 57 -92.5
      vertex -72 -57 102.5
      vertex -72 -57 -92.5
    endloop
  endfacet
  facet normal 0 -1 0
    outer loop
      vertex -72 57 -92.5
      vertex 72 57 102.5
      vertex -72 57 102.5
    endloop
  endfacet
  facet normal 0 -1 -0
    outer loop
      vertex 72 57 102.5
      vertex -72 57 -92.5
      vertex 72 57 -92.5
    endloop
  endfacet
  facet normal 0 1 0
    outer loop
      vertex 72 -57 102.5
      vertex 40 -57 -39
      vertex -72 -57 102.5
    endloop
  endfacet
  facet normal 0 1 -0
    outer loop
      vertex 72 -57 -92.5
      vertex 40 -57 -39
      vertex 72 -57 102.5
    endloop
  endfacet
  facet normal 0 1 0
    outer loop
      vertex 72 -57 -92.5
      vertex 37.5 -57 -87
      vertex 40 -57 -87
    endloop
  endfacet
  facet normal 0 1 0
    outer loop
      vertex 37.5 -57 -87
      vertex 72 -57 -92.5
      vertex -37.5 -57 -87
    endloop
  endfacet
  facet normal 0 1 0
    outer loop
      vertex -72 -57 -92.5
      vertex -37.5 -57 -87
      vertex 72 -57 -92.5
    endloop
  endfacet
  facet normal 0 1 0
    outer loop
      vertex 40 -57 -39
      vertex 72 -57 -92.5
      vertex 40 -57 -87
    endloop
  endfacet
  facet normal 0 1 -0
    outer loop
      vertex -40 -57 -39
      vertex -72 -57 102.5
      vertex 40 -57 -39
    endloop
  endfacet
  facet normal 0 1 0
    outer loop
      vertex -72 -57 -92.5
      vertex -40 -57 -39
      vertex -40 -57 -87
    endloop
  endfacet
  facet normal 0 1 0
    outer loop
      vertex -40 -57 -39
      vertex -72 -57 -92.5
      vertex -72 -57 102.5
    endloop
  endfacet
  facet normal 0 1 0
    outer loop
      vertex -37.5 -57 -87
      vertex -72 -57 -92.5
      vertex -40 -57 -87
    endloop
  endfacet
  facet normal -1 0 0
    outer loop
      vertex 40 -59.9316 -87
      vertex 40 -57 -39
      vertex 40 -57 -87
    endloop
  endfacet
  facet normal -1 -0 0
    outer loop
      vertex 40 -57 -39
      vertex 40 -59.9316 -87
      vertex 40 -59.9316 -39
    endloop
  endfacet
  facet normal 0 0 -1
    outer loop
      vertex -40 -59.9316 -39
      vertex 40 -57 -39
      vertex 40 -59.9316 -39
    endloop
  endfacet
  facet normal -0 0 -1
    outer loop
      vertex 40 -57 -39
      vertex -40 -59.9316 -39
      vertex -40 -57 -39
    endloop
  endfacet
  facet normal 0 0 -1
    outer loop
      vertex -37.5 -57 -87
      vertex 37.5 -50 -87
      vertex 37.5 -57 -87
    endloop
  endfacet
  facet normal -0 0 -1
    outer loop
      vertex 37.5 -50 -87
      vertex -37.5 -57 -87
      vertex -37.5 -50 -87
    endloop
  endfacet
  facet normal 0 0 -1
    outer loop
      vertex -37.5 -92 -87
      vertex 37.5 -59.9316 -87
      vertex 37.5 -92 -87
    endloop
  endfacet
  facet normal -0 0 -1
    outer loop
      vertex 37.5 -59.9316 -87
      vertex -37.5 -92 -87
      vertex -37.5 -59.9316 -87
    endloop
  endfacet
  facet normal -0 0 1
    outer loop
      vertex -40 -57 -87
      vertex -37.5 -59.9316 -87
      vertex -37.5 -57 -87
    endloop
  endfacet
  facet normal 0 0 1
    outer loop
      vertex -37.5 -59.9316 -87
      vertex -40 -57 -87
      vertex -40 -59.9316 -87
    endloop
  endfacet
  facet normal -0 0 1
    outer loop
      vertex 37.5 -57 -87
      vertex 40 -59.9316 -87
      vertex 40 -57 -87
    endloop
  endfacet
  facet normal 0 0 1
    outer loop
      vertex 40 -59.9316 -87
      vertex 37.5 -57 -87
      vertex 37.5 -59.9316 -87
    endloop
  endfacet
  facet normal 1 -0 0
    outer loop
      vertex -40 -59.9316 -39
      vertex -40 -57 -87
      vertex -40 -57 -39
    endloop
  endfacet
  facet normal 1 0 0
    outer loop
      vertex -40 -57 -87
      vertex -40 -59.9316 -39
      vertex -40 -59.9316 -87
    endloop
  endfacet
  facet normal 0.194922 0 0.980819
    outer loop
      vertex -23.7912 -60 -45.4137
      vertex -23.5859 -64 -45.4545
      vertex -23.5859 -60 -45.4545
    endloop
  endfacet
  facet normal 0.194922 0 0.980819
    outer loop
      vertex -23.5859 -64 -45.4545
      vertex -23.7912 -60 -45.4137
      vertex -23.7912 -64 -45.4137
    endloop
  endfacet
  facet normal 0.980819 -0 0.194922
    outer loop
      vertex -22.4545 -64 -46.5859
      vertex -22.4137 -60 -46.7912
      vertex -22.4545 -60 -46.5859
    endloop
  endfacet
  facet normal 0.980819 0 0.194922
    outer loop
      vertex -22.4137 -60 -46.7912
      vertex -22.4545 -64 -46.5859
      vertex -22.4137 -64 -46.7912
    endloop
  endfacet
  facet normal 0.997854 -0 0.0654722
    outer loop
      vertex -22.4137 -64 -46.7912
      vertex -22.4 -60 -47
      vertex -22.4137 -60 -46.7912
    endloop
  endfacet
  facet normal 0.997854 0 0.0654722
    outer loop
      vertex -22.4 -60 -47
      vertex -22.4137 -64 -46.7912
      vertex -22.4 -64 -47
    endloop
  endfacet
  facet normal 0.321526 0 0.946901
    outer loop
      vertex -23.5859 -60 -45.4545
      vertex -23.3877 -64 -45.5218
      vertex -23.3877 -60 -45.5218
    endloop
  endfacet
  facet normal 0.321526 0 0.946901
    outer loop
      vertex -23.3877 -64 -45.5218
      vertex -23.5859 -60 -45.4545
      vertex -23.5859 -64 -45.4545
    endloop
  endfacet
  facet normal -0.555362 0 -0.831609
    outer loop
      vertex -24.974 -64 -48.2694
      vertex -24.8 -60 -48.3856
      vertex -24.8 -64 -48.3856
    endloop
  endfacet
  facet normal -0.555362 0 -0.831609
    outer loop
      vertex -24.8 -60 -48.3856
      vertex -24.974 -64 -48.2694
      vertex -24.974 -60 -48.2694
    endloop
  endfacet
  facet normal -0.321526 0 -0.946901
    outer loop
      vertex -24.6123 -64 -48.4782
      vertex -24.4141 -60 -48.5455
      vertex -24.4141 -64 -48.5455
    endloop
  endfacet
  facet normal -0.321526 0 -0.946901
    outer loop
      vertex -24.4141 -60 -48.5455
      vertex -24.6123 -64 -48.4782
      vertex -24.6123 -60 -48.4782
    endloop
  endfacet
  facet normal -0.321526 0 0.946901
    outer loop
      vertex -24.6123 -60 -45.5218
      vertex -24.4141 -64 -45.4545
      vertex -24.4141 -60 -45.4545
    endloop
  endfacet
  facet normal -0.321526 0 0.946901
    outer loop
      vertex -24.4141 -64 -45.4545
      vertex -24.6123 -60 -45.5218
      vertex -24.6123 -64 -45.5218
    endloop
  endfacet
  facet normal 0.751925 -0 0.659248
    outer loop
      vertex -22.8686 -64 -45.8686
      vertex -22.7306 -60 -46.026
      vertex -22.8686 -60 -45.8686
    endloop
  endfacet
  facet normal 0.751925 0 0.659248
    outer loop
      vertex -22.7306 -60 -46.026
      vertex -22.8686 -64 -45.8686
      vertex -22.7306 -64 -46.026
    endloop
  endfacet
  facet normal 0 1 0
    outer loop
      vertex -23.7912 -60 -45.4137
      vertex -24.2088 -60 -45.4137
      vertex -24 -60 -45.4
    endloop
  endfacet
  facet normal 0 1 0
    outer loop
      vertex -23.5859 -60 -45.4545
      vertex -24.2088 -60 -45.4137
      vertex -23.7912 -60 -45.4137
    endloop
  endfacet
  facet normal 0 1 0
    outer loop
      vertex -23.5859 -60 -45.4545
      vertex -24.4141 -60 -45.4545
      vertex -24.2088 -60 -45.4137
    endloop
  endfacet
  facet normal 0 1 0
    outer loop
      vertex -23.3877 -60 -45.5218
      vertex -24.4141 -60 -45.4545
      vertex -23.5859 -60 -45.4545
    endloop
  endfacet
  facet normal 0 1 0
    outer loop
      vertex -23.3877 -60 -45.5218
      vertex -24.6123 -60 -45.5218
      vertex -24.4141 -60 -45.4545
    endloop
  endfacet
  facet normal 0 1 0
    outer loop
      vertex -23.2 -60 -45.6144
      vertex -24.6123 -60 -45.5218
      vertex -23.3877 -60 -45.5218
    endloop
  endfacet
  facet normal 0 1 0
    outer loop
      vertex -23.2 -60 -45.6144
      vertex -24.8 -60 -45.6144
      vertex -24.6123 -60 -45.5218
    endloop
  endfacet
  facet normal 0 1 0
    outer loop
      vertex -23.026 -60 -45.7306
      vertex -24.8 -60 -45.6144
      vertex -23.2 -60 -45.6144
    endloop
  endfacet
  facet normal 0 1 0
    outer loop
      vertex -23.026 -60 -45.7306
      vertex -24.974 -60 -45.7306
      vertex -24.8 -60 -45.6144
    endloop
  endfacet
  facet normal 0 1 0
    outer loop
      vertex -22.8686 -60 -45.8686
      vertex -24.974 -60 -45.7306
      vertex -23.026 -60 -45.7306
    endloop
  endfacet
  facet normal 0 1 0
    outer loop
      vertex -22.8686 -60 -45.8686
      vertex -25.1314 -60 -45.8686
      vertex -24.974 -60 -45.7306
    endloop
  endfacet
  facet normal 0 1 0
    outer loop
      vertex -22.7306 -60 -46.026
      vertex -25.1314 -60 -45.8686
      vertex -22.8686 -60 -45.8686
    endloop
  endfacet
  facet normal 0 1 0
    outer loop
      vertex -22.7306 -60 -46.026
      vertex -25.2694 -60 -46.026
      vertex -25.1314 -60 -45.8686
    endloop
  endfacet
  facet normal 0 1 0
    outer loop
      vertex -22.6144 -60 -46.2
      vertex -25.2694 -60 -46.026
      vertex -22.7306 -60 -46.026
    endloop
  endfacet
  facet normal 0 1 0
    outer loop
      vertex -22.6144 -60 -46.2
      vertex -25.3856 -60 -46.2
      vertex -25.2694 -60 -46.026
    endloop
  endfacet
  facet normal 0 1 0
    outer loop
      vertex -22.5218 -60 -46.3877
      vertex -25.3856 -60 -46.2
      vertex -22.6144 -60 -46.2
    endloop
  endfacet
  facet normal 0 1 0
    outer loop
      vertex -22.5218 -60 -46.3877
      vertex -25.4782 -60 -46.3877
      vertex -25.3856 -60 -46.2
    endloop
  endfacet
  facet normal 0 1 0
    outer loop
      vertex -22.4545 -60 -46.5859
      vertex -25.4782 -60 -46.3877
      vertex -22.5218 -60 -46.3877
    endloop
  endfacet
  facet normal 0 1 0
    outer loop
      vertex -22.4545 -60 -46.5859
      vertex -25.5455 -60 -46.5859
      vertex -25.4782 -60 -46.3877
    endloop
  endfacet
  facet normal 0 1 0
    outer loop
      vertex -22.4137 -60 -46.7912
      vertex -25.5455 -60 -46.5859
      vertex -22.4545 -60 -46.5859
    endloop
  endfacet
  facet normal 0 1 0
    outer loop
      vertex -22.4137 -60 -46.7912
      vertex -25.5863 -60 -46.7912
      vertex -25.5455 -60 -46.5859
    endloop
  endfacet
  facet normal 0 1 0
    outer loop
      vertex -22.4 -60 -47
      vertex -25.5863 -60 -46.7912
      vertex -22.4137 -60 -46.7912
    endloop
  endfacet
  facet normal 0 1 0
    outer loop
      vertex -22.4 -60 -47
      vertex -25.6 -60 -47
      vertex -25.5863 -60 -46.7912
    endloop
  endfacet
  facet normal 0 1 -0
    outer loop
      vertex -22.4137 -60 -47.2088
      vertex -25.6 -60 -47
      vertex -22.4 -60 -47
    endloop
  endfacet
  facet normal 0 1 0
    outer loop
      vertex -22.4137 -60 -47.2088
      vertex -25.5863 -60 -47.2088
      vertex -25.6 -60 -47
    endloop
  endfacet
  facet normal 0 1 -0
    outer loop
      vertex -22.4545 -60 -47.4141
      vertex -25.5863 -60 -47.2088
      vertex -22.4137 -60 -47.2088
    endloop
  endfacet
  facet normal 0 1 0
    outer loop
      vertex -22.4545 -60 -47.4141
      vertex -25.5455 -60 -47.4141
      vertex -25.5863 -60 -47.2088
    endloop
  endfacet
  facet normal 0 1 -0
    outer loop
      vertex -22.5218 -60 -47.6123
      vertex -25.5455 -60 -47.4141
      vertex -22.4545 -60 -47.4141
    endloop
  endfacet
  facet normal 0 1 0
    outer loop
      vertex -22.5218 -60 -47.6123
      vertex -25.4782 -60 -47.6123
      vertex -25.5455 -60 -47.4141
    endloop
  endfacet
  facet normal 0 1 -0
    outer loop
      vertex -22.6144 -60 -47.8
      vertex -25.4782 -60 -47.6123
      vertex -22.5218 -60 -47.6123
    endloop
  endfacet
  facet normal 0 1 0
    outer loop
      vertex -22.6144 -60 -47.8
      vertex -25.3856 -60 -47.8
      vertex -25.4782 -60 -47.6123
    endloop
  endfacet
  facet normal 0 1 -0
    outer loop
      vertex -22.7306 -60 -47.974
      vertex -25.3856 -60 -47.8
      vertex -22.6144 -60 -47.8
    endloop
  endfacet
  facet normal 0 1 0
    outer loop
      vertex -22.7306 -60 -47.974
      vertex -25.2694 -60 -47.974
      vertex -25.3856 -60 -47.8
    endloop
  endfacet
  facet normal 0 1 -0
    outer loop
      vertex -22.8686 -60 -48.1314
      vertex -25.2694 -60 -47.974
      vertex -22.7306 -60 -47.974
    endloop
  endfacet
  facet normal 0 1 0
    outer loop
      vertex -22.8686 -60 -48.1314
      vertex -25.1314 -60 -48.1314
      vertex -25.2694 -60 -47.974
    endloop
  endfacet
  facet normal 0 1 -0
    outer loop
      vertex -23.026 -60 -48.2694
      vertex -25.1314 -60 -48.1314
      vertex -22.8686 -60 -48.1314
    endloop
  endfacet
  facet normal 0 1 0
    outer loop
      vertex -23.026 -60 -48.2694
      vertex -24.974 -60 -48.2694
      vertex -25.1314 -60 -48.1314
    endloop
  endfacet
  facet normal 0 1 -0
    outer loop
      vertex -23.2 -60 -48.3856
      vertex -24.974 -60 -48.2694
      vertex -23.026 -60 -48.2694
    endloop
  endfacet
  facet normal 0 1 0
    outer loop
      vertex -23.2 -60 -48.3856
      vertex -24.8 -60 -48.3856
      vertex -24.974 -60 -48.2694
    endloop
  endfacet
  facet normal 0 1 -0
    outer loop
      vertex -23.3877 -60 -48.4782
      vertex -24.8 -60 -48.3856
      vertex -23.2 -60 -48.3856
    endloop
  endfacet
  facet normal 0 1 0
    outer loop
      vertex -23.3877 -60 -48.4782
      vertex -24.6123 -60 -48.4782
      vertex -24.8 -60 -48.3856
    endloop
  endfacet
  facet normal 0 1 -0
    outer loop
      vertex -23.5859 -60 -48.5455
      vertex -24.6123 -60 -48.4782
      vertex -23.3877 -60 -48.4782
    endloop
  endfacet
  facet normal 0 1 0
    outer loop
      vertex -23.5859 -60 -48.5455
      vertex -24.4141 -60 -48.5455
      vertex -24.6123 -60 -48.4782
    endloop
  endfacet
  facet normal 0 1 -0
    outer loop
      vertex -23.7912 -60 -48.5863
      vertex -24.4141 -60 -48.5455
      vertex -23.5859 -60 -48.5455
    endloop
  endfacet
  facet normal 0 1 0
    outer loop
      vertex -23.7912 -60 -48.5863
      vertex -24.2088 -60 -48.5863
      vertex -24.4141 -60 -48.5455
    endloop
  endfacet
  facet normal -0 1 0
    outer loop
      vertex -24.2088 -60 -48.5863
      vertex -23.7912 -60 -48.5863
      vertex -24 -60 -48.6
    endloop
  endfacet
  facet normal -0.751925 0 -0.659248
    outer loop
      vertex -25.1314 -64 -48.1314
      vertex -25.2694 -60 -47.974
      vertex -25.1314 -60 -48.1314
    endloop
  endfacet
  facet normal -0.751925 -0 -0.659248
    outer loop
      vertex -25.2694 -60 -47.974
      vertex -25.1314 -64 -48.1314
      vertex -25.2694 -64 -47.974
    endloop
  endfacet
  facet normal 0.946901 0 -0.321526
    outer loop
      vertex -22.4545 -64 -47.4141
      vertex -22.5218 -60 -47.6123
      vertex -22.4545 -60 -47.4141
    endloop
  endfacet
  facet normal 0.946901 0 -0.321526
    outer loop
      vertex -22.5218 -60 -47.6123
      vertex -22.4545 -64 -47.4141
      vertex -22.5218 -64 -47.6123
    endloop
  endfacet
  facet normal 0.831609 -0 0.555362
    outer loop
      vertex -22.7306 -64 -46.026
      vertex -22.6144 -60 -46.2
      vertex -22.7306 -60 -46.026
    endloop
  endfacet
  facet normal 0.831609 0 0.555362
    outer loop
      vertex -22.6144 -60 -46.2
      vertex -22.7306 -64 -46.026
      vertex -22.6144 -64 -46.2
    endloop
  endfacet
  facet normal 0.946901 -0 0.321526
    outer loop
      vertex -22.5218 -64 -46.3877
      vertex -22.4545 -60 -46.5859
      vertex -22.5218 -60 -46.3877
    endloop
  endfacet
  facet normal 0.946901 0 0.321526
    outer loop
      vertex -22.4545 -60 -46.5859
      vertex -22.5218 -64 -46.3877
      vertex -22.4545 -64 -46.5859
    endloop
  endfacet
  facet normal 0.980819 0 -0.194922
    outer loop
      vertex -22.4137 -64 -47.2088
      vertex -22.4545 -60 -47.4141
      vertex -22.4137 -60 -47.2088
    endloop
  endfacet
  facet normal 0.980819 0 -0.194922
    outer loop
      vertex -22.4545 -60 -47.4141
      vertex -22.4137 -64 -47.2088
      vertex -22.4545 -64 -47.4141
    endloop
  endfacet
  facet normal 0.659248 0 0.751925
    outer loop
      vertex -23.026 -60 -45.7306
      vertex -22.8686 -64 -45.8686
      vertex -22.8686 -60 -45.8686
    endloop
  endfacet
  facet normal 0.659248 0 0.751925
    outer loop
      vertex -22.8686 -64 -45.8686
      vertex -23.026 -60 -45.7306
      vertex -23.026 -64 -45.7306
    endloop
  endfacet
  facet normal 0.831609 0 -0.555362
    outer loop
      vertex -22.6144 -64 -47.8
      vertex -22.7306 -60 -47.974
      vertex -22.6144 -60 -47.8
    endloop
  endfacet
  facet normal 0.831609 0 -0.555362
    outer loop
      vertex -22.7306 -60 -47.974
      vertex -22.6144 -64 -47.8
      vertex -22.7306 -64 -47.974
    endloop
  endfacet
  facet normal 0.442429 0 0.896803
    outer loop
      vertex -23.3877 -60 -45.5218
      vertex -23.2 -64 -45.6144
      vertex -23.2 -60 -45.6144
    endloop
  endfacet
  facet normal 0.442429 0 0.896803
    outer loop
      vertex -23.2 -64 -45.6144
      vertex -23.3877 -60 -45.5218
      vertex -23.3877 -64 -45.5218
    endloop
  endfacet
  facet normal -0.442429 0 0.896803
    outer loop
      vertex -24.8 -60 -45.6144
      vertex -24.6123 -64 -45.5218
      vertex -24.6123 -60 -45.5218
    endloop
  endfacet
  facet normal -0.442429 0 0.896803
    outer loop
      vertex -24.6123 -64 -45.5218
      vertex -24.8 -60 -45.6144
      vertex -24.8 -64 -45.6144
    endloop
  endfacet
  facet normal 0.896803 -0 0.442429
    outer loop
      vertex -22.6144 -64 -46.2
      vertex -22.5218 -60 -46.3877
      vertex -22.6144 -60 -46.2
    endloop
  endfacet
  facet normal 0.896803 0 0.442429
    outer loop
      vertex -22.5218 -60 -46.3877
      vertex -22.6144 -64 -46.2
      vertex -22.5218 -64 -46.3877
    endloop
  endfacet
  facet normal -0.194922 0 0.980819
    outer loop
      vertex -24.4141 -60 -45.4545
      vertex -24.2088 -64 -45.4137
      vertex -24.2088 -60 -45.4137
    endloop
  endfacet
  facet normal -0.194922 0 0.980819
    outer loop
      vertex -24.2088 -64 -45.4137
      vertex -24.4141 -60 -45.4545
      vertex -24.4141 -64 -45.4545
    endloop
  endfacet
  facet normal -0.555362 0 0.831609
    outer loop
      vertex -24.974 -60 -45.7306
      vertex -24.8 -64 -45.6144
      vertex -24.8 -60 -45.6144
    endloop
  endfacet
  facet normal -0.555362 0 0.831609
    outer loop
      vertex -24.8 -64 -45.6144
      vertex -24.974 -60 -45.7306
      vertex -24.974 -64 -45.7306
    endloop
  endfacet
  facet normal 0.321526 0 -0.946901
    outer loop
      vertex -23.5859 -64 -48.5455
      vertex -23.3877 -60 -48.4782
      vertex -23.3877 -64 -48.4782
    endloop
  endfacet
  facet normal 0.321526 0 -0.946901
    outer loop
      vertex -23.3877 -60 -48.4782
      vertex -23.5859 -64 -48.5455
      vertex -23.5859 -60 -48.5455
    endloop
  endfacet
  facet normal -0.442429 0 -0.896803
    outer loop
      vertex -24.8 -64 -48.3856
      vertex -24.6123 -60 -48.4782
      vertex -24.6123 -64 -48.4782
    endloop
  endfacet
  facet normal -0.442429 0 -0.896803
    outer loop
      vertex -24.6123 -60 -48.4782
      vertex -24.8 -64 -48.3856
      vertex -24.8 -60 -48.3856
    endloop
  endfacet
  facet normal -0.831609 0 -0.555362
    outer loop
      vertex -25.2694 -64 -47.974
      vertex -25.3856 -60 -47.8
      vertex -25.2694 -60 -47.974
    endloop
  endfacet
  facet normal -0.831609 -0 -0.555362
    outer loop
      vertex -25.3856 -60 -47.8
      vertex -25.2694 -64 -47.974
      vertex -25.3856 -64 -47.8
    endloop
  endfacet
  facet normal -0.980819 0 -0.194922
    outer loop
      vertex -25.5455 -64 -47.4141
      vertex -25.5863 -60 -47.2088
      vertex -25.5455 -60 -47.4141
    endloop
  endfacet
  facet normal -0.980819 -0 -0.194922
    outer loop
      vertex -25.5863 -60 -47.2088
      vertex -25.5455 -64 -47.4141
      vertex -25.5863 -64 -47.2088
    endloop
  endfacet
  facet normal 0.442429 0 -0.896803
    outer loop
      vertex -23.3877 -64 -48.4782
      vertex -23.2 -60 -48.3856
      vertex -23.2 -64 -48.3856
    endloop
  endfacet
  facet normal 0.442429 0 -0.896803
    outer loop
      vertex -23.2 -60 -48.3856
      vertex -23.3877 -64 -48.4782
      vertex -23.3877 -60 -48.4782
    endloop
  endfacet
  facet normal 0.555362 0 -0.831609
    outer loop
      vertex -23.2 -64 -48.3856
      vertex -23.026 -60 -48.2694
      vertex -23.026 -64 -48.2694
    endloop
  endfacet
  facet normal 0.555362 0 -0.831609
    outer loop
      vertex -23.026 -60 -48.2694
      vertex -23.2 -64 -48.3856
      vertex -23.2 -60 -48.3856
    endloop
  endfacet
  facet normal -0.997854 0 0.0654722
    outer loop
      vertex -25.6 -64 -47
      vertex -25.5863 -60 -46.7912
      vertex -25.6 -60 -47
    endloop
  endfacet
  facet normal -0.997854 0 0.0654722
    outer loop
      vertex -25.5863 -60 -46.7912
      vertex -25.6 -64 -47
      vertex -25.5863 -64 -46.7912
    endloop
  endfacet
  facet normal -0.997854 0 -0.0654722
    outer loop
      vertex -25.5863 -64 -47.2088
      vertex -25.6 -60 -47
      vertex -25.5863 -60 -47.2088
    endloop
  endfacet
  facet normal -0.997854 -0 -0.0654722
    outer loop
      vertex -25.6 -60 -47
      vertex -25.5863 -64 -47.2088
      vertex -25.6 -64 -47
    endloop
  endfacet
  facet normal 0.896803 0 -0.442429
    outer loop
      vertex -22.5218 -64 -47.6123
      vertex -22.6144 -60 -47.8
      vertex -22.5218 -60 -47.6123
    endloop
  endfacet
  facet normal 0.896803 0 -0.442429
    outer loop
      vertex -22.6144 -60 -47.8
      vertex -22.5218 -64 -47.6123
      vertex -22.6144 -64 -47.8
    endloop
  endfacet
  facet normal -0.946901 0 0.321526
    outer loop
      vertex -25.5455 -64 -46.5859
      vertex -25.4782 -60 -46.3877
      vertex -25.5455 -60 -46.5859
    endloop
  endfacet
  facet normal -0.946901 0 0.321526
    outer loop
      vertex -25.4782 -60 -46.3877
      vertex -25.5455 -64 -46.5859
      vertex -25.4782 -64 -46.3877
    endloop
  endfacet
  facet normal 0.0654722 0 -0.997854
    outer loop
      vertex -24 -64 -48.6
      vertex -23.7912 -60 -48.5863
      vertex -23.7912 -64 -48.5863
    endloop
  endfacet
  facet normal 0.0654722 0 -0.997854
    outer loop
      vertex -23.7912 -60 -48.5863
      vertex -24 -64 -48.6
      vertex -24 -60 -48.6
    endloop
  endfacet
  facet normal -0.659248 0 -0.751925
    outer loop
      vertex -25.1314 -64 -48.1314
      vertex -24.974 -60 -48.2694
      vertex -24.974 -64 -48.2694
    endloop
  endfacet
  facet normal -0.659248 0 -0.751925
    outer loop
      vertex -24.974 -60 -48.2694
      vertex -25.1314 -64 -48.1314
      vertex -25.1314 -60 -48.1314
    endloop
  endfacet
  facet normal 0.659248 0 -0.751925
    outer loop
      vertex -23.026 -64 -48.2694
      vertex -22.8686 -60 -48.1314
      vertex -22.8686 -64 -48.1314
    endloop
  endfacet
  facet normal 0.659248 0 -0.751925
    outer loop
      vertex -22.8686 -60 -48.1314
      vertex -23.026 -64 -48.2694
      vertex -23.026 -60 -48.2694
    endloop
  endfacet
  facet normal 0.0654722 0 0.997854
    outer loop
      vertex -24 -60 -45.4
      vertex -23.7912 -64 -45.4137
      vertex -23.7912 -60 -45.4137
    endloop
  endfacet
  facet normal 0.0654722 0 0.997854
    outer loop
      vertex -23.7912 -64 -45.4137
      vertex -24 -60 -45.4
      vertex -24 -64 -45.4
    endloop
  endfacet
  facet normal -0.896803 0 0.442429
    outer loop
      vertex -25.4782 -64 -46.3877
      vertex -25.3856 -60 -46.2
      vertex -25.4782 -60 -46.3877
    endloop
  endfacet
  facet normal -0.896803 0 0.442429
    outer loop
      vertex -25.3856 -60 -46.2
      vertex -25.4782 -64 -46.3877
      vertex -25.3856 -64 -46.2
    endloop
  endfacet
  facet normal 0.997854 0 -0.0654722
    outer loop
      vertex -22.4 -64 -47
      vertex -22.4137 -60 -47.2088
      vertex -22.4 -60 -47
    endloop
  endfacet
  facet normal 0.997854 0 -0.0654722
    outer loop
      vertex -22.4137 -60 -47.2088
      vertex -22.4 -64 -47
      vertex -22.4137 -64 -47.2088
    endloop
  endfacet
  facet normal 0.194922 0 -0.980819
    outer loop
      vertex -23.7912 -64 -48.5863
      vertex -23.5859 -60 -48.5455
      vertex -23.5859 -64 -48.5455
    endloop
  endfacet
  facet normal 0.194922 0 -0.980819
    outer loop
      vertex -23.5859 -60 -48.5455
      vertex -23.7912 -64 -48.5863
      vertex -23.7912 -60 -48.5863
    endloop
  endfacet
  facet normal -0.659248 0 0.751925
    outer loop
      vertex -25.1314 -60 -45.8686
      vertex -24.974 -64 -45.7306
      vertex -24.974 -60 -45.7306
    endloop
  endfacet
  facet normal -0.659248 0 0.751925
    outer loop
      vertex -24.974 -64 -45.7306
      vertex -25.1314 -60 -45.8686
      vertex -25.1314 -64 -45.8686
    endloop
  endfacet
  facet normal 0.555362 0 0.831609
    outer loop
      vertex -23.2 -60 -45.6144
      vertex -23.026 -64 -45.7306
      vertex -23.026 -60 -45.7306
    endloop
  endfacet
  facet normal 0.555362 0 0.831609
    outer loop
      vertex -23.026 -64 -45.7306
      vertex -23.2 -60 -45.6144
      vertex -23.2 -64 -45.6144
    endloop
  endfacet
  facet normal -0.751925 0 0.659248
    outer loop
      vertex -25.2694 -64 -46.026
      vertex -25.1314 -60 -45.8686
      vertex -25.2694 -60 -46.026
    endloop
  endfacet
  facet normal -0.751925 0 0.659248
    outer loop
      vertex -25.1314 -60 -45.8686
      vertex -25.2694 -64 -46.026
      vertex -25.1314 -64 -45.8686
    endloop
  endfacet
  facet normal -0.0654722 0 0.997854
    outer loop
      vertex -24.2088 -60 -45.4137
      vertex -24 -64 -45.4
      vertex -24 -60 -45.4
    endloop
  endfacet
  facet normal -0.0654722 0 0.997854
    outer loop
      vertex -24 -64 -45.4
      vertex -24.2088 -60 -45.4137
      vertex -24.2088 -64 -45.4137
    endloop
  endfacet
  facet normal -0.194922 0 -0.980819
    outer loop
      vertex -24.4141 -64 -48.5455
      vertex -24.2088 -60 -48.5863
      vertex -24.2088 -64 -48.5863
    endloop
  endfacet
  facet normal -0.194922 0 -0.980819
    outer loop
      vertex -24.2088 -60 -48.5863
      vertex -24.4141 -64 -48.5455
      vertex -24.4141 -60 -48.5455
    endloop
  endfacet
  facet normal -0.980819 0 0.194922
    outer loop
      vertex -25.5863 -64 -46.7912
      vertex -25.5455 -60 -46.5859
      vertex -25.5863 -60 -46.7912
    endloop
  endfacet
  facet normal -0.980819 0 0.194922
    outer loop
      vertex -25.5455 -60 -46.5859
      vertex -25.5863 -64 -46.7912
      vertex -25.5455 -64 -46.5859
    endloop
  endfacet
  facet normal -0.946901 0 -0.321526
    outer loop
      vertex -25.4782 -64 -47.6123
      vertex -25.5455 -60 -47.4141
      vertex -25.4782 -60 -47.6123
    endloop
  endfacet
  facet normal -0.946901 -0 -0.321526
    outer loop
      vertex -25.5455 -60 -47.4141
      vertex -25.4782 -64 -47.6123
      vertex -25.5455 -64 -47.4141
    endloop
  endfacet
  facet normal 0 -1 0
    outer loop
      vertex -24.2088 -64 -45.4137
      vertex -23.7912 -64 -45.4137
      vertex -24 -64 -45.4
    endloop
  endfacet
  facet normal 0 -1 0
    outer loop
      vertex -24.4141 -64 -45.4545
      vertex -23.7912 -64 -45.4137
      vertex -24.2088 -64 -45.4137
    endloop
  endfacet
  facet normal 0 -1 0
    outer loop
      vertex -24.4141 -64 -45.4545
      vertex -23.5859 -64 -45.4545
      vertex -23.7912 -64 -45.4137
    endloop
  endfacet
  facet normal 0 -1 0
    outer loop
      vertex -24.6123 -64 -45.5218
      vertex -23.5859 -64 -45.4545
      vertex -24.4141 -64 -45.4545
    endloop
  endfacet
  facet normal 0 -1 0
    outer loop
      vertex -24.6123 -64 -45.5218
      vertex -23.3877 -64 -45.5218
      vertex -23.5859 -64 -45.4545
    endloop
  endfacet
  facet normal 0 -1 0
    outer loop
      vertex -24.8 -64 -45.6144
      vertex -23.3877 -64 -45.5218
      vertex -24.6123 -64 -45.5218
    endloop
  endfacet
  facet normal 0 -1 0
    outer loop
      vertex -24.8 -64 -45.6144
      vertex -23.2 -64 -45.6144
      vertex -23.3877 -64 -45.5218
    endloop
  endfacet
  facet normal 0 -1 0
    outer loop
      vertex -24.974 -64 -45.7306
      vertex -23.2 -64 -45.6144
      vertex -24.8 -64 -45.6144
    endloop
  endfacet
  facet normal 0 -1 0
    outer loop
      vertex -24.974 -64 -45.7306
      vertex -23.026 -64 -45.7306
      vertex -23.2 -64 -45.6144
    endloop
  endfacet
  facet normal 0 -1 0
    outer loop
      vertex -25.1314 -64 -45.8686
      vertex -23.026 -64 -45.7306
      vertex -24.974 -64 -45.7306
    endloop
  endfacet
  facet normal 0 -1 0
    outer loop
      vertex -25.1314 -64 -45.8686
      vertex -22.8686 -64 -45.8686
      vertex -23.026 -64 -45.7306
    endloop
  endfacet
  facet normal 0 -1 0
    outer loop
      vertex -25.2694 -64 -46.026
      vertex -22.8686 -64 -45.8686
      vertex -25.1314 -64 -45.8686
    endloop
  endfacet
  facet normal 0 -1 0
    outer loop
      vertex -25.2694 -64 -46.026
      vertex -22.7306 -64 -46.026
      vertex -22.8686 -64 -45.8686
    endloop
  endfacet
  facet normal 0 -1 0
    outer loop
      vertex -25.3856 -64 -46.2
      vertex -22.7306 -64 -46.026
      vertex -25.2694 -64 -46.026
    endloop
  endfacet
  facet normal 0 -1 0
    outer loop
      vertex -25.3856 -64 -46.2
      vertex -22.6144 -64 -46.2
      vertex -22.7306 -64 -46.026
    endloop
  endfacet
  facet normal 0 -1 0
    outer loop
      vertex -25.4782 -64 -46.3877
      vertex -22.6144 -64 -46.2
      vertex -25.3856 -64 -46.2
    endloop
  endfacet
  facet normal 0 -1 0
    outer loop
      vertex -25.4782 -64 -46.3877
      vertex -22.5218 -64 -46.3877
      vertex -22.6144 -64 -46.2
    endloop
  endfacet
  facet normal 0 -1 0
    outer loop
      vertex -25.5455 -64 -46.5859
      vertex -22.5218 -64 -46.3877
      vertex -25.4782 -64 -46.3877
    endloop
  endfacet
  facet normal 0 -1 0
    outer loop
      vertex -25.5455 -64 -46.5859
      vertex -22.4545 -64 -46.5859
      vertex -22.5218 -64 -46.3877
    endloop
  endfacet
  facet normal 0 -1 0
    outer loop
      vertex -25.5863 -64 -46.7912
      vertex -22.4545 -64 -46.5859
      vertex -25.5455 -64 -46.5859
    endloop
  endfacet
  facet normal 0 -1 0
    outer loop
      vertex -25.5863 -64 -46.7912
      vertex -22.4137 -64 -46.7912
      vertex -22.4545 -64 -46.5859
    endloop
  endfacet
  facet normal 0 -1 0
    outer loop
      vertex -25.6 -64 -47
      vertex -22.4137 -64 -46.7912
      vertex -25.5863 -64 -46.7912
    endloop
  endfacet
  facet normal 0 -1 0
    outer loop
      vertex -25.6 -64 -47
      vertex -22.4 -64 -47
      vertex -22.4137 -64 -46.7912
    endloop
  endfacet
  facet normal 0 -1 0
    outer loop
      vertex -25.5863 -64 -47.2088
      vertex -22.4 -64 -47
      vertex -25.6 -64 -47
    endloop
  endfacet
  facet normal 0 -1 0
    outer loop
      vertex -25.5863 -64 -47.2088
      vertex -22.4137 -64 -47.2088
      vertex -22.4 -64 -47
    endloop
  endfacet
  facet normal 0 -1 0
    outer loop
      vertex -25.5455 -64 -47.4141
      vertex -22.4137 -64 -47.2088
      vertex -25.5863 -64 -47.2088
    endloop
  endfacet
  facet normal 0 -1 0
    outer loop
      vertex -25.5455 -64 -47.4141
      vertex -22.4545 -64 -47.4141
      vertex -22.4137 -64 -47.2088
    endloop
  endfacet
  facet normal 0 -1 0
    outer loop
      vertex -25.4782 -64 -47.6123
      vertex -22.4545 -64 -47.4141
      vertex -25.5455 -64 -47.4141
    endloop
  endfacet
  facet normal 0 -1 0
    outer loop
      vertex -25.4782 -64 -47.6123
      vertex -22.5218 -64 -47.6123
      vertex -22.4545 -64 -47.4141
    endloop
  endfacet
  facet normal 0 -1 0
    outer loop
      vertex -25.3856 -64 -47.8
      vertex -22.5218 -64 -47.6123
      vertex -25.4782 -64 -47.6123
    endloop
  endfacet
  facet normal 0 -1 0
    outer loop
      vertex -25.3856 -64 -47.8
      vertex -22.6144 -64 -47.8
      vertex -22.5218 -64 -47.6123
    endloop
  endfacet
  facet normal 0 -1 0
    outer loop
      vertex -25.2694 -64 -47.974
      vertex -22.6144 -64 -47.8
      vertex -25.3856 -64 -47.8
    endloop
  endfacet
  facet normal 0 -1 0
    outer loop
      vertex -25.2694 -64 -47.974
      vertex -22.7306 -64 -47.974
      vertex -22.6144 -64 -47.8
    endloop
  endfacet
  facet normal 0 -1 0
    outer loop
      vertex -25.1314 -64 -48.1314
      vertex -22.7306 -64 -47.974
      vertex -25.2694 -64 -47.974
    endloop
  endfacet
  facet normal 0 -1 0
    outer loop
      vertex -25.1314 -64 -48.1314
      vertex -22.8686 -64 -48.1314
      vertex -22.7306 -64 -47.974
    endloop
  endfacet
  facet normal 0 -1 0
    outer loop
      vertex -24.974 -64 -48.2694
      vertex -22.8686 -64 -48.1314
      vertex -25.1314 -64 -48.1314
    endloop
  endfacet
  facet normal 0 -1 0
    outer loop
      vertex -24.974 -64 -48.2694
      vertex -23.026 -64 -48.2694
      vertex -22.8686 -64 -48.1314
    endloop
  endfacet
  facet normal 0 -1 0
    outer loop
      vertex -24.8 -64 -48.3856
      vertex -23.026 -64 -48.2694
      vertex -24.974 -64 -48.2694
    endloop
  endfacet
  facet normal 0 -1 0
    outer loop
      vertex -24.8 -64 -48.3856
      vertex -23.2 -64 -48.3856
      vertex -23.026 -64 -48.2694
    endloop
  endfacet
  facet normal 0 -1 0
    outer loop
      vertex -24.6123 -64 -48.4782
      vertex -23.2 -64 -48.3856
      vertex -24.8 -64 -48.3856
    endloop
  endfacet
  facet normal 0 -1 0
    outer loop
      vertex -24.6123 -64 -48.4782
      vertex -23.3877 -64 -48.4782
      vertex -23.2 -64 -48.3856
    endloop
  endfacet
  facet normal 0 -1 0
    outer loop
      vertex -24.4141 -64 -48.5455
      vertex -23.3877 -64 -48.4782
      vertex -24.6123 -64 -48.4782
    endloop
  endfacet
  facet normal 0 -1 0
    outer loop
      vertex -24.4141 -64 -48.5455
      vertex -23.5859 -64 -48.5455
      vertex -23.3877 -64 -48.4782
    endloop
  endfacet
  facet normal 0 -1 0
    outer loop
      vertex -24.2088 -64 -48.5863
      vertex -23.5859 -64 -48.5455
      vertex -24.4141 -64 -48.5455
    endloop
  endfacet
  facet normal 0 -1 0
    outer loop
      vertex -24.2088 -64 -48.5863
      vertex -23.7912 -64 -48.5863
      vertex -23.5859 -64 -48.5455
    endloop
  endfacet
  facet normal -0 -1 0
    outer loop
      vertex -23.7912 -64 -48.5863
      vertex -24.2088 -64 -48.5863
      vertex -24 -64 -48.6
    endloop
  endfacet
  facet normal -0.0654722 0 -0.997854
    outer loop
      vertex -24.2088 -64 -48.5863
      vertex -24 -60 -48.6
      vertex -24 -64 -48.6
    endloop
  endfacet
  facet normal -0.0654722 0 -0.997854
    outer loop
      vertex -24 -60 -48.6
      vertex -24.2088 -64 -48.5863
      vertex -24.2088 -60 -48.5863
    endloop
  endfacet
  facet normal 0.751925 0 -0.659248
    outer loop
      vertex -22.7306 -64 -47.974
      vertex -22.8686 -60 -48.1314
      vertex -22.7306 -60 -47.974
    endloop
  endfacet
  facet normal 0.751925 0 -0.659248
    outer loop
      vertex -22.8686 -60 -48.1314
      vertex -22.7306 -64 -47.974
      vertex -22.8686 -64 -48.1314
    endloop
  endfacet
  facet normal -0.831609 0 0.555362
    outer loop
      vertex -25.3856 -64 -46.2
      vertex -25.2694 -60 -46.026
      vertex -25.3856 -60 -46.2
    endloop
  endfacet
  facet normal -0.831609 0 0.555362
    outer loop
      vertex -25.2694 -60 -46.026
      vertex -25.3856 -64 -46.2
      vertex -25.2694 -64 -46.026
    endloop
  endfacet
  facet normal -0.896803 0 -0.442429
    outer loop
      vertex -25.3856 -64 -47.8
      vertex -25.4782 -60 -47.6123
      vertex -25.3856 -60 -47.8
    endloop
  endfacet
  facet normal -0.896803 -0 -0.442429
    outer loop
      vertex -25.4782 -60 -47.6123
      vertex -25.3856 -64 -47.8
      vertex -25.4782 -64 -47.6123
    endloop
  endfacet
  facet normal 0.194922 0 0.980819
    outer loop
      vertex -15.7912 -60 -45.4137
      vertex -15.5859 -64 -45.4545
      vertex -15.5859 -60 -45.4545
    endloop
  endfacet
  facet normal 0.194922 0 0.980819
    outer loop
      vertex -15.5859 -64 -45.4545
      vertex -15.7912 -60 -45.4137
      vertex -15.7912 -64 -45.4137
    endloop
  endfacet
  facet normal 0.980819 -0 0.194922
    outer loop
      vertex -14.4545 -64 -46.5859
      vertex -14.4137 -60 -46.7912
      vertex -14.4545 -60 -46.5859
    endloop
  endfacet
  facet normal 0.980819 0 0.194922
    outer loop
      vertex -14.4137 -60 -46.7912
      vertex -14.4545 -64 -46.5859
      vertex -14.4137 -64 -46.7912
    endloop
  endfacet
  facet normal 0.997854 -0 0.0654722
    outer loop
      vertex -14.4137 -64 -46.7912
      vertex -14.4 -60 -47
      vertex -14.4137 -60 -46.7912
    endloop
  endfacet
  facet normal 0.997854 0 0.0654722
    outer loop
      vertex -14.4 -60 -47
      vertex -14.4137 -64 -46.7912
      vertex -14.4 -64 -47
    endloop
  endfacet
  facet normal 0.321526 0 0.946901
    outer loop
      vertex -15.5859 -60 -45.4545
      vertex -15.3877 -64 -45.5218
      vertex -15.3877 -60 -45.5218
    endloop
  endfacet
  facet normal 0.321526 0 0.946901
    outer loop
      vertex -15.3877 -64 -45.5218
      vertex -15.5859 -60 -45.4545
      vertex -15.5859 -64 -45.4545
    endloop
  endfacet
  facet normal -0.555362 0 -0.831609
    outer loop
      vertex -16.974 -64 -48.2694
      vertex -16.8 -60 -48.3856
      vertex -16.8 -64 -48.3856
    endloop
  endfacet
  facet normal -0.555362 0 -0.831609
    outer loop
      vertex -16.8 -60 -48.3856
      vertex -16.974 -64 -48.2694
      vertex -16.974 -60 -48.2694
    endloop
  endfacet
  facet normal -0.321526 0 -0.946901
    outer loop
      vertex -16.6123 -64 -48.4782
      vertex -16.4141 -60 -48.5455
      vertex -16.4141 -64 -48.5455
    endloop
  endfacet
  facet normal -0.321526 0 -0.946901
    outer loop
      vertex -16.4141 -60 -48.5455
      vertex -16.6123 -64 -48.4782
      vertex -16.6123 -60 -48.4782
    endloop
  endfacet
  facet normal -0.321526 0 0.946901
    outer loop
      vertex -16.6123 -60 -45.5218
      vertex -16.4141 -64 -45.4545
      vertex -16.4141 -60 -45.4545
    endloop
  endfacet
  facet normal -0.321526 0 0.946901
    outer loop
      vertex -16.4141 -64 -45.4545
      vertex -16.6123 -60 -45.5218
      vertex -16.6123 -64 -45.5218
    endloop
  endfacet
  facet normal 0.751925 -0 0.659248
    outer loop
      vertex -14.8686 -64 -45.8686
      vertex -14.7306 -60 -46.026
      vertex -14.8686 -60 -45.8686
    endloop
  endfacet
  facet normal 0.751925 0 0.659248
    outer loop
      vertex -14.7306 -60 -46.026
      vertex -14.8686 -64 -45.8686
      vertex -14.7306 -64 -46.026
    endloop
  endfacet
  facet normal 0 1 0
    outer loop
      vertex -15.7912 -60 -45.4137
      vertex -16.2088 -60 -45.4137
      vertex -16 -60 -45.4
    endloop
  endfacet
  facet normal 0 1 0
    outer loop
      vertex -15.5859 -60 -45.4545
      vertex -16.2088 -60 -45.4137
      vertex -15.7912 -60 -45.4137
    endloop
  endfacet
  facet normal 0 1 0
    outer loop
      vertex -15.5859 -60 -45.4545
      vertex -16.4141 -60 -45.4545
      vertex -16.2088 -60 -45.4137
    endloop
  endfacet
  facet normal 0 1 0
    outer loop
      vertex -15.3877 -60 -45.5218
      vertex -16.4141 -60 -45.4545
      vertex -15.5859 -60 -45.4545
    endloop
  endfacet
  facet normal 0 1 0
    outer loop
      vertex -15.3877 -60 -45.5218
      vertex -16.6123 -60 -45.5218
      vertex -16.4141 -60 -45.4545
    endloop
  endfacet
  facet normal 0 1 0
    outer loop
      vertex -15.2 -60 -45.6144
      vertex -16.6123 -60 -45.5218
      vertex -15.3877 -60 -45.5218
    endloop
  endfacet
  facet normal 0 1 0
    outer loop
      vertex -15.2 -60 -45.6144
      vertex -16.8 -60 -45.6144
      vertex -16.6123 -60 -45.5218
    endloop
  endfacet
  facet normal 0 1 0
    outer loop
      vertex -15.026 -60 -45.7306
      vertex -16.8 -60 -45.6144
      vertex -15.2 -60 -45.6144
    endloop
  endfacet
  facet normal 0 1 0
    outer loop
      vertex -15.026 -60 -45.7306
      vertex -16.974 -60 -45.7306
      vertex -16.8 -60 -45.6144
    endloop
  endfacet
  facet normal 0 1 0
    outer loop
      vertex -14.8686 -60 -45.8686
      vertex -16.974 -60 -45.7306
      vertex -15.026 -60 -45.7306
    endloop
  endfacet
  facet normal 0 1 0
    outer loop
      vertex -14.8686 -60 -45.8686
      vertex -17.1314 -60 -45.8686
      vertex -16.974 -60 -45.7306
    endloop
  endfacet
  facet normal 0 1 0
    outer loop
      vertex -14.7306 -60 -46.026
      vertex -17.1314 -60 -45.8686
      vertex -14.8686 -60 -45.8686
    endloop
  endfacet
  facet normal 0 1 0
    outer loop
      vertex -14.7306 -60 -46.026
      vertex -17.2694 -60 -46.026
      vertex -17.1314 -60 -45.8686
    endloop
  endfacet
  facet normal 0 1 0
    outer loop
      vertex -14.6144 -60 -46.2
      vertex -17.2694 -60 -46.026
      vertex -14.7306 -60 -46.026
    endloop
  endfacet
  facet normal 0 1 0
    outer loop
      vertex -14.6144 -60 -46.2
      vertex -17.3856 -60 -46.2
      vertex -17.2694 -60 -46.026
    endloop
  endfacet
  facet normal 0 1 0
    outer loop
      vertex -14.5218 -60 -46.3877
      vertex -17.3856 -60 -46.2
      vertex -14.6144 -60 -46.2
    endloop
  endfacet
  facet normal 0 1 0
    outer loop
      vertex -14.5218 -60 -46.3877
      vertex -17.4782 -60 -46.3877
      vertex -17.3856 -60 -46.2
    endloop
  endfacet
  facet normal 0 1 0
    outer loop
      vertex -14.4545 -60 -46.5859
      vertex -17.4782 -60 -46.3877
      vertex -14.5218 -60 -46.3877
    endloop
  endfacet
  facet normal 0 1 0
    outer loop
      vertex -14.4545 -60 -46.5859
      vertex -17.5455 -60 -46.5859
      vertex -17.4782 -60 -46.3877
    endloop
  endfacet
  facet normal 0 1 0
    outer loop
      vertex -14.4137 -60 -46.7912
      vertex -17.5455 -60 -46.5859
      vertex -14.4545 -60 -46.5859
    endloop
  endfacet
  facet normal 0 1 0
    outer loop
      vertex -14.4137 -60 -46.7912
      vertex -17.5863 -60 -46.7912
      vertex -17.5455 -60 -46.5859
    endloop
  endfacet
  facet normal 0 1 0
    outer loop
      vertex -14.4 -60 -47
      vertex -17.5863 -60 -46.7912
      vertex -14.4137 -60 -46.7912
    endloop
  endfacet
  facet normal 0 1 0
    outer loop
      vertex -14.4 -60 -47
      vertex -17.6 -60 -47
      vertex -17.5863 -60 -46.7912
    endloop
  endfacet
  facet normal 0 1 -0
    outer loop
      vertex -14.4137 -60 -47.2088
      vertex -17.6 -60 -47
      vertex -14.4 -60 -47
    endloop
  endfacet
  facet normal 0 1 0
    outer loop
      vertex -14.4137 -60 -47.2088
      vertex -17.5863 -60 -47.2088
      vertex -17.6 -60 -47
    endloop
  endfacet
  facet normal 0 1 -0
    outer loop
      vertex -14.4545 -60 -47.4141
      vertex -17.5863 -60 -47.2088
      vertex -14.4137 -60 -47.2088
    endloop
  endfacet
  facet normal 0 1 0
    outer loop
      vertex -14.4545 -60 -47.4141
      vertex -17.5455 -60 -47.4141
      vertex -17.5863 -60 -47.2088
    endloop
  endfacet
  facet normal 0 1 -0
    outer loop
      vertex -14.5218 -60 -47.6123
      vertex -17.5455 -60 -47.4141
      vertex -14.4545 -60 -47.4141
    endloop
  endfacet
  facet normal 0 1 0
    outer loop
      vertex -14.5218 -60 -47.6123
      vertex -17.4782 -60 -47.6123
      vertex -17.5455 -60 -47.4141
    endloop
  endfacet
  facet normal 0 1 -0
    outer loop
      vertex -14.6144 -60 -47.8
      vertex -17.4782 -60 -47.6123
      vertex -14.5218 -60 -47.6123
    endloop
  endfacet
  facet normal 0 1 0
    outer loop
      vertex -14.6144 -60 -47.8
      vertex -17.3856 -60 -47.8
      vertex -17.4782 -60 -47.6123
    endloop
  endfacet
  facet normal 0 1 -0
    outer loop
      vertex -14.7306 -60 -47.974
      vertex -17.3856 -60 -47.8
      vertex -14.6144 -60 -47.8
    endloop
  endfacet
  facet normal 0 1 0
    outer loop
      vertex -14.7306 -60 -47.974
      vertex -17.2694 -60 -47.974
      vertex -17.3856 -60 -47.8
    endloop
  endfacet
  facet normal 0 1 -0
    outer loop
      vertex -14.8686 -60 -48.1314
      vertex -17.2694 -60 -47.974
      vertex -14.7306 -60 -47.974
    endloop
  endfacet
  facet normal 0 1 0
    outer loop
      vertex -14.8686 -60 -48.1314
      vertex -17.1314 -60 -48.1314
      vertex -17.2694 -60 -47.974
    endloop
  endfacet
  facet normal 0 1 -0
    outer loop
      vertex -15.026 -60 -48.2694
      vertex -17.1314 -60 -48.1314
      vertex -14.8686 -60 -48.1314
    endloop
  endfacet
  facet normal 0 1 0
    outer loop
      vertex -15.026 -60 -48.2694
      vertex -16.974 -60 -48.2694
      vertex -17.1314 -60 -48.1314
    endloop
  endfacet
  facet normal 0 1 -0
    outer loop
      vertex -15.2 -60 -48.3856
      vertex -16.974 -60 -48.2694
      vertex -15.026 -60 -48.2694
    endloop
  endfacet
  facet normal 0 1 0
    outer loop
      vertex -15.2 -60 -48.3856
      vertex -16.8 -60 -48.3856
      vertex -16.974 -60 -48.2694
    endloop
  endfacet
  facet normal 0 1 -0
    outer loop
      vertex -15.3877 -60 -48.4782
      vertex -16.8 -60 -48.3856
      vertex -15.2 -60 -48.3856
    endloop
  endfacet
  facet normal 0 1 0
    outer loop
      vertex -15.3877 -60 -48.4782
      vertex -16.6123 -60 -48.4782
      vertex -16.8 -60 -48.3856
    endloop
  endfacet
  facet normal 0 1 -0
    outer loop
      vertex -15.5859 -60 -48.5455
      vertex -16.6123 -60 -48.4782
      vertex -15.3877 -60 -48.4782
    endloop
  endfacet
  facet normal 0 1 0
    outer loop
      vertex -15.5859 -60 -48.5455
      vertex -16.4141 -60 -48.5455
      vertex -16.6123 -60 -48.4782
    endloop
  endfacet
  facet normal 0 1 -0
    outer loop
      vertex -15.7912 -60 -48.5863
      vertex -16.4141 -60 -48.5455
      vertex -15.5859 -60 -48.5455
    endloop
  endfacet
  facet normal 0 1 0
    outer loop
      vertex -15.7912 -60 -48.5863
      vertex -16.2088 -60 -48.5863
      vertex -16.4141 -60 -48.5455
    endloop
  endfacet
  facet normal -0 1 0
    outer loop
      vertex -16.2088 -60 -48.5863
      vertex -15.7912 -60 -48.5863
      vertex -16 -60 -48.6
    endloop
  endfacet
  facet normal -0.751925 0 -0.659248
    outer loop
      vertex -17.1314 -64 -48.1314
      vertex -17.2694 -60 -47.974
      vertex -17.1314 -60 -48.1314
    endloop
  endfacet
  facet normal -0.751925 -0 -0.659248
    outer loop
      vertex -17.2694 -60 -47.974
      vertex -17.1314 -64 -48.1314
      vertex -17.2694 -64 -47.974
    endloop
  endfacet
  facet normal 0.946901 0 -0.321526
    outer loop
      vertex -14.4545 -64 -47.4141
      vertex -14.5218 -60 -47.6123
      vertex -14.4545 -60 -47.4141
    endloop
  endfacet
  facet normal 0.946901 0 -0.321526
    outer loop
      vertex -14.5218 -60 -47.6123
      vertex -14.4545 -64 -47.4141
      vertex -14.5218 -64 -47.6123
    endloop
  endfacet
  facet normal 0.831609 -0 0.555362
    outer loop
      vertex -14.7306 -64 -46.026
      vertex -14.6144 -60 -46.2
      vertex -14.7306 -60 -46.026
    endloop
  endfacet
  facet normal 0.831609 0 0.555362
    outer loop
      vertex -14.6144 -60 -46.2
      vertex -14.7306 -64 -46.026
      vertex -14.6144 -64 -46.2
    endloop
  endfacet
  facet normal 0.946901 -0 0.321526
    outer loop
      vertex -14.5218 -64 -46.3877
      vertex -14.4545 -60 -46.5859
      vertex -14.5218 -60 -46.3877
    endloop
  endfacet
  facet normal 0.946901 0 0.321526
    outer loop
      vertex -14.4545 -60 -46.5859
      vertex -14.5218 -64 -46.3877
      vertex -14.4545 -64 -46.5859
    endloop
  endfacet
  facet normal 0.980819 0 -0.194922
    outer loop
      vertex -14.4137 -64 -47.2088
      vertex -14.4545 -60 -47.4141
      vertex -14.4137 -60 -47.2088
    endloop
  endfacet
  facet normal 0.980819 0 -0.194922
    outer loop
      vertex -14.4545 -60 -47.4141
      vertex -14.4137 -64 -47.2088
      vertex -14.4545 -64 -47.4141
    endloop
  endfacet
  facet normal 0.659248 0 0.751925
    outer loop
      vertex -15.026 -60 -45.7306
      vertex -14.8686 -64 -45.8686
      vertex -14.8686 -60 -45.8686
    endloop
  endfacet
  facet normal 0.659248 0 0.751925
    outer loop
      vertex -14.8686 -64 -45.8686
      vertex -15.026 -60 -45.7306
      vertex -15.026 -64 -45.7306
    endloop
  endfacet
  facet normal 0.831609 0 -0.555362
    outer loop
      vertex -14.6144 -64 -47.8
      vertex -14.7306 -60 -47.974
      vertex -14.6144 -60 -47.8
    endloop
  endfacet
  facet normal 0.831609 0 -0.555362
    outer loop
      vertex -14.7306 -60 -47.974
      vertex -14.6144 -64 -47.8
      vertex -14.7306 -64 -47.974
    endloop
  endfacet
  facet normal 0.442429 0 0.896803
    outer loop
      vertex -15.3877 -60 -45.5218
      vertex -15.2 -64 -45.6144
      vertex -15.2 -60 -45.6144
    endloop
  endfacet
  facet normal 0.442429 0 0.896803
    outer loop
      vertex -15.2 -64 -45.6144
      vertex -15.3877 -60 -45.5218
      vertex -15.3877 -64 -45.5218
    endloop
  endfacet
  facet normal -0.442429 0 0.896803
    outer loop
      vertex -16.8 -60 -45.6144
      vertex -16.6123 -64 -45.5218
      vertex -16.6123 -60 -45.5218
    endloop
  endfacet
  facet normal -0.442429 0 0.896803
    outer loop
      vertex -16.6123 -64 -45.5218
      vertex -16.8 -60 -45.6144
      vertex -16.8 -64 -45.6144
    endloop
  endfacet
  facet normal 0.896803 -0 0.442429
    outer loop
      vertex -14.6144 -64 -46.2
      vertex -14.5218 -60 -46.3877
      vertex -14.6144 -60 -46.2
    endloop
  endfacet
  facet normal 0.896803 0 0.442429
    outer loop
      vertex -14.5218 -60 -46.3877
      vertex -14.6144 -64 -46.2
      vertex -14.5218 -64 -46.3877
    endloop
  endfacet
  facet normal -0.194922 0 0.980819
    outer loop
      vertex -16.4141 -60 -45.4545
      vertex -16.2088 -64 -45.4137
      vertex -16.2088 -60 -45.4137
    endloop
  endfacet
  facet normal -0.194922 0 0.980819
    outer loop
      vertex -16.2088 -64 -45.4137
      vertex -16.4141 -60 -45.4545
      vertex -16.4141 -64 -45.4545
    endloop
  endfacet
  facet normal -0.555362 0 0.831609
    outer loop
      vertex -16.974 -60 -45.7306
      vertex -16.8 -64 -45.6144
      vertex -16.8 -60 -45.6144
    endloop
  endfacet
  facet normal -0.555362 0 0.831609
    outer loop
      vertex -16.8 -64 -45.6144
      vertex -16.974 -60 -45.7306
      vertex -16.974 -64 -45.7306
    endloop
  endfacet
  facet normal 0.321526 0 -0.946901
    outer loop
      vertex -15.5859 -64 -48.5455
      vertex -15.3877 -60 -48.4782
      vertex -15.3877 -64 -48.4782
    endloop
  endfacet
  facet normal 0.321526 0 -0.946901
    outer loop
      vertex -15.3877 -60 -48.4782
      vertex -15.5859 -64 -48.5455
      vertex -15.5859 -60 -48.5455
    endloop
  endfacet
  facet normal -0.442429 0 -0.896803
    outer loop
      vertex -16.8 -64 -48.3856
      vertex -16.6123 -60 -48.4782
      vertex -16.6123 -64 -48.4782
    endloop
  endfacet
  facet normal -0.442429 0 -0.896803
    outer loop
      vertex -16.6123 -60 -48.4782
      vertex -16.8 -64 -48.3856
      vertex -16.8 -60 -48.3856
    endloop
  endfacet
  facet normal -0.831609 0 -0.555362
    outer loop
      vertex -17.2694 -64 -47.974
      vertex -17.3856 -60 -47.8
      vertex -17.2694 -60 -47.974
    endloop
  endfacet
  facet normal -0.831609 -0 -0.555362
    outer loop
      vertex -17.3856 -60 -47.8
      vertex -17.2694 -64 -47.974
      vertex -17.3856 -64 -47.8
    endloop
  endfacet
  facet normal -0.980819 0 -0.194922
    outer loop
      vertex -17.5455 -64 -47.4141
      vertex -17.5863 -60 -47.2088
      vertex -17.5455 -60 -47.4141
    endloop
  endfacet
  facet normal -0.980819 -0 -0.194922
    outer loop
      vertex -17.5863 -60 -47.2088
      vertex -17.5455 -64 -47.4141
      vertex -17.5863 -64 -47.2088
    endloop
  endfacet
  facet normal 0.442429 0 -0.896803
    outer loop
      vertex -15.3877 -64 -48.4782
      vertex -15.2 -60 -48.3856
      vertex -15.2 -64 -48.3856
    endloop
  endfacet
  facet normal 0.442429 0 -0.896803
    outer loop
      vertex -15.2 -60 -48.3856
      vertex -15.3877 -64 -48.4782
      vertex -15.3877 -60 -48.4782
    endloop
  endfacet
  facet normal 0.555362 0 -0.831609
    outer loop
      vertex -15.2 -64 -48.3856
      vertex -15.026 -60 -48.2694
      vertex -15.026 -64 -48.2694
    endloop
  endfacet
  facet normal 0.555362 0 -0.831609
    outer loop
      vertex -15.026 -60 -48.2694
      vertex -15.2 -64 -48.3856
      vertex -15.2 -60 -48.3856
    endloop
  endfacet
  facet normal 0.194922 0 -0.980819
    outer loop
      vertex -15.7912 -64 -48.5863
      vertex -15.5859 -60 -48.5455
      vertex -15.5859 -64 -48.5455
    endloop
  endfacet
  facet normal 0.194922 0 -0.980819
    outer loop
      vertex -15.5859 -60 -48.5455
      vertex -15.7912 -64 -48.5863
      vertex -15.7912 -60 -48.5863
    endloop
  endfacet
  facet normal -0.997854 0 0.0654722
    outer loop
      vertex -17.6 -64 -47
      vertex -17.5863 -60 -46.7912
      vertex -17.6 -60 -47
    endloop
  endfacet
  facet normal -0.997854 0 0.0654722
    outer loop
      vertex -17.5863 -60 -46.7912
      vertex -17.6 -64 -47
      vertex -17.5863 -64 -46.7912
    endloop
  endfacet
  facet normal -0.997854 0 -0.0654722
    outer loop
      vertex -17.5863 -64 -47.2088
      vertex -17.6 -60 -47
      vertex -17.5863 -60 -47.2088
    endloop
  endfacet
  facet normal -0.997854 -0 -0.0654722
    outer loop
      vertex -17.6 -60 -47
      vertex -17.5863 -64 -47.2088
      vertex -17.6 -64 -47
    endloop
  endfacet
  facet normal 0.896803 0 -0.442429
    outer loop
      vertex -14.5218 -64 -47.6123
      vertex -14.6144 -60 -47.8
      vertex -14.5218 -60 -47.6123
    endloop
  endfacet
  facet normal 0.896803 0 -0.442429
    outer loop
      vertex -14.6144 -60 -47.8
      vertex -14.5218 -64 -47.6123
      vertex -14.6144 -64 -47.8
    endloop
  endfacet
  facet normal -0.946901 0 0.321526
    outer loop
      vertex -17.5455 -64 -46.5859
      vertex -17.4782 -60 -46.3877
      vertex -17.5455 -60 -46.5859
    endloop
  endfacet
  facet normal -0.946901 0 0.321526
    outer loop
      vertex -17.4782 -60 -46.3877
      vertex -17.5455 -64 -46.5859
      vertex -17.4782 -64 -46.3877
    endloop
  endfacet
  facet normal 0.0654722 0 -0.997854
    outer loop
      vertex -16 -64 -48.6
      vertex -15.7912 -60 -48.5863
      vertex -15.7912 -64 -48.5863
    endloop
  endfacet
  facet normal 0.0654722 0 -0.997854
    outer loop
      vertex -15.7912 -60 -48.5863
      vertex -16 -64 -48.6
      vertex -16 -60 -48.6
    endloop
  endfacet
  facet normal -0.659248 0 -0.751925
    outer loop
      vertex -17.1314 -64 -48.1314
      vertex -16.974 -60 -48.2694
      vertex -16.974 -64 -48.2694
    endloop
  endfacet
  facet normal -0.659248 0 -0.751925
    outer loop
      vertex -16.974 -60 -48.2694
      vertex -17.1314 -64 -48.1314
      vertex -17.1314 -60 -48.1314
    endloop
  endfacet
  facet normal 0.659248 0 -0.751925
    outer loop
      vertex -15.026 -64 -48.2694
      vertex -14.8686 -60 -48.1314
      vertex -14.8686 -64 -48.1314
    endloop
  endfacet
  facet normal 0.659248 0 -0.751925
    outer loop
      vertex -14.8686 -60 -48.1314
      vertex -15.026 -64 -48.2694
      vertex -15.026 -60 -48.2694
    endloop
  endfacet
  facet normal -0.896803 0 0.442429
    outer loop
      vertex -17.4782 -64 -46.3877
      vertex -17.3856 -60 -46.2
      vertex -17.4782 -60 -46.3877
    endloop
  endfacet
  facet normal -0.896803 0 0.442429
    outer loop
      vertex -17.3856 -60 -46.2
      vertex -17.4782 -64 -46.3877
      vertex -17.3856 -64 -46.2
    endloop
  endfacet
  facet normal 0.997854 0 -0.0654722
    outer loop
      vertex -14.4 -64 -47
      vertex -14.4137 -60 -47.2088
      vertex -14.4 -60 -47
    endloop
  endfacet
  facet normal 0.997854 0 -0.0654722
    outer loop
      vertex -14.4137 -60 -47.2088
      vertex -14.4 -64 -47
      vertex -14.4137 -64 -47.2088
    endloop
  endfacet
  facet normal -0.659248 0 0.751925
    outer loop
      vertex -17.1314 -60 -45.8686
      vertex -16.974 -64 -45.7306
      vertex -16.974 -60 -45.7306
    endloop
  endfacet
  facet normal -0.659248 0 0.751925
    outer loop
      vertex -16.974 -64 -45.7306
      vertex -17.1314 -60 -45.8686
      vertex -17.1314 -64 -45.8686
    endloop
  endfacet
  facet normal 0.555362 0 0.831609
    outer loop
      vertex -15.2 -60 -45.6144
      vertex -15.026 -64 -45.7306
      vertex -15.026 -60 -45.7306
    endloop
  endfacet
  facet normal 0.555362 0 0.831609
    outer loop
      vertex -15.026 -64 -45.7306
      vertex -15.2 -60 -45.6144
      vertex -15.2 -64 -45.6144
    endloop
  endfacet
  facet normal -0.0654722 0 -0.997854
    outer loop
      vertex -16.2088 -64 -48.5863
      vertex -16 -60 -48.6
      vertex -16 -64 -48.6
    endloop
  endfacet
  facet normal -0.0654722 0 -0.997854
    outer loop
      vertex -16 -60 -48.6
      vertex -16.2088 -64 -48.5863
      vertex -16.2088 -60 -48.5863
    endloop
  endfacet
  facet normal 0.0654722 0 0.997854
    outer loop
      vertex -16 -60 -45.4
      vertex -15.7912 -64 -45.4137
      vertex -15.7912 -60 -45.4137
    endloop
  endfacet
  facet normal 0.0654722 0 0.997854
    outer loop
      vertex -15.7912 -64 -45.4137
      vertex -16 -60 -45.4
      vertex -16 -64 -45.4
    endloop
  endfacet
  facet normal -0.751925 0 0.659248
    outer loop
      vertex -17.2694 -64 -46.026
      vertex -17.1314 -60 -45.8686
      vertex -17.2694 -60 -46.026
    endloop
  endfacet
  facet normal -0.751925 0 0.659248
    outer loop
      vertex -17.1314 -60 -45.8686
      vertex -17.2694 -64 -46.026
      vertex -17.1314 -64 -45.8686
    endloop
  endfacet
  facet normal -0.0654722 0 0.997854
    outer loop
      vertex -16.2088 -60 -45.4137
      vertex -16 -64 -45.4
      vertex -16 -60 -45.4
    endloop
  endfacet
  facet normal -0.0654722 0 0.997854
    outer loop
      vertex -16 -64 -45.4
      vertex -16.2088 -60 -45.4137
      vertex -16.2088 -64 -45.4137
    endloop
  endfacet
  facet normal -0.194922 0 -0.980819
    outer loop
      vertex -16.4141 -64 -48.5455
      vertex -16.2088 -60 -48.5863
      vertex -16.2088 -64 -48.5863
    endloop
  endfacet
  facet normal -0.194922 0 -0.980819
    outer loop
      vertex -16.2088 -60 -48.5863
      vertex -16.4141 -64 -48.5455
      vertex -16.4141 -60 -48.5455
    endloop
  endfacet
  facet normal -0.980819 0 0.194922
    outer loop
      vertex -17.5863 -64 -46.7912
      vertex -17.5455 -60 -46.5859
      vertex -17.5863 -60 -46.7912
    endloop
  endfacet
  facet normal -0.980819 0 0.194922
    outer loop
      vertex -17.5455 -60 -46.5859
      vertex -17.5863 -64 -46.7912
      vertex -17.5455 -64 -46.5859
    endloop
  endfacet
  facet normal -0.946901 0 -0.321526
    outer loop
      vertex -17.4782 -64 -47.6123
      vertex -17.5455 -60 -47.4141
      vertex -17.4782 -60 -47.6123
    endloop
  endfacet
  facet normal -0.946901 -0 -0.321526
    outer loop
      vertex -17.5455 -60 -47.4141
      vertex -17.4782 -64 -47.6123
      vertex -17.5455 -64 -47.4141
    endloop
  endfacet
  facet normal 0 -1 0
    outer loop
      vertex -16.2088 -64 -45.4137
      vertex -15.7912 -64 -45.4137
      vertex -16 -64 -45.4
    endloop
  endfacet
  facet normal 0 -1 0
    outer loop
      vertex -16.4141 -64 -45.4545
      vertex -15.7912 -64 -45.4137
      vertex -16.2088 -64 -45.4137
    endloop
  endfacet
  facet normal 0 -1 0
    outer loop
      vertex -16.4141 -64 -45.4545
      vertex -15.5859 -64 -45.4545
      vertex -15.7912 -64 -45.4137
    endloop
  endfacet
  facet normal 0 -1 0
    outer loop
      vertex -16.6123 -64 -45.5218
      vertex -15.5859 -64 -45.4545
      vertex -16.4141 -64 -45.4545
    endloop
  endfacet
  facet normal 0 -1 0
    outer loop
      vertex -16.6123 -64 -45.5218
      vertex -15.3877 -64 -45.5218
      vertex -15.5859 -64 -45.4545
    endloop
  endfacet
  facet normal 0 -1 0
    outer loop
      vertex -16.8 -64 -45.6144
      vertex -15.3877 -64 -45.5218
      vertex -16.6123 -64 -45.5218
    endloop
  endfacet
  facet normal 0 -1 0
    outer loop
      vertex -16.8 -64 -45.6144
      vertex -15.2 -64 -45.6144
      vertex -15.3877 -64 -45.5218
    endloop
  endfacet
  facet normal 0 -1 0
    outer loop
      vertex -16.974 -64 -45.7306
      vertex -15.2 -64 -45.6144
      vertex -16.8 -64 -45.6144
    endloop
  endfacet
  facet normal 0 -1 0
    outer loop
      vertex -16.974 -64 -45.7306
      vertex -15.026 -64 -45.7306
      vertex -15.2 -64 -45.6144
    endloop
  endfacet
  facet normal 0 -1 0
    outer loop
      vertex -17.1314 -64 -45.8686
      vertex -15.026 -64 -45.7306
      vertex -16.974 -64 -45.7306
    endloop
  endfacet
  facet normal 0 -1 0
    outer loop
      vertex -17.1314 -64 -45.8686
      vertex -14.8686 -64 -45.8686
      vertex -15.026 -64 -45.7306
    endloop
  endfacet
  facet normal 0 -1 0
    outer loop
      vertex -17.2694 -64 -46.026
      vertex -14.8686 -64 -45.8686
      vertex -17.1314 -64 -45.8686
    endloop
  endfacet
  facet normal 0 -1 0
    outer loop
      vertex -17.2694 -64 -46.026
      vertex -14.7306 -64 -46.026
      vertex -14.8686 -64 -45.8686
    endloop
  endfacet
  facet normal 0 -1 0
    outer loop
      vertex -17.3856 -64 -46.2
      vertex -14.7306 -64 -46.026
      vertex -17.2694 -64 -46.026
    endloop
  endfacet
  facet normal 0 -1 0
    outer loop
      vertex -17.3856 -64 -46.2
      vertex -14.6144 -64 -46.2
      vertex -14.7306 -64 -46.026
    endloop
  endfacet
  facet normal 0 -1 0
    outer loop
      vertex -17.4782 -64 -46.3877
      vertex -14.6144 -64 -46.2
      vertex -17.3856 -64 -46.2
    endloop
  endfacet
  facet normal 0 -1 0
    outer loop
      vertex -17.4782 -64 -46.3877
      vertex -14.5218 -64 -46.3877
      vertex -14.6144 -64 -46.2
    endloop
  endfacet
  facet normal 0 -1 0
    outer loop
      vertex -17.5455 -64 -46.5859
      vertex -14.5218 -64 -46.3877
      vertex -17.4782 -64 -46.3877
    endloop
  endfacet
  facet normal 0 -1 0
    outer loop
      vertex -17.5455 -64 -46.5859
      vertex -14.4545 -64 -46.5859
      vertex -14.5218 -64 -46.3877
    endloop
  endfacet
  facet normal 0 -1 0
    outer loop
      vertex -17.5863 -64 -46.7912
      vertex -14.4545 -64 -46.5859
      vertex -17.5455 -64 -46.5859
    endloop
  endfacet
  facet normal 0 -1 0
    outer loop
      vertex -17.5863 -64 -46.7912
      vertex -14.4137 -64 -46.7912
      vertex -14.4545 -64 -46.5859
    endloop
  endfacet
  facet normal 0 -1 0
    outer loop
      vertex -17.6 -64 -47
      vertex -14.4137 -64 -46.7912
      vertex -17.5863 -64 -46.7912
    endloop
  endfacet
  facet normal 0 -1 0
    outer loop
      vertex -17.6 -64 -47
      vertex -14.4 -64 -47
      vertex -14.4137 -64 -46.7912
    endloop
  endfacet
  facet normal 0 -1 0
    outer loop
      vertex -17.5863 -64 -47.2088
      vertex -14.4 -64 -47
      vertex -17.6 -64 -47
    endloop
  endfacet
  facet normal 0 -1 0
    outer loop
      vertex -17.5863 -64 -47.2088
      vertex -14.4137 -64 -47.2088
      vertex -14.4 -64 -47
    endloop
  endfacet
  facet normal 0 -1 0
    outer loop
      vertex -17.5455 -64 -47.4141
      vertex -14.4137 -64 -47.2088
      vertex -17.5863 -64 -47.2088
    endloop
  endfacet
  facet normal 0 -1 0
    outer loop
      vertex -17.5455 -64 -47.4141
      vertex -14.4545 -64 -47.4141
      vertex -14.4137 -64 -47.2088
    endloop
  endfacet
  facet normal 0 -1 0
    outer loop
      vertex -17.4782 -64 -47.6123
      vertex -14.4545 -64 -47.4141
      vertex -17.5455 -64 -47.4141
    endloop
  endfacet
  facet normal 0 -1 0
    outer loop
      vertex -17.4782 -64 -47.6123
      vertex -14.5218 -64 -47.6123
      vertex -14.4545 -64 -47.4141
    endloop
  endfacet
  facet normal 0 -1 0
    outer loop
      vertex -17.3856 -64 -47.8
      vertex -14.5218 -64 -47.6123
      vertex -17.4782 -64 -47.6123
    endloop
  endfacet
  facet normal 0 -1 0
    outer loop
      vertex -17.3856 -64 -47.8
      vertex -14.6144 -64 -47.8
      vertex -14.5218 -64 -47.6123
    endloop
  endfacet
  facet normal 0 -1 0
    outer loop
      vertex -17.2694 -64 -47.974
      vertex -14.6144 -64 -47.8
      vertex -17.3856 -64 -47.8
    endloop
  endfacet
  facet normal 0 -1 0
    outer loop
      vertex -17.2694 -64 -47.974
      vertex -14.7306 -64 -47.974
      vertex -14.6144 -64 -47.8
    endloop
  endfacet
  facet normal 0 -1 0
    outer loop
      vertex -17.1314 -64 -48.1314
      vertex -14.7306 -64 -47.974
      vertex -17.2694 -64 -47.974
    endloop
  endfacet
  facet normal 0 -1 0
    outer loop
      vertex -17.1314 -64 -48.1314
      vertex -14.8686 -64 -48.1314
      vertex -14.7306 -64 -47.974
    endloop
  endfacet
  facet normal 0 -1 0
    outer loop
      vertex -16.974 -64 -48.2694
      vertex -14.8686 -64 -48.1314
      vertex -17.1314 -64 -48.1314
    endloop
  endfacet
  facet normal 0 -1 0
    outer loop
      vertex -16.974 -64 -48.2694
      vertex -15.026 -64 -48.2694
      vertex -14.8686 -64 -48.1314
    endloop
  endfacet
  facet normal 0 -1 0
    outer loop
      vertex -16.8 -64 -48.3856
      vertex -15.026 -64 -48.2694
      vertex -16.974 -64 -48.2694
    endloop
  endfacet
  facet normal 0 -1 0
    outer loop
      vertex -16.8 -64 -48.3856
      vertex -15.2 -64 -48.3856
      vertex -15.026 -64 -48.2694
    endloop
  endfacet
  facet normal 0 -1 0
    outer loop
      vertex -16.6123 -64 -48.4782
      vertex -15.2 -64 -48.3856
      vertex -16.8 -64 -48.3856
    endloop
  endfacet
  facet normal 0 -1 0
    outer loop
      vertex -16.6123 -64 -48.4782
      vertex -15.3877 -64 -48.4782
      vertex -15.2 -64 -48.3856
    endloop
  endfacet
  facet normal 0 -1 0
    outer loop
      vertex -16.4141 -64 -48.5455
      vertex -15.3877 -64 -48.4782
      vertex -16.6123 -64 -48.4782
    endloop
  endfacet
  facet normal 0 -1 0
    outer loop
      vertex -16.4141 -64 -48.5455
      vertex -15.5859 -64 -48.5455
      vertex -15.3877 -64 -48.4782
    endloop
  endfacet
  facet normal 0 -1 0
    outer loop
      vertex -16.2088 -64 -48.5863
      vertex -15.5859 -64 -48.5455
      vertex -16.4141 -64 -48.5455
    endloop
  endfacet
  facet normal 0 -1 0
    outer loop
      vertex -16.2088 -64 -48.5863
      vertex -15.7912 -64 -48.5863
      vertex -15.5859 -64 -48.5455
    endloop
  endfacet
  facet normal -0 -1 0
    outer loop
      vertex -15.7912 -64 -48.5863
      vertex -16.2088 -64 -48.5863
      vertex -16 -64 -48.6
    endloop
  endfacet
  facet normal 0.751925 0 -0.659248
    outer loop
      vertex -14.7306 -64 -47.974
      vertex -14.8686 -60 -48.1314
      vertex -14.7306 -60 -47.974
    endloop
  endfacet
  facet normal 0.751925 0 -0.659248
    outer loop
      vertex -14.8686 -60 -48.1314
      vertex -14.7306 -64 -47.974
      vertex -14.8686 -64 -48.1314
    endloop
  endfacet
  facet normal -0.831609 0 0.555362
    outer loop
      vertex -17.3856 -64 -46.2
      vertex -17.2694 -60 -46.026
      vertex -17.3856 -60 -46.2
    endloop
  endfacet
  facet normal -0.831609 0 0.555362
    outer loop
      vertex -17.2694 -60 -46.026
      vertex -17.3856 -64 -46.2
      vertex -17.2694 -64 -46.026
    endloop
  endfacet
  facet normal -0.896803 0 -0.442429
    outer loop
      vertex -17.3856 -64 -47.8
      vertex -17.4782 -60 -47.6123
      vertex -17.3856 -60 -47.8
    endloop
  endfacet
  facet normal -0.896803 -0 -0.442429
    outer loop
      vertex -17.4782 -60 -47.6123
      vertex -17.3856 -64 -47.8
      vertex -17.4782 -64 -47.6123
    endloop
  endfacet
  facet normal 0.194949 0 0.980813
    outer loop
      vertex -7.79116 -60 -45.4137
      vertex -7.58589 -64 -45.4545
      vertex -7.58589 -60 -45.4545
    endloop
  endfacet
  facet normal 0.194949 0 0.980813
    outer loop
      vertex -7.58589 -64 -45.4545
      vertex -7.79116 -60 -45.4137
      vertex -7.79116 -64 -45.4137
    endloop
  endfacet
  facet normal 0.980791 -0 0.195059
    outer loop
      vertex -6.45452 -64 -46.5859
      vertex -6.41369 -60 -46.7912
      vertex -6.45452 -60 -46.5859
    endloop
  endfacet
  facet normal 0.980791 0 0.195059
    outer loop
      vertex -6.41369 -60 -46.7912
      vertex -6.45452 -64 -46.5859
      vertex -6.41369 -64 -46.7912
    endloop
  endfacet
  facet normal 0.997858 -0 0.0654247
    outer loop
      vertex -6.41369 -64 -46.7912
      vertex -6.4 -60 -47
      vertex -6.41369 -60 -46.7912
    endloop
  endfacet
  facet normal 0.997858 0 0.0654247
    outer loop
      vertex -6.4 -60 -47
      vertex -6.41369 -64 -46.7912
      vertex -6.4 -64 -47
    endloop
  endfacet
  facet normal 0.321555 0 0.946891
    outer loop
      vertex -7.58589 -60 -45.4545
      vertex -7.38771 -64 -45.5218
      vertex -7.38771 -60 -45.5218
    endloop
  endfacet
  facet normal 0.321555 0 0.946891
    outer loop
      vertex -7.38771 -64 -45.5218
      vertex -7.58589 -60 -45.4545
      vertex -7.58589 -64 -45.4545
    endloop
  endfacet
  facet normal -0.555318 0 -0.831638
    outer loop
      vertex -8.97402 -64 -48.2694
      vertex -8.8 -60 -48.3856
      vertex -8.8 -64 -48.3856
    endloop
  endfacet
  facet normal -0.555318 0 -0.831638
    outer loop
      vertex -8.8 -60 -48.3856
      vertex -8.97402 -64 -48.2694
      vertex -8.97402 -60 -48.2694
    endloop
  endfacet
  facet normal -0.321555 0 -0.946891
    outer loop
      vertex -8.61229 -64 -48.4782
      vertex -8.41411 -60 -48.5455
      vertex -8.41411 -64 -48.5455
    endloop
  endfacet
  facet normal -0.321555 0 -0.946891
    outer loop
      vertex -8.41411 -60 -48.5455
      vertex -8.61229 -64 -48.4782
      vertex -8.61229 -60 -48.4782
    endloop
  endfacet
  facet normal -0.321555 0 0.946891
    outer loop
      vertex -8.61229 -60 -45.5218
      vertex -8.41411 -64 -45.4545
      vertex -8.41411 -60 -45.4545
    endloop
  endfacet
  facet normal -0.321555 0 0.946891
    outer loop
      vertex -8.41411 -64 -45.4545
      vertex -8.61229 -60 -45.5218
      vertex -8.61229 -64 -45.5218
    endloop
  endfacet
  facet normal 0.751925 -0 0.659248
    outer loop
      vertex -6.86863 -64 -45.8686
      vertex -6.73063 -60 -46.026
      vertex -6.86863 -60 -45.8686
    endloop
  endfacet
  facet normal 0.751925 0 0.659248
    outer loop
      vertex -6.73063 -60 -46.026
      vertex -6.86863 -64 -45.8686
      vertex -6.73063 -64 -46.026
    endloop
  endfacet
  facet normal 0 1 0
    outer loop
      vertex -7.79116 -60 -45.4137
      vertex -8.20884 -60 -45.4137
      vertex -8 -60 -45.4
    endloop
  endfacet
  facet normal 0 1 0
    outer loop
      vertex -7.58589 -60 -45.4545
      vertex -8.20884 -60 -45.4137
      vertex -7.79116 -60 -45.4137
    endloop
  endfacet
  facet normal 0 1 0
    outer loop
      vertex -7.58589 -60 -45.4545
      vertex -8.41411 -60 -45.4545
      vertex -8.20884 -60 -45.4137
    endloop
  endfacet
  facet normal 0 1 0
    outer loop
      vertex -7.38771 -60 -45.5218
      vertex -8.41411 -60 -45.4545
      vertex -7.58589 -60 -45.4545
    endloop
  endfacet
  facet normal 0 1 0
    outer loop
      vertex -7.38771 -60 -45.5218
      vertex -8.61229 -60 -45.5218
      vertex -8.41411 -60 -45.4545
    endloop
  endfacet
  facet normal 0 1 0
    outer loop
      vertex -7.2 -60 -45.6144
      vertex -8.61229 -60 -45.5218
      vertex -7.38771 -60 -45.5218
    endloop
  endfacet
  facet normal 0 1 0
    outer loop
      vertex -7.2 -60 -45.6144
      vertex -8.8 -60 -45.6144
      vertex -8.61229 -60 -45.5218
    endloop
  endfacet
  facet normal 0 1 0
    outer loop
      vertex -7.02598 -60 -45.7306
      vertex -8.8 -60 -45.6144
      vertex -7.2 -60 -45.6144
    endloop
  endfacet
  facet normal 0 1 0
    outer loop
      vertex -7.02598 -60 -45.7306
      vertex -8.97402 -60 -45.7306
      vertex -8.8 -60 -45.6144
    endloop
  endfacet
  facet normal 0 1 0
    outer loop
      vertex -6.86863 -60 -45.8686
      vertex -8.97402 -60 -45.7306
      vertex -7.02598 -60 -45.7306
    endloop
  endfacet
  facet normal 0 1 0
    outer loop
      vertex -6.86863 -60 -45.8686
      vertex -9.13137 -60 -45.8686
      vertex -8.97402 -60 -45.7306
    endloop
  endfacet
  facet normal 0 1 0
    outer loop
      vertex -6.73063 -60 -46.026
      vertex -9.13137 -60 -45.8686
      vertex -6.86863 -60 -45.8686
    endloop
  endfacet
  facet normal 0 1 0
    outer loop
      vertex -6.73063 -60 -46.026
      vertex -9.26937 -60 -46.026
      vertex -9.13137 -60 -45.8686
    endloop
  endfacet
  facet normal 0 1 0
    outer loop
      vertex -6.61436 -60 -46.2
      vertex -9.26937 -60 -46.026
      vertex -6.73063 -60 -46.026
    endloop
  endfacet
  facet normal 0 1 0
    outer loop
      vertex -6.61436 -60 -46.2
      vertex -9.38564 -60 -46.2
      vertex -9.26937 -60 -46.026
    endloop
  endfacet
  facet normal 0 1 0
    outer loop
      vertex -6.52179 -60 -46.3877
      vertex -9.38564 -60 -46.2
      vertex -6.61436 -60 -46.2
    endloop
  endfacet
  facet normal 0 1 0
    outer loop
      vertex -6.52179 -60 -46.3877
      vertex -9.47821 -60 -46.3877
      vertex -9.38564 -60 -46.2
    endloop
  endfacet
  facet normal 0 1 0
    outer loop
      vertex -6.45452 -60 -46.5859
      vertex -9.47821 -60 -46.3877
      vertex -6.52179 -60 -46.3877
    endloop
  endfacet
  facet normal 0 1 0
    outer loop
      vertex -6.45452 -60 -46.5859
      vertex -9.54548 -60 -46.5859
      vertex -9.47821 -60 -46.3877
    endloop
  endfacet
  facet normal 0 1 0
    outer loop
      vertex -6.41369 -60 -46.7912
      vertex -9.54548 -60 -46.5859
      vertex -6.45452 -60 -46.5859
    endloop
  endfacet
  facet normal 0 1 0
    outer loop
      vertex -6.41369 -60 -46.7912
      vertex -9.58631 -60 -46.7912
      vertex -9.54548 -60 -46.5859
    endloop
  endfacet
  facet normal 0 1 0
    outer loop
      vertex -6.4 -60 -47
      vertex -9.58631 -60 -46.7912
      vertex -6.41369 -60 -46.7912
    endloop
  endfacet
  facet normal 0 1 0
    outer loop
      vertex -6.4 -60 -47
      vertex -9.6 -60 -47
      vertex -9.58631 -60 -46.7912
    endloop
  endfacet
  facet normal 0 1 -0
    outer loop
      vertex -6.41369 -60 -47.2088
      vertex -9.6 -60 -47
      vertex -6.4 -60 -47
    endloop
  endfacet
  facet normal 0 1 0
    outer loop
      vertex -6.41369 -60 -47.2088
      vertex -9.58631 -60 -47.2088
      vertex -9.6 -60 -47
    endloop
  endfacet
  facet normal 0 1 -0
    outer loop
      vertex -6.45452 -60 -47.4141
      vertex -9.58631 -60 -47.2088
      vertex -6.41369 -60 -47.2088
    endloop
  endfacet
  facet normal 0 1 0
    outer loop
      vertex -6.45452 -60 -47.4141
      vertex -9.54548 -60 -47.4141
      vertex -9.58631 -60 -47.2088
    endloop
  endfacet
  facet normal 0 1 -0
    outer loop
      vertex -6.52179 -60 -47.6123
      vertex -9.54548 -60 -47.4141
      vertex -6.45452 -60 -47.4141
    endloop
  endfacet
  facet normal 0 1 0
    outer loop
      vertex -6.52179 -60 -47.6123
      vertex -9.47821 -60 -47.6123
      vertex -9.54548 -60 -47.4141
    endloop
  endfacet
  facet normal 0 1 -0
    outer loop
      vertex -6.61436 -60 -47.8
      vertex -9.47821 -60 -47.6123
      vertex -6.52179 -60 -47.6123
    endloop
  endfacet
  facet normal 0 1 0
    outer loop
      vertex -6.61436 -60 -47.8
      vertex -9.38564 -60 -47.8
      vertex -9.47821 -60 -47.6123
    endloop
  endfacet
  facet normal 0 1 -0
    outer loop
      vertex -6.73063 -60 -47.974
      vertex -9.38564 -60 -47.8
      vertex -6.61436 -60 -47.8
    endloop
  endfacet
  facet normal 0 1 0
    outer loop
      vertex -6.73063 -60 -47.974
      vertex -9.26937 -60 -47.974
      vertex -9.38564 -60 -47.8
    endloop
  endfacet
  facet normal 0 1 -0
    outer loop
      vertex -6.86863 -60 -48.1314
      vertex -9.26937 -60 -47.974
      vertex -6.73063 -60 -47.974
    endloop
  endfacet
  facet normal 0 1 0
    outer loop
      vertex -6.86863 -60 -48.1314
      vertex -9.13137 -60 -48.1314
      vertex -9.26937 -60 -47.974
    endloop
  endfacet
  facet normal 0 1 -0
    outer loop
      vertex -7.02598 -60 -48.2694
      vertex -9.13137 -60 -48.1314
      vertex -6.86863 -60 -48.1314
    endloop
  endfacet
  facet normal 0 1 0
    outer loop
      vertex -7.02598 -60 -48.2694
      vertex -8.97402 -60 -48.2694
      vertex -9.13137 -60 -48.1314
    endloop
  endfacet
  facet normal 0 1 -0
    outer loop
      vertex -7.2 -60 -48.3856
      vertex -8.97402 -60 -48.2694
      vertex -7.02598 -60 -48.2694
    endloop
  endfacet
  facet normal 0 1 0
    outer loop
      vertex -7.2 -60 -48.3856
      vertex -8.8 -60 -48.3856
      vertex -8.97402 -60 -48.2694
    endloop
  endfacet
  facet normal 0 1 -0
    outer loop
      vertex -7.38771 -60 -48.4782
      vertex -8.8 -60 -48.3856
      vertex -7.2 -60 -48.3856
    endloop
  endfacet
  facet normal 0 1 0
    outer loop
      vertex -7.38771 -60 -48.4782
      vertex -8.61229 -60 -48.4782
      vertex -8.8 -60 -48.3856
    endloop
  endfacet
  facet normal 0 1 -0
    outer loop
      vertex -7.58589 -60 -48.5455
      vertex -8.61229 -60 -48.4782
      vertex -7.38771 -60 -48.4782
    endloop
  endfacet
  facet normal 0 1 0
    outer loop
      vertex -7.58589 -60 -48.5455
      vertex -8.41411 -60 -48.5455
      vertex -8.61229 -60 -48.4782
    endloop
  endfacet
  facet normal 0 1 -0
    outer loop
      vertex -7.79116 -60 -48.5863
      vertex -8.41411 -60 -48.5455
      vertex -7.58589 -60 -48.5455
    endloop
  endfacet
  facet normal 0 1 0
    outer loop
      vertex -7.79116 -60 -48.5863
      vertex -8.20884 -60 -48.5863
      vertex -8.41411 -60 -48.5455
    endloop
  endfacet
  facet normal -0 1 0
    outer loop
      vertex -8.20884 -60 -48.5863
      vertex -7.79116 -60 -48.5863
      vertex -8 -60 -48.6
    endloop
  endfacet
  facet normal -0.751925 0 -0.659248
    outer loop
      vertex -9.13137 -64 -48.1314
      vertex -9.26937 -60 -47.974
      vertex -9.13137 -60 -48.1314
    endloop
  endfacet
  facet normal -0.751925 -0 -0.659248
    outer loop
      vertex -9.26937 -60 -47.974
      vertex -9.13137 -64 -48.1314
      vertex -9.26937 -64 -47.974
    endloop
  endfacet
  facet normal 0.946944 0 -0.321397
    outer loop
      vertex -6.45452 -64 -47.4141
      vertex -6.52179 -60 -47.6123
      vertex -6.45452 -60 -47.4141
    endloop
  endfacet
  facet normal 0.946944 0 -0.321397
    outer loop
      vertex -6.52179 -60 -47.6123
      vertex -6.45452 -64 -47.4141
      vertex -6.52179 -64 -47.6123
    endloop
  endfacet
  facet normal 0.831454 -0 0.555593
    outer loop
      vertex -6.73063 -64 -46.026
      vertex -6.61436 -60 -46.2
      vertex -6.73063 -60 -46.026
    endloop
  endfacet
  facet normal 0.831454 0 0.555593
    outer loop
      vertex -6.61436 -60 -46.2
      vertex -6.73063 -64 -46.026
      vertex -6.61436 -64 -46.2
    endloop
  endfacet
  facet normal 0.946944 -0 0.321397
    outer loop
      vertex -6.52179 -64 -46.3877
      vertex -6.45452 -60 -46.5859
      vertex -6.52179 -60 -46.3877
    endloop
  endfacet
  facet normal 0.946944 0 0.321397
    outer loop
      vertex -6.45452 -60 -46.5859
      vertex -6.52179 -64 -46.3877
      vertex -6.45452 -64 -46.5859
    endloop
  endfacet
  facet normal 0.980791 0 -0.195059
    outer loop
      vertex -6.41369 -64 -47.2088
      vertex -6.45452 -60 -47.4141
      vertex -6.41369 -60 -47.2088
    endloop
  endfacet
  facet normal 0.980791 0 -0.195059
    outer loop
      vertex -6.45452 -60 -47.4141
      vertex -6.41369 -64 -47.2088
      vertex -6.45452 -64 -47.4141
    endloop
  endfacet
  facet normal 0.659367 0 0.751821
    outer loop
      vertex -7.02598 -60 -45.7306
      vertex -6.86863 -64 -45.8686
      vertex -6.86863 -60 -45.8686
    endloop
  endfacet
  facet normal 0.659367 0 0.751821
    outer loop
      vertex -6.86863 -64 -45.8686
      vertex -7.02598 -60 -45.7306
      vertex -7.02598 -64 -45.7306
    endloop
  endfacet
  facet normal 0.831454 0 -0.555593
    outer loop
      vertex -6.61436 -64 -47.8
      vertex -6.73063 -60 -47.974
      vertex -6.61436 -60 -47.8
    endloop
  endfacet
  facet normal 0.831454 0 -0.555593
    outer loop
      vertex -6.73063 -60 -47.974
      vertex -6.61436 -64 -47.8
      vertex -6.73063 -64 -47.974
    endloop
  endfacet
  facet normal 0.44241 0 0.896813
    outer loop
      vertex -7.38771 -60 -45.5218
      vertex -7.2 -64 -45.6144
      vertex -7.2 -60 -45.6144
    endloop
  endfacet
  facet normal 0.44241 0 0.896813
    outer loop
      vertex -7.2 -64 -45.6144
      vertex -7.38771 -60 -45.5218
      vertex -7.38771 -64 -45.5218
    endloop
  endfacet
  facet normal -0.44241 0 0.896813
    outer loop
      vertex -8.8 -60 -45.6144
      vertex -8.61229 -64 -45.5218
      vertex -8.61229 -60 -45.5218
    endloop
  endfacet
  facet normal -0.44241 0 0.896813
    outer loop
      vertex -8.61229 -64 -45.5218
      vertex -8.8 -60 -45.6144
      vertex -8.8 -64 -45.6144
    endloop
  endfacet
  facet normal 0.89686 -0 0.442314
    outer loop
      vertex -6.61436 -64 -46.2
      vertex -6.52179 -60 -46.3877
      vertex -6.61436 -60 -46.2
    endloop
  endfacet
  facet normal 0.89686 0 0.442314
    outer loop
      vertex -6.52179 -60 -46.3877
      vertex -6.61436 -64 -46.2
      vertex -6.52179 -64 -46.3877
    endloop
  endfacet
  facet normal -0.194949 0 0.980813
    outer loop
      vertex -8.41411 -60 -45.4545
      vertex -8.20884 -64 -45.4137
      vertex -8.20884 -60 -45.4137
    endloop
  endfacet
  facet normal -0.194949 0 0.980813
    outer loop
      vertex -8.20884 -64 -45.4137
      vertex -8.41411 -60 -45.4545
      vertex -8.41411 -64 -45.4545
    endloop
  endfacet
  facet normal -0.555318 0 0.831638
    outer loop
      vertex -8.97402 -60 -45.7306
      vertex -8.8 -64 -45.6144
      vertex -8.8 -60 -45.6144
    endloop
  endfacet
  facet normal -0.555318 0 0.831638
    outer loop
      vertex -8.8 -64 -45.6144
      vertex -8.97402 -60 -45.7306
      vertex -8.97402 -64 -45.7306
    endloop
  endfacet
  facet normal 0.321555 0 -0.946891
    outer loop
      vertex -7.58589 -64 -48.5455
      vertex -7.38771 -60 -48.4782
      vertex -7.38771 -64 -48.4782
    endloop
  endfacet
  facet normal 0.321555 0 -0.946891
    outer loop
      vertex -7.38771 -60 -48.4782
      vertex -7.58589 -64 -48.5455
      vertex -7.58589 -60 -48.5455
    endloop
  endfacet
  facet normal -0.44241 0 -0.896813
    outer loop
      vertex -8.8 -64 -48.3856
      vertex -8.61229 -60 -48.4782
      vertex -8.61229 -64 -48.4782
    endloop
  endfacet
  facet normal -0.44241 0 -0.896813
    outer loop
      vertex -8.61229 -60 -48.4782
      vertex -8.8 -64 -48.3856
      vertex -8.8 -60 -48.3856
    endloop
  endfacet
  facet normal -0.831454 0 -0.555593
    outer loop
      vertex -9.26937 -64 -47.974
      vertex -9.38564 -60 -47.8
      vertex -9.26937 -60 -47.974
    endloop
  endfacet
  facet normal -0.831454 -0 -0.555593
    outer loop
      vertex -9.38564 -60 -47.8
      vertex -9.26937 -64 -47.974
      vertex -9.38564 -64 -47.8
    endloop
  endfacet
  facet normal -0.980791 0 -0.195059
    outer loop
      vertex -9.54548 -64 -47.4141
      vertex -9.58631 -60 -47.2088
      vertex -9.54548 -60 -47.4141
    endloop
  endfacet
  facet normal -0.980791 -0 -0.195059
    outer loop
      vertex -9.58631 -60 -47.2088
      vertex -9.54548 -64 -47.4141
      vertex -9.58631 -64 -47.2088
    endloop
  endfacet
  facet normal 0.44241 0 -0.896813
    outer loop
      vertex -7.38771 -64 -48.4782
      vertex -7.2 -60 -48.3856
      vertex -7.2 -64 -48.3856
    endloop
  endfacet
  facet normal 0.44241 0 -0.896813
    outer loop
      vertex -7.2 -60 -48.3856
      vertex -7.38771 -64 -48.4782
      vertex -7.38771 -60 -48.4782
    endloop
  endfacet
  facet normal 0.555318 0 -0.831638
    outer loop
      vertex -7.2 -64 -48.3856
      vertex -7.02598 -60 -48.2694
      vertex -7.02598 -64 -48.2694
    endloop
  endfacet
  facet normal 0.555318 0 -0.831638
    outer loop
      vertex -7.02598 -60 -48.2694
      vertex -7.2 -64 -48.3856
      vertex -7.2 -60 -48.3856
    endloop
  endfacet
  facet normal -0.997858 0 0.0654247
    outer loop
      vertex -9.6 -64 -47
      vertex -9.58631 -60 -46.7912
      vertex -9.6 -60 -47
    endloop
  endfacet
  facet normal -0.997858 0 0.0654247
    outer loop
      vertex -9.58631 -60 -46.7912
      vertex -9.6 -64 -47
      vertex -9.58631 -64 -46.7912
    endloop
  endfacet
  facet normal -0.997858 0 -0.0654247
    outer loop
      vertex -9.58631 -64 -47.2088
      vertex -9.6 -60 -47
      vertex -9.58631 -60 -47.2088
    endloop
  endfacet
  facet normal -0.997858 -0 -0.0654247
    outer loop
      vertex -9.6 -60 -47
      vertex -9.58631 -64 -47.2088
      vertex -9.6 -64 -47
    endloop
  endfacet
  facet normal 0.89686 0 -0.442314
    outer loop
      vertex -6.52179 -64 -47.6123
      vertex -6.61436 -60 -47.8
      vertex -6.52179 -60 -47.6123
    endloop
  endfacet
  facet normal 0.89686 0 -0.442314
    outer loop
      vertex -6.61436 -60 -47.8
      vertex -6.52179 -64 -47.6123
      vertex -6.61436 -64 -47.8
    endloop
  endfacet
  facet normal -0.946944 0 0.321397
    outer loop
      vertex -9.54548 -64 -46.5859
      vertex -9.47821 -60 -46.3877
      vertex -9.54548 -60 -46.5859
    endloop
  endfacet
  facet normal -0.946944 0 0.321397
    outer loop
      vertex -9.47821 -60 -46.3877
      vertex -9.54548 -64 -46.5859
      vertex -9.47821 -64 -46.3877
    endloop
  endfacet
  facet normal 0.0654598 0 -0.997855
    outer loop
      vertex -8 -64 -48.6
      vertex -7.79116 -60 -48.5863
      vertex -7.79116 -64 -48.5863
    endloop
  endfacet
  facet normal 0.0654598 0 -0.997855
    outer loop
      vertex -7.79116 -60 -48.5863
      vertex -8 -64 -48.6
      vertex -8 -60 -48.6
    endloop
  endfacet
  facet normal -0.659367 0 -0.751821
    outer loop
      vertex -9.13137 -64 -48.1314
      vertex -8.97402 -60 -48.2694
      vertex -8.97402 -64 -48.2694
    endloop
  endfacet
  facet normal -0.659367 0 -0.751821
    outer loop
      vertex -8.97402 -60 -48.2694
      vertex -9.13137 -64 -48.1314
      vertex -9.13137 -60 -48.1314
    endloop
  endfacet
  facet normal 0.659367 0 -0.751821
    outer loop
      vertex -7.02598 -64 -48.2694
      vertex -6.86863 -60 -48.1314
      vertex -6.86863 -64 -48.1314
    endloop
  endfacet
  facet normal 0.659367 0 -0.751821
    outer loop
      vertex -6.86863 -60 -48.1314
      vertex -7.02598 -64 -48.2694
      vertex -7.02598 -60 -48.2694
    endloop
  endfacet
  facet normal 0.0654598 0 0.997855
    outer loop
      vertex -8 -60 -45.4
      vertex -7.79116 -64 -45.4137
      vertex -7.79116 -60 -45.4137
    endloop
  endfacet
  facet normal 0.0654598 0 0.997855
    outer loop
      vertex -7.79116 -64 -45.4137
      vertex -8 -60 -45.4
      vertex -8 -64 -45.4
    endloop
  endfacet
  facet normal -0.89686 0 0.442314
    outer loop
      vertex -9.47821 -64 -46.3877
      vertex -9.38564 -60 -46.2
      vertex -9.47821 -60 -46.3877
    endloop
  endfacet
  facet normal -0.89686 0 0.442314
    outer loop
      vertex -9.38564 -60 -46.2
      vertex -9.47821 -64 -46.3877
      vertex -9.38564 -64 -46.2
    endloop
  endfacet
  facet normal 0.997858 0 -0.0654247
    outer loop
      vertex -6.4 -64 -47
      vertex -6.41369 -60 -47.2088
      vertex -6.4 -60 -47
    endloop
  endfacet
  facet normal 0.997858 0 -0.0654247
    outer loop
      vertex -6.41369 -60 -47.2088
      vertex -6.4 -64 -47
      vertex -6.41369 -64 -47.2088
    endloop
  endfacet
  facet normal 0.194949 0 -0.980813
    outer loop
      vertex -7.79116 -64 -48.5863
      vertex -7.58589 -60 -48.5455
      vertex -7.58589 -64 -48.5455
    endloop
  endfacet
  facet normal 0.194949 0 -0.980813
    outer loop
      vertex -7.58589 -60 -48.5455
      vertex -7.79116 -64 -48.5863
      vertex -7.79116 -60 -48.5863
    endloop
  endfacet
  facet normal -0.659367 0 0.751821
    outer loop
      vertex -9.13137 -60 -45.8686
      vertex -8.97402 -64 -45.7306
      vertex -8.97402 -60 -45.7306
    endloop
  endfacet
  facet normal -0.659367 0 0.751821
    outer loop
      vertex -8.97402 -64 -45.7306
      vertex -9.13137 -60 -45.8686
      vertex -9.13137 -64 -45.8686
    endloop
  endfacet
  facet normal 0.555318 0 0.831638
    outer loop
      vertex -7.2 -60 -45.6144
      vertex -7.02598 -64 -45.7306
      vertex -7.02598 -60 -45.7306
    endloop
  endfacet
  facet normal 0.555318 0 0.831638
    outer loop
      vertex -7.02598 -64 -45.7306
      vertex -7.2 -60 -45.6144
      vertex -7.2 -64 -45.6144
    endloop
  endfacet
  facet normal -0.751925 0 0.659248
    outer loop
      vertex -9.26937 -64 -46.026
      vertex -9.13137 -60 -45.8686
      vertex -9.26937 -60 -46.026
    endloop
  endfacet
  facet normal -0.751925 0 0.659248
    outer loop
      vertex -9.13137 -60 -45.8686
      vertex -9.26937 -64 -46.026
      vertex -9.13137 -64 -45.8686
    endloop
  endfacet
  facet normal -0.0654598 0 0.997855
    outer loop
      vertex -8.20884 -60 -45.4137
      vertex -8 -64 -45.4
      vertex -8 -60 -45.4
    endloop
  endfacet
  facet normal -0.0654598 0 0.997855
    outer loop
      vertex -8 -64 -45.4
      vertex -8.20884 -60 -45.4137
      vertex -8.20884 -64 -45.4137
    endloop
  endfacet
  facet normal -0.194949 0 -0.980813
    outer loop
      vertex -8.41411 -64 -48.5455
      vertex -8.20884 -60 -48.5863
      vertex -8.20884 -64 -48.5863
    endloop
  endfacet
  facet normal -0.194949 0 -0.980813
    outer loop
      vertex -8.20884 -60 -48.5863
      vertex -8.41411 -64 -48.5455
      vertex -8.41411 -60 -48.5455
    endloop
  endfacet
  facet normal -0.980791 0 0.195059
    outer loop
      vertex -9.58631 -64 -46.7912
      vertex -9.54548 -60 -46.5859
      vertex -9.58631 -60 -46.7912
    endloop
  endfacet
  facet normal -0.980791 0 0.195059
    outer loop
      vertex -9.54548 -60 -46.5859
      vertex -9.58631 -64 -46.7912
      vertex -9.54548 -64 -46.5859
    endloop
  endfacet
  facet normal -0.946944 0 -0.321397
    outer loop
      vertex -9.47821 -64 -47.6123
      vertex -9.54548 -60 -47.4141
      vertex -9.47821 -60 -47.6123
    endloop
  endfacet
  facet normal -0.946944 -0 -0.321397
    outer loop
      vertex -9.54548 -60 -47.4141
      vertex -9.47821 -64 -47.6123
      vertex -9.54548 -64 -47.4141
    endloop
  endfacet
  facet normal 0 -1 0
    outer loop
      vertex -8.20884 -64 -45.4137
      vertex -7.79116 -64 -45.4137
      vertex -8 -64 -45.4
    endloop
  endfacet
  facet normal 0 -1 0
    outer loop
      vertex -8.41411 -64 -45.4545
      vertex -7.79116 -64 -45.4137
      vertex -8.20884 -64 -45.4137
    endloop
  endfacet
  facet normal 0 -1 0
    outer loop
      vertex -8.41411 -64 -45.4545
      vertex -7.58589 -64 -45.4545
      vertex -7.79116 -64 -45.4137
    endloop
  endfacet
  facet normal 0 -1 0
    outer loop
      vertex -8.61229 -64 -45.5218
      vertex -7.58589 -64 -45.4545
      vertex -8.41411 -64 -45.4545
    endloop
  endfacet
  facet normal 0 -1 0
    outer loop
      vertex -8.61229 -64 -45.5218
      vertex -7.38771 -64 -45.5218
      vertex -7.58589 -64 -45.4545
    endloop
  endfacet
  facet normal 0 -1 0
    outer loop
      vertex -8.8 -64 -45.6144
      vertex -7.38771 -64 -45.5218
      vertex -8.61229 -64 -45.5218
    endloop
  endfacet
  facet normal 0 -1 0
    outer loop
      vertex -8.8 -64 -45.6144
      vertex -7.2 -64 -45.6144
      vertex -7.38771 -64 -45.5218
    endloop
  endfacet
  facet normal 0 -1 0
    outer loop
      vertex -8.97402 -64 -45.7306
      vertex -7.2 -64 -45.6144
      vertex -8.8 -64 -45.6144
    endloop
  endfacet
  facet normal 0 -1 0
    outer loop
      vertex -8.97402 -64 -45.7306
      vertex -7.02598 -64 -45.7306
      vertex -7.2 -64 -45.6144
    endloop
  endfacet
  facet normal 0 -1 0
    outer loop
      vertex -9.13137 -64 -45.8686
      vertex -7.02598 -64 -45.7306
      vertex -8.97402 -64 -45.7306
    endloop
  endfacet
  facet normal 0 -1 0
    outer loop
      vertex -9.13137 -64 -45.8686
      vertex -6.86863 -64 -45.8686
      vertex -7.02598 -64 -45.7306
    endloop
  endfacet
  facet normal 0 -1 0
    outer loop
      vertex -9.26937 -64 -46.026
      vertex -6.86863 -64 -45.8686
      vertex -9.13137 -64 -45.8686
    endloop
  endfacet
  facet normal 0 -1 0
    outer loop
      vertex -9.26937 -64 -46.026
      vertex -6.73063 -64 -46.026
      vertex -6.86863 -64 -45.8686
    endloop
  endfacet
  facet normal 0 -1 0
    outer loop
      vertex -9.38564 -64 -46.2
      vertex -6.73063 -64 -46.026
      vertex -9.26937 -64 -46.026
    endloop
  endfacet
  facet normal 0 -1 0
    outer loop
      vertex -9.38564 -64 -46.2
      vertex -6.61436 -64 -46.2
      vertex -6.73063 -64 -46.026
    endloop
  endfacet
  facet normal 0 -1 0
    outer loop
      vertex -9.47821 -64 -46.3877
      vertex -6.61436 -64 -46.2
      vertex -9.38564 -64 -46.2
    endloop
  endfacet
  facet normal 0 -1 0
    outer loop
      vertex -9.47821 -64 -46.3877
      vertex -6.52179 -64 -46.3877
      vertex -6.61436 -64 -46.2
    endloop
  endfacet
  facet normal 0 -1 0
    outer loop
      vertex -9.54548 -64 -46.5859
      vertex -6.52179 -64 -46.3877
      vertex -9.47821 -64 -46.3877
    endloop
  endfacet
  facet normal 0 -1 0
    outer loop
      vertex -9.54548 -64 -46.5859
      vertex -6.45452 -64 -46.5859
      vertex -6.52179 -64 -46.3877
    endloop
  endfacet
  facet normal 0 -1 0
    outer loop
      vertex -9.58631 -64 -46.7912
      vertex -6.45452 -64 -46.5859
      vertex -9.54548 -64 -46.5859
    endloop
  endfacet
  facet normal 0 -1 0
    outer loop
      vertex -9.58631 -64 -46.7912
      vertex -6.41369 -64 -46.7912
      vertex -6.45452 -64 -46.5859
    endloop
  endfacet
  facet normal 0 -1 0
    outer loop
      vertex -9.6 -64 -47
      vertex -6.41369 -64 -46.7912
      vertex -9.58631 -64 -46.7912
    endloop
  endfacet
  facet normal 0 -1 0
    outer loop
      vertex -9.6 -64 -47
      vertex -6.4 -64 -47
      vertex -6.41369 -64 -46.7912
    endloop
  endfacet
  facet normal 0 -1 0
    outer loop
      vertex -9.58631 -64 -47.2088
      vertex -6.4 -64 -47
      vertex -9.6 -64 -47
    endloop
  endfacet
  facet normal 0 -1 0
    outer loop
      vertex -9.58631 -64 -47.2088
      vertex -6.41369 -64 -47.2088
      vertex -6.4 -64 -47
    endloop
  endfacet
  facet normal 0 -1 0
    outer loop
      vertex -9.54548 -64 -47.4141
      vertex -6.41369 -64 -47.2088
      vertex -9.58631 -64 -47.2088
    endloop
  endfacet
  facet normal 0 -1 0
    outer loop
      vertex -9.54548 -64 -47.4141
      vertex -6.45452 -64 -47.4141
      vertex -6.41369 -64 -47.2088
    endloop
  endfacet
  facet normal 0 -1 0
    outer loop
      vertex -9.47821 -64 -47.6123
      vertex -6.45452 -64 -47.4141
      vertex -9.54548 -64 -47.4141
    endloop
  endfacet
  facet normal 0 -1 0
    outer loop
      vertex -9.47821 -64 -47.6123
      vertex -6.52179 -64 -47.6123
      vertex -6.45452 -64 -47.4141
    endloop
  endfacet
  facet normal 0 -1 0
    outer loop
      vertex -9.38564 -64 -47.8
      vertex -6.52179 -64 -47.6123
      vertex -9.47821 -64 -47.6123
    endloop
  endfacet
  facet normal 0 -1 0
    outer loop
      vertex -9.38564 -64 -47.8
      vertex -6.61436 -64 -47.8
      vertex -6.52179 -64 -47.6123
    endloop
  endfacet
  facet normal 0 -1 0
    outer loop
      vertex -9.26937 -64 -47.974
      vertex -6.61436 -64 -47.8
      vertex -9.38564 -64 -47.8
    endloop
  endfacet
  facet normal 0 -1 0
    outer loop
      vertex -9.26937 -64 -47.974
      vertex -6.73063 -64 -47.974
      vertex -6.61436 -64 -47.8
    endloop
  endfacet
  facet normal 0 -1 0
    outer loop
      vertex -9.13137 -64 -48.1314
      vertex -6.73063 -64 -47.974
      vertex -9.26937 -64 -47.974
    endloop
  endfacet
  facet normal 0 -1 0
    outer loop
      vertex -9.13137 -64 -48.1314
      vertex -6.86863 -64 -48.1314
      vertex -6.73063 -64 -47.974
    endloop
  endfacet
  facet normal 0 -1 0
    outer loop
      vertex -8.97402 -64 -48.2694
      vertex -6.86863 -64 -48.1314
      vertex -9.13137 -64 -48.1314
    endloop
  endfacet
  facet normal 0 -1 0
    outer loop
      vertex -8.97402 -64 -48.2694
      vertex -7.02598 -64 -48.2694
      vertex -6.86863 -64 -48.1314
    endloop
  endfacet
  facet normal 0 -1 0
    outer loop
      vertex -8.8 -64 -48.3856
      vertex -7.02598 -64 -48.2694
      vertex -8.97402 -64 -48.2694
    endloop
  endfacet
  facet normal 0 -1 0
    outer loop
      vertex -8.8 -64 -48.3856
      vertex -7.2 -64 -48.3856
      vertex -7.02598 -64 -48.2694
    endloop
  endfacet
  facet normal 0 -1 0
    outer loop
      vertex -8.61229 -64 -48.4782
      vertex -7.2 -64 -48.3856
      vertex -8.8 -64 -48.3856
    endloop
  endfacet
  facet normal 0 -1 0
    outer loop
      vertex -8.61229 -64 -48.4782
      vertex -7.38771 -64 -48.4782
      vertex -7.2 -64 -48.3856
    endloop
  endfacet
  facet normal 0 -1 0
    outer loop
      vertex -8.41411 -64 -48.5455
      vertex -7.38771 -64 -48.4782
      vertex -8.61229 -64 -48.4782
    endloop
  endfacet
  facet normal 0 -1 0
    outer loop
      vertex -8.41411 -64 -48.5455
      vertex -7.58589 -64 -48.5455
      vertex -7.38771 -64 -48.4782
    endloop
  endfacet
  facet normal 0 -1 0
    outer loop
      vertex -8.20884 -64 -48.5863
      vertex -7.58589 -64 -48.5455
      vertex -8.41411 -64 -48.5455
    endloop
  endfacet
  facet normal 0 -1 0
    outer loop
      vertex -8.20884 -64 -48.5863
      vertex -7.79116 -64 -48.5863
      vertex -7.58589 -64 -48.5455
    endloop
  endfacet
  facet normal -0 -1 0
    outer loop
      vertex -7.79116 -64 -48.5863
      vertex -8.20884 -64 -48.5863
      vertex -8 -64 -48.6
    endloop
  endfacet
  facet normal -0.0654598 0 -0.997855
    outer loop
      vertex -8.20884 -64 -48.5863
      vertex -8 -60 -48.6
      vertex -8 -64 -48.6
    endloop
  endfacet
  facet normal -0.0654598 0 -0.997855
    outer loop
      vertex -8 -60 -48.6
      vertex -8.20884 -64 -48.5863
      vertex -8.20884 -60 -48.5863
    endloop
  endfacet
  facet normal 0.751925 0 -0.659248
    outer loop
      vertex -6.73063 -64 -47.974
      vertex -6.86863 -60 -48.1314
      vertex -6.73063 -60 -47.974
    endloop
  endfacet
  facet normal 0.751925 0 -0.659248
    outer loop
      vertex -6.86863 -60 -48.1314
      vertex -6.73063 -64 -47.974
      vertex -6.86863 -64 -48.1314
    endloop
  endfacet
  facet normal -0.831454 0 0.555593
    outer loop
      vertex -9.38564 -64 -46.2
      vertex -9.26937 -60 -46.026
      vertex -9.38564 -60 -46.2
    endloop
  endfacet
  facet normal -0.831454 0 0.555593
    outer loop
      vertex -9.26937 -60 -46.026
      vertex -9.38564 -64 -46.2
      vertex -9.26937 -64 -46.026
    endloop
  endfacet
  facet normal -0.89686 0 -0.442314
    outer loop
      vertex -9.38564 -64 -47.8
      vertex -9.47821 -60 -47.6123
      vertex -9.38564 -60 -47.8
    endloop
  endfacet
  facet normal -0.89686 -0 -0.442314
    outer loop
      vertex -9.47821 -60 -47.6123
      vertex -9.38564 -64 -47.8
      vertex -9.47821 -64 -47.6123
    endloop
  endfacet
  facet normal 0.19495 0 0.980813
    outer loop
      vertex 0.208841 -60 -45.4137
      vertex 0.41411 -64 -45.4545
      vertex 0.41411 -60 -45.4545
    endloop
  endfacet
  facet normal 0.19495 0 0.980813
    outer loop
      vertex 0.41411 -64 -45.4545
      vertex 0.208841 -60 -45.4137
      vertex 0.208841 -64 -45.4137
    endloop
  endfacet
  facet normal 0.980791 -0 0.195059
    outer loop
      vertex 1.54548 -64 -46.5859
      vertex 1.58631 -60 -46.7912
      vertex 1.54548 -60 -46.5859
    endloop
  endfacet
  facet normal 0.980791 0 0.195059
    outer loop
      vertex 1.58631 -60 -46.7912
      vertex 1.54548 -64 -46.5859
      vertex 1.58631 -64 -46.7912
    endloop
  endfacet
  facet normal 0.997858 -0 0.0654247
    outer loop
      vertex 1.58631 -64 -46.7912
      vertex 1.6 -60 -47
      vertex 1.58631 -60 -46.7912
    endloop
  endfacet
  facet normal 0.997858 0 0.0654247
    outer loop
      vertex 1.6 -60 -47
      vertex 1.58631 -64 -46.7912
      vertex 1.6 -64 -47
    endloop
  endfacet
  facet normal 0.321551 0 0.946892
    outer loop
      vertex 0.41411 -60 -45.4545
      vertex 0.612293 -64 -45.5218
      vertex 0.612293 -60 -45.5218
    endloop
  endfacet
  facet normal 0.321551 0 0.946892
    outer loop
      vertex 0.612293 -64 -45.5218
      vertex 0.41411 -60 -45.4545
      vertex 0.41411 -64 -45.4545
    endloop
  endfacet
  facet normal -0.55532 0 -0.831637
    outer loop
      vertex -0.974018 -64 -48.2694
      vertex -0.799999 -60 -48.3856
      vertex -0.799999 -64 -48.3856
    endloop
  endfacet
  facet normal -0.55532 0 -0.831637
    outer loop
      vertex -0.799999 -60 -48.3856
      vertex -0.974018 -64 -48.2694
      vertex -0.974018 -60 -48.2694
    endloop
  endfacet
  facet normal -0.321551 0 -0.946892
    outer loop
      vertex -0.612293 -64 -48.4782
      vertex -0.41411 -60 -48.5455
      vertex -0.41411 -64 -48.5455
    endloop
  endfacet
  facet normal -0.321551 0 -0.946892
    outer loop
      vertex -0.41411 -60 -48.5455
      vertex -0.612293 -64 -48.4782
      vertex -0.612293 -60 -48.4782
    endloop
  endfacet
  facet normal -0.321551 0 0.946892
    outer loop
      vertex -0.612293 -60 -45.5218
      vertex -0.41411 -64 -45.4545
      vertex -0.41411 -60 -45.4545
    endloop
  endfacet
  facet normal -0.321551 0 0.946892
    outer loop
      vertex -0.41411 -64 -45.4545
      vertex -0.612293 -60 -45.5218
      vertex -0.612293 -64 -45.5218
    endloop
  endfacet
  facet normal 0.751925 -0 0.659248
    outer loop
      vertex 1.13137 -64 -45.8686
      vertex 1.26937 -60 -46.026
      vertex 1.13137 -60 -45.8686
    endloop
  endfacet
  facet normal 0.751925 0 0.659248
    outer loop
      vertex 1.26937 -60 -46.026
      vertex 1.13137 -64 -45.8686
      vertex 1.26937 -64 -46.026
    endloop
  endfacet
  facet normal 0 1 0
    outer loop
      vertex 0.208841 -60 -45.4137
      vertex -0.208841 -60 -45.4137
      vertex 0 -60 -45.4
    endloop
  endfacet
  facet normal 0 1 0
    outer loop
      vertex 0.41411 -60 -45.4545
      vertex -0.208841 -60 -45.4137
      vertex 0.208841 -60 -45.4137
    endloop
  endfacet
  facet normal 0 1 0
    outer loop
      vertex 0.41411 -60 -45.4545
      vertex -0.41411 -60 -45.4545
      vertex -0.208841 -60 -45.4137
    endloop
  endfacet
  facet normal 0 1 0
    outer loop
      vertex 0.612293 -60 -45.5218
      vertex -0.41411 -60 -45.4545
      vertex 0.41411 -60 -45.4545
    endloop
  endfacet
  facet normal 0 1 0
    outer loop
      vertex 0.612293 -60 -45.5218
      vertex -0.612293 -60 -45.5218
      vertex -0.41411 -60 -45.4545
    endloop
  endfacet
  facet normal 0 1 0
    outer loop
      vertex 0.799999 -60 -45.6144
      vertex -0.612293 -60 -45.5218
      vertex 0.612293 -60 -45.5218
    endloop
  endfacet
  facet normal 0 1 0
    outer loop
      vertex 0.799999 -60 -45.6144
      vertex -0.799999 -60 -45.6144
      vertex -0.612293 -60 -45.5218
    endloop
  endfacet
  facet normal 0 1 0
    outer loop
      vertex 0.974018 -60 -45.7306
      vertex -0.799999 -60 -45.6144
      vertex 0.799999 -60 -45.6144
    endloop
  endfacet
  facet normal 0 1 0
    outer loop
      vertex 0.974018 -60 -45.7306
      vertex -0.974018 -60 -45.7306
      vertex -0.799999 -60 -45.6144
    endloop
  endfacet
  facet normal 0 1 0
    outer loop
      vertex 1.13137 -60 -45.8686
      vertex -0.974018 -60 -45.7306
      vertex 0.974018 -60 -45.7306
    endloop
  endfacet
  facet normal 0 1 0
    outer loop
      vertex 1.13137 -60 -45.8686
      vertex -1.13137 -60 -45.8686
      vertex -0.974018 -60 -45.7306
    endloop
  endfacet
  facet normal 0 1 0
    outer loop
      vertex 1.26937 -60 -46.026
      vertex -1.13137 -60 -45.8686
      vertex 1.13137 -60 -45.8686
    endloop
  endfacet
  facet normal 0 1 0
    outer loop
      vertex 1.26937 -60 -46.026
      vertex -1.26937 -60 -46.026
      vertex -1.13137 -60 -45.8686
    endloop
  endfacet
  facet normal 0 1 0
    outer loop
      vertex 1.38564 -60 -46.2
      vertex -1.26937 -60 -46.026
      vertex 1.26937 -60 -46.026
    endloop
  endfacet
  facet normal 0 1 0
    outer loop
      vertex 1.38564 -60 -46.2
      vertex -1.38564 -60 -46.2
      vertex -1.26937 -60 -46.026
    endloop
  endfacet
  facet normal 0 1 0
    outer loop
      vertex 1.47821 -60 -46.3877
      vertex -1.38564 -60 -46.2
      vertex 1.38564 -60 -46.2
    endloop
  endfacet
  facet normal 0 1 0
    outer loop
      vertex 1.47821 -60 -46.3877
      vertex -1.47821 -60 -46.3877
      vertex -1.38564 -60 -46.2
    endloop
  endfacet
  facet normal 0 1 0
    outer loop
      vertex 1.54548 -60 -46.5859
      vertex -1.47821 -60 -46.3877
      vertex 1.47821 -60 -46.3877
    endloop
  endfacet
  facet normal 0 1 0
    outer loop
      vertex 1.54548 -60 -46.5859
      vertex -1.54548 -60 -46.5859
      vertex -1.47821 -60 -46.3877
    endloop
  endfacet
  facet normal 0 1 0
    outer loop
      vertex 1.58631 -60 -46.7912
      vertex -1.54548 -60 -46.5859
      vertex 1.54548 -60 -46.5859
    endloop
  endfacet
  facet normal 0 1 0
    outer loop
      vertex 1.58631 -60 -46.7912
      vertex -1.58631 -60 -46.7912
      vertex -1.54548 -60 -46.5859
    endloop
  endfacet
  facet normal 0 1 0
    outer loop
      vertex 1.6 -60 -47
      vertex -1.58631 -60 -46.7912
      vertex 1.58631 -60 -46.7912
    endloop
  endfacet
  facet normal 0 1 0
    outer loop
      vertex 1.6 -60 -47
      vertex -1.6 -60 -47
      vertex -1.58631 -60 -46.7912
    endloop
  endfacet
  facet normal 0 1 -0
    outer loop
      vertex 1.58631 -60 -47.2088
      vertex -1.6 -60 -47
      vertex 1.6 -60 -47
    endloop
  endfacet
  facet normal 0 1 0
    outer loop
      vertex 1.58631 -60 -47.2088
      vertex -1.58631 -60 -47.2088
      vertex -1.6 -60 -47
    endloop
  endfacet
  facet normal 0 1 -0
    outer loop
      vertex 1.54548 -60 -47.4141
      vertex -1.58631 -60 -47.2088
      vertex 1.58631 -60 -47.2088
    endloop
  endfacet
  facet normal 0 1 0
    outer loop
      vertex 1.54548 -60 -47.4141
      vertex -1.54548 -60 -47.4141
      vertex -1.58631 -60 -47.2088
    endloop
  endfacet
  facet normal 0 1 -0
    outer loop
      vertex 1.47821 -60 -47.6123
      vertex -1.54548 -60 -47.4141
      vertex 1.54548 -60 -47.4141
    endloop
  endfacet
  facet normal 0 1 0
    outer loop
      vertex 1.47821 -60 -47.6123
      vertex -1.47821 -60 -47.6123
      vertex -1.54548 -60 -47.4141
    endloop
  endfacet
  facet normal 0 1 -0
    outer loop
      vertex 1.38564 -60 -47.8
      vertex -1.47821 -60 -47.6123
      vertex 1.47821 -60 -47.6123
    endloop
  endfacet
  facet normal 0 1 0
    outer loop
      vertex 1.38564 -60 -47.8
      vertex -1.38564 -60 -47.8
      vertex -1.47821 -60 -47.6123
    endloop
  endfacet
  facet normal 0 1 -0
    outer loop
      vertex 1.26937 -60 -47.974
      vertex -1.38564 -60 -47.8
      vertex 1.38564 -60 -47.8
    endloop
  endfacet
  facet normal 0 1 0
    outer loop
      vertex 1.26937 -60 -47.974
      vertex -1.26937 -60 -47.974
      vertex -1.38564 -60 -47.8
    endloop
  endfacet
  facet normal 0 1 -0
    outer loop
      vertex 1.13137 -60 -48.1314
      vertex -1.26937 -60 -47.974
      vertex 1.26937 -60 -47.974
    endloop
  endfacet
  facet normal 0 1 0
    outer loop
      vertex 1.13137 -60 -48.1314
      vertex -1.13137 -60 -48.1314
      vertex -1.26937 -60 -47.974
    endloop
  endfacet
  facet normal 0 1 -0
    outer loop
      vertex 0.974018 -60 -48.2694
      vertex -1.13137 -60 -48.1314
      vertex 1.13137 -60 -48.1314
    endloop
  endfacet
  facet normal 0 1 0
    outer loop
      vertex 0.974018 -60 -48.2694
      vertex -0.974018 -60 -48.2694
      vertex -1.13137 -60 -48.1314
    endloop
  endfacet
  facet normal 0 1 -0
    outer loop
      vertex 0.799999 -60 -48.3856
      vertex -0.974018 -60 -48.2694
      vertex 0.974018 -60 -48.2694
    endloop
  endfacet
  facet normal 0 1 0
    outer loop
      vertex 0.799999 -60 -48.3856
      vertex -0.799999 -60 -48.3856
      vertex -0.974018 -60 -48.2694
    endloop
  endfacet
  facet normal 0 1 -0
    outer loop
      vertex 0.612293 -60 -48.4782
      vertex -0.799999 -60 -48.3856
      vertex 0.799999 -60 -48.3856
    endloop
  endfacet
  facet normal 0 1 0
    outer loop
      vertex 0.612293 -60 -48.4782
      vertex -0.612293 -60 -48.4782
      vertex -0.799999 -60 -48.3856
    endloop
  endfacet
  facet normal 0 1 -0
    outer loop
      vertex 0.41411 -60 -48.5455
      vertex -0.612293 -60 -48.4782
      vertex 0.612293 -60 -48.4782
    endloop
  endfacet
  facet normal 0 1 0
    outer loop
      vertex 0.41411 -60 -48.5455
      vertex -0.41411 -60 -48.5455
      vertex -0.612293 -60 -48.4782
    endloop
  endfacet
  facet normal 0 1 -0
    outer loop
      vertex 0.208841 -60 -48.5863
      vertex -0.41411 -60 -48.5455
      vertex 0.41411 -60 -48.5455
    endloop
  endfacet
  facet normal 0 1 0
    outer loop
      vertex 0.208841 -60 -48.5863
      vertex -0.208841 -60 -48.5863
      vertex -0.41411 -60 -48.5455
    endloop
  endfacet
  facet normal -0 1 0
    outer loop
      vertex -0.208841 -60 -48.5863
      vertex 0.208841 -60 -48.5863
      vertex 0 -60 -48.6
    endloop
  endfacet
  facet normal -0.751925 0 -0.659248
    outer loop
      vertex -1.13137 -64 -48.1314
      vertex -1.26937 -60 -47.974
      vertex -1.13137 -60 -48.1314
    endloop
  endfacet
  facet normal -0.751925 -0 -0.659248
    outer loop
      vertex -1.26937 -60 -47.974
      vertex -1.13137 -64 -48.1314
      vertex -1.26937 -64 -47.974
    endloop
  endfacet
  facet normal 0.946944 0 -0.321397
    outer loop
      vertex 1.54548 -64 -47.4141
      vertex 1.47821 -60 -47.6123
      vertex 1.54548 -60 -47.4141
    endloop
  endfacet
  facet normal 0.946944 0 -0.321397
    outer loop
      vertex 1.47821 -60 -47.6123
      vertex 1.54548 -64 -47.4141
      vertex 1.47821 -64 -47.6123
    endloop
  endfacet
  facet normal 0.831454 -0 0.555593
    outer loop
      vertex 1.26937 -64 -46.026
      vertex 1.38564 -60 -46.2
      vertex 1.26937 -60 -46.026
    endloop
  endfacet
  facet normal 0.831454 0 0.555593
    outer loop
      vertex 1.38564 -60 -46.2
      vertex 1.26937 -64 -46.026
      vertex 1.38564 -64 -46.2
    endloop
  endfacet
  facet normal 0.946944 -0 0.321397
    outer loop
      vertex 1.47821 -64 -46.3877
      vertex 1.54548 -60 -46.5859
      vertex 1.47821 -60 -46.3877
    endloop
  endfacet
  facet normal 0.946944 0 0.321397
    outer loop
      vertex 1.54548 -60 -46.5859
      vertex 1.47821 -64 -46.3877
      vertex 1.54548 -64 -46.5859
    endloop
  endfacet
  facet normal 0.980791 0 -0.195059
    outer loop
      vertex 1.58631 -64 -47.2088
      vertex 1.54548 -60 -47.4141
      vertex 1.58631 -60 -47.2088
    endloop
  endfacet
  facet normal 0.980791 0 -0.195059
    outer loop
      vertex 1.54548 -60 -47.4141
      vertex 1.58631 -64 -47.2088
      vertex 1.54548 -64 -47.4141
    endloop
  endfacet
  facet normal 0.659362 0 0.751826
    outer loop
      vertex 0.974018 -60 -45.7306
      vertex 1.13137 -64 -45.8686
      vertex 1.13137 -60 -45.8686
    endloop
  endfacet
  facet normal 0.659362 0 0.751826
    outer loop
      vertex 1.13137 -64 -45.8686
      vertex 0.974018 -60 -45.7306
      vertex 0.974018 -64 -45.7306
    endloop
  endfacet
  facet normal 0.831454 0 -0.555593
    outer loop
      vertex 1.38564 -64 -47.8
      vertex 1.26937 -60 -47.974
      vertex 1.38564 -60 -47.8
    endloop
  endfacet
  facet normal 0.831454 0 -0.555593
    outer loop
      vertex 1.26937 -60 -47.974
      vertex 1.38564 -64 -47.8
      vertex 1.26937 -64 -47.974
    endloop
  endfacet
  facet normal 0.442418 0 0.896809
    outer loop
      vertex 0.612293 -60 -45.5218
      vertex 0.799999 -64 -45.6144
      vertex 0.799999 -60 -45.6144
    endloop
  endfacet
  facet normal 0.442418 0 0.896809
    outer loop
      vertex 0.799999 -64 -45.6144
      vertex 0.612293 -60 -45.5218
      vertex 0.612293 -64 -45.5218
    endloop
  endfacet
  facet normal -0.442418 0 0.896809
    outer loop
      vertex -0.799999 -60 -45.6144
      vertex -0.612293 -64 -45.5218
      vertex -0.612293 -60 -45.5218
    endloop
  endfacet
  facet normal -0.442418 0 0.896809
    outer loop
      vertex -0.612293 -64 -45.5218
      vertex -0.799999 -60 -45.6144
      vertex -0.799999 -64 -45.6144
    endloop
  endfacet
  facet normal 0.89686 -0 0.442314
    outer loop
      vertex 1.38564 -64 -46.2
      vertex 1.47821 -60 -46.3877
      vertex 1.38564 -60 -46.2
    endloop
  endfacet
  facet normal 0.89686 0 0.442314
    outer loop
      vertex 1.47821 -60 -46.3877
      vertex 1.38564 -64 -46.2
      vertex 1.47821 -64 -46.3877
    endloop
  endfacet
  facet normal -0.19495 0 0.980813
    outer loop
      vertex -0.41411 -60 -45.4545
      vertex -0.208841 -64 -45.4137
      vertex -0.208841 -60 -45.4137
    endloop
  endfacet
  facet normal -0.19495 0 0.980813
    outer loop
      vertex -0.208841 -64 -45.4137
      vertex -0.41411 -60 -45.4545
      vertex -0.41411 -64 -45.4545
    endloop
  endfacet
  facet normal -0.55532 0 0.831637
    outer loop
      vertex -0.974018 -60 -45.7306
      vertex -0.799999 -64 -45.6144
      vertex -0.799999 -60 -45.6144
    endloop
  endfacet
  facet normal -0.55532 0 0.831637
    outer loop
      vertex -0.799999 -64 -45.6144
      vertex -0.974018 -60 -45.7306
      vertex -0.974018 -64 -45.7306
    endloop
  endfacet
  facet normal 0.321551 0 -0.946892
    outer loop
      vertex 0.41411 -64 -48.5455
      vertex 0.612293 -60 -48.4782
      vertex 0.612293 -64 -48.4782
    endloop
  endfacet
  facet normal 0.321551 0 -0.946892
    outer loop
      vertex 0.612293 -60 -48.4782
      vertex 0.41411 -64 -48.5455
      vertex 0.41411 -60 -48.5455
    endloop
  endfacet
  facet normal -0.442418 0 -0.896809
    outer loop
      vertex -0.799999 -64 -48.3856
      vertex -0.612293 -60 -48.4782
      vertex -0.612293 -64 -48.4782
    endloop
  endfacet
  facet normal -0.442418 0 -0.896809
    outer loop
      vertex -0.612293 -60 -48.4782
      vertex -0.799999 -64 -48.3856
      vertex -0.799999 -60 -48.3856
    endloop
  endfacet
  facet normal -0.831454 0 -0.555593
    outer loop
      vertex -1.26937 -64 -47.974
      vertex -1.38564 -60 -47.8
      vertex -1.26937 -60 -47.974
    endloop
  endfacet
  facet normal -0.831454 -0 -0.555593
    outer loop
      vertex -1.38564 -60 -47.8
      vertex -1.26937 -64 -47.974
      vertex -1.38564 -64 -47.8
    endloop
  endfacet
  facet normal -0.980791 0 -0.195059
    outer loop
      vertex -1.54548 -64 -47.4141
      vertex -1.58631 -60 -47.2088
      vertex -1.54548 -60 -47.4141
    endloop
  endfacet
  facet normal -0.980791 -0 -0.195059
    outer loop
      vertex -1.58631 -60 -47.2088
      vertex -1.54548 -64 -47.4141
      vertex -1.58631 -64 -47.2088
    endloop
  endfacet
  facet normal 0.442418 0 -0.896809
    outer loop
      vertex 0.612293 -64 -48.4782
      vertex 0.799999 -60 -48.3856
      vertex 0.799999 -64 -48.3856
    endloop
  endfacet
  facet normal 0.442418 0 -0.896809
    outer loop
      vertex 0.799999 -60 -48.3856
      vertex 0.612293 -64 -48.4782
      vertex 0.612293 -60 -48.4782
    endloop
  endfacet
  facet normal 0.55532 0 -0.831637
    outer loop
      vertex 0.799999 -64 -48.3856
      vertex 0.974018 -60 -48.2694
      vertex 0.974018 -64 -48.2694
    endloop
  endfacet
  facet normal 0.55532 0 -0.831637
    outer loop
      vertex 0.974018 -60 -48.2694
      vertex 0.799999 -64 -48.3856
      vertex 0.799999 -60 -48.3856
    endloop
  endfacet
  facet normal -0.997858 0 0.0654247
    outer loop
      vertex -1.6 -64 -47
      vertex -1.58631 -60 -46.7912
      vertex -1.6 -60 -47
    endloop
  endfacet
  facet normal -0.997858 0 0.0654247
    outer loop
      vertex -1.58631 -60 -46.7912
      vertex -1.6 -64 -47
      vertex -1.58631 -64 -46.7912
    endloop
  endfacet
  facet normal -0.997858 0 -0.0654247
    outer loop
      vertex -1.58631 -64 -47.2088
      vertex -1.6 -60 -47
      vertex -1.58631 -60 -47.2088
    endloop
  endfacet
  facet normal -0.997858 -0 -0.0654247
    outer loop
      vertex -1.6 -60 -47
      vertex -1.58631 -64 -47.2088
      vertex -1.6 -64 -47
    endloop
  endfacet
  facet normal 0.89686 0 -0.442314
    outer loop
      vertex 1.47821 -64 -47.6123
      vertex 1.38564 -60 -47.8
      vertex 1.47821 -60 -47.6123
    endloop
  endfacet
  facet normal 0.89686 0 -0.442314
    outer loop
      vertex 1.38564 -60 -47.8
      vertex 1.47821 -64 -47.6123
      vertex 1.38564 -64 -47.8
    endloop
  endfacet
  facet normal -0.946944 0 0.321397
    outer loop
      vertex -1.54548 -64 -46.5859
      vertex -1.47821 -60 -46.3877
      vertex -1.54548 -60 -46.5859
    endloop
  endfacet
  facet normal -0.946944 0 0.321397
    outer loop
      vertex -1.47821 -60 -46.3877
      vertex -1.54548 -64 -46.5859
      vertex -1.47821 -64 -46.3877
    endloop
  endfacet
  facet normal 0.0654594 0 -0.997855
    outer loop
      vertex 0 -64 -48.6
      vertex 0.208841 -60 -48.5863
      vertex 0.208841 -64 -48.5863
    endloop
  endfacet
  facet normal 0.0654594 0 -0.997855
    outer loop
      vertex 0.208841 -60 -48.5863
      vertex 0 -64 -48.6
      vertex 0 -60 -48.6
    endloop
  endfacet
  facet normal -0.659362 0 -0.751826
    outer loop
      vertex -1.13137 -64 -48.1314
      vertex -0.974018 -60 -48.2694
      vertex -0.974018 -64 -48.2694
    endloop
  endfacet
  facet normal -0.659362 0 -0.751826
    outer loop
      vertex -0.974018 -60 -48.2694
      vertex -1.13137 -64 -48.1314
      vertex -1.13137 -60 -48.1314
    endloop
  endfacet
  facet normal 0.659362 0 -0.751826
    outer loop
      vertex 0.974018 -64 -48.2694
      vertex 1.13137 -60 -48.1314
      vertex 1.13137 -64 -48.1314
    endloop
  endfacet
  facet normal 0.659362 0 -0.751826
    outer loop
      vertex 1.13137 -60 -48.1314
      vertex 0.974018 -64 -48.2694
      vertex 0.974018 -60 -48.2694
    endloop
  endfacet
  facet normal 0.0654594 0 0.997855
    outer loop
      vertex 0 -60 -45.4
      vertex 0.208841 -64 -45.4137
      vertex 0.208841 -60 -45.4137
    endloop
  endfacet
  facet normal 0.0654594 0 0.997855
    outer loop
      vertex 0.208841 -64 -45.4137
      vertex 0 -60 -45.4
      vertex 0 -64 -45.4
    endloop
  endfacet
  facet normal -0.89686 0 0.442314
    outer loop
      vertex -1.47821 -64 -46.3877
      vertex -1.38564 -60 -46.2
      vertex -1.47821 -60 -46.3877
    endloop
  endfacet
  facet normal -0.89686 0 0.442314
    outer loop
      vertex -1.38564 -60 -46.2
      vertex -1.47821 -64 -46.3877
      vertex -1.38564 -64 -46.2
    endloop
  endfacet
  facet normal 0.997858 0 -0.0654247
    outer loop
      vertex 1.6 -64 -47
      vertex 1.58631 -60 -47.2088
      vertex 1.6 -60 -47
    endloop
  endfacet
  facet normal 0.997858 0 -0.0654247
    outer loop
      vertex 1.58631 -60 -47.2088
      vertex 1.6 -64 -47
      vertex 1.58631 -64 -47.2088
    endloop
  endfacet
  facet normal 0.19495 0 -0.980813
    outer loop
      vertex 0.208841 -64 -48.5863
      vertex 0.41411 -60 -48.5455
      vertex 0.41411 -64 -48.5455
    endloop
  endfacet
  facet normal 0.19495 0 -0.980813
    outer loop
      vertex 0.41411 -60 -48.5455
      vertex 0.208841 -64 -48.5863
      vertex 0.208841 -60 -48.5863
    endloop
  endfacet
  facet normal -0.659362 0 0.751826
    outer loop
      vertex -1.13137 -60 -45.8686
      vertex -0.974018 -64 -45.7306
      vertex -0.974018 -60 -45.7306
    endloop
  endfacet
  facet normal -0.659362 0 0.751826
    outer loop
      vertex -0.974018 -64 -45.7306
      vertex -1.13137 -60 -45.8686
      vertex -1.13137 -64 -45.8686
    endloop
  endfacet
  facet normal 0.55532 0 0.831637
    outer loop
      vertex 0.799999 -60 -45.6144
      vertex 0.974018 -64 -45.7306
      vertex 0.974018 -60 -45.7306
    endloop
  endfacet
  facet normal 0.55532 0 0.831637
    outer loop
      vertex 0.974018 -64 -45.7306
      vertex 0.799999 -60 -45.6144
      vertex 0.799999 -64 -45.6144
    endloop
  endfacet
  facet normal -0.751925 0 0.659248
    outer loop
      vertex -1.26937 -64 -46.026
      vertex -1.13137 -60 -45.8686
      vertex -1.26937 -60 -46.026
    endloop
  endfacet
  facet normal -0.751925 0 0.659248
    outer loop
      vertex -1.13137 -60 -45.8686
      vertex -1.26937 -64 -46.026
      vertex -1.13137 -64 -45.8686
    endloop
  endfacet
  facet normal -0.0654594 0 0.997855
    outer loop
      vertex -0.208841 -60 -45.4137
      vertex 0 -64 -45.4
      vertex 0 -60 -45.4
    endloop
  endfacet
  facet normal -0.0654594 0 0.997855
    outer loop
      vertex 0 -64 -45.4
      vertex -0.208841 -60 -45.4137
      vertex -0.208841 -64 -45.4137
    endloop
  endfacet
  facet normal -0.19495 0 -0.980813
    outer loop
      vertex -0.41411 -64 -48.5455
      vertex -0.208841 -60 -48.5863
      vertex -0.208841 -64 -48.5863
    endloop
  endfacet
  facet normal -0.19495 0 -0.980813
    outer loop
      vertex -0.208841 -60 -48.5863
      vertex -0.41411 -64 -48.5455
      vertex -0.41411 -60 -48.5455
    endloop
  endfacet
  facet normal -0.980791 0 0.195059
    outer loop
      vertex -1.58631 -64 -46.7912
      vertex -1.54548 -60 -46.5859
      vertex -1.58631 -60 -46.7912
    endloop
  endfacet
  facet normal -0.980791 0 0.195059
    outer loop
      vertex -1.54548 -60 -46.5859
      vertex -1.58631 -64 -46.7912
      vertex -1.54548 -64 -46.5859
    endloop
  endfacet
  facet normal -0.946944 0 -0.321397
    outer loop
      vertex -1.47821 -64 -47.6123
      vertex -1.54548 -60 -47.4141
      vertex -1.47821 -60 -47.6123
    endloop
  endfacet
  facet normal -0.946944 -0 -0.321397
    outer loop
      vertex -1.54548 -60 -47.4141
      vertex -1.47821 -64 -47.6123
      vertex -1.54548 -64 -47.4141
    endloop
  endfacet
  facet normal 0 -1 0
    outer loop
      vertex -0.208841 -64 -45.4137
      vertex 0.208841 -64 -45.4137
      vertex 0 -64 -45.4
    endloop
  endfacet
  facet normal 0 -1 0
    outer loop
      vertex -0.41411 -64 -45.4545
      vertex 0.208841 -64 -45.4137
      vertex -0.208841 -64 -45.4137
    endloop
  endfacet
  facet normal 0 -1 0
    outer loop
      vertex -0.41411 -64 -45.4545
      vertex 0.41411 -64 -45.4545
      vertex 0.208841 -64 -45.4137
    endloop
  endfacet
  facet normal 0 -1 0
    outer loop
      vertex -0.612293 -64 -45.5218
      vertex 0.41411 -64 -45.4545
      vertex -0.41411 -64 -45.4545
    endloop
  endfacet
  facet normal 0 -1 0
    outer loop
      vertex -0.612293 -64 -45.5218
      vertex 0.612293 -64 -45.5218
      vertex 0.41411 -64 -45.4545
    endloop
  endfacet
  facet normal 0 -1 0
    outer loop
      vertex -0.799999 -64 -45.6144
      vertex 0.612293 -64 -45.5218
      vertex -0.612293 -64 -45.5218
    endloop
  endfacet
  facet normal 0 -1 0
    outer loop
      vertex -0.799999 -64 -45.6144
      vertex 0.799999 -64 -45.6144
      vertex 0.612293 -64 -45.5218
    endloop
  endfacet
  facet normal 0 -1 0
    outer loop
      vertex -0.974018 -64 -45.7306
      vertex 0.799999 -64 -45.6144
      vertex -0.799999 -64 -45.6144
    endloop
  endfacet
  facet normal 0 -1 0
    outer loop
      vertex -0.974018 -64 -45.7306
      vertex 0.974018 -64 -45.7306
      vertex 0.799999 -64 -45.6144
    endloop
  endfacet
  facet normal 0 -1 0
    outer loop
      vertex -1.13137 -64 -45.8686
      vertex 0.974018 -64 -45.7306
      vertex -0.974018 -64 -45.7306
    endloop
  endfacet
  facet normal 0 -1 0
    outer loop
      vertex -1.13137 -64 -45.8686
      vertex 1.13137 -64 -45.8686
      vertex 0.974018 -64 -45.7306
    endloop
  endfacet
  facet normal 0 -1 0
    outer loop
      vertex -1.26937 -64 -46.026
      vertex 1.13137 -64 -45.8686
      vertex -1.13137 -64 -45.8686
    endloop
  endfacet
  facet normal 0 -1 0
    outer loop
      vertex -1.26937 -64 -46.026
      vertex 1.26937 -64 -46.026
      vertex 1.13137 -64 -45.8686
    endloop
  endfacet
  facet normal 0 -1 0
    outer loop
      vertex -1.38564 -64 -46.2
      vertex 1.26937 -64 -46.026
      vertex -1.26937 -64 -46.026
    endloop
  endfacet
  facet normal 0 -1 0
    outer loop
      vertex -1.38564 -64 -46.2
      vertex 1.38564 -64 -46.2
      vertex 1.26937 -64 -46.026
    endloop
  endfacet
  facet normal 0 -1 0
    outer loop
      vertex -1.47821 -64 -46.3877
      vertex 1.38564 -64 -46.2
      vertex -1.38564 -64 -46.2
    endloop
  endfacet
  facet normal 0 -1 0
    outer loop
      vertex -1.47821 -64 -46.3877
      vertex 1.47821 -64 -46.3877
      vertex 1.38564 -64 -46.2
    endloop
  endfacet
  facet normal 0 -1 0
    outer loop
      vertex -1.54548 -64 -46.5859
      vertex 1.47821 -64 -46.3877
      vertex -1.47821 -64 -46.3877
    endloop
  endfacet
  facet normal 0 -1 0
    outer loop
      vertex -1.54548 -64 -46.5859
      vertex 1.54548 -64 -46.5859
      vertex 1.47821 -64 -46.3877
    endloop
  endfacet
  facet normal 0 -1 0
    outer loop
      vertex -1.58631 -64 -46.7912
      vertex 1.54548 -64 -46.5859
      vertex -1.54548 -64 -46.5859
    endloop
  endfacet
  facet normal 0 -1 0
    outer loop
      vertex -1.58631 -64 -46.7912
      vertex 1.58631 -64 -46.7912
      vertex 1.54548 -64 -46.5859
    endloop
  endfacet
  facet normal 0 -1 0
    outer loop
      vertex -1.6 -64 -47
      vertex 1.58631 -64 -46.7912
      vertex -1.58631 -64 -46.7912
    endloop
  endfacet
  facet normal 0 -1 0
    outer loop
      vertex -1.6 -64 -47
      vertex 1.6 -64 -47
      vertex 1.58631 -64 -46.7912
    endloop
  endfacet
  facet normal 0 -1 0
    outer loop
      vertex -1.58631 -64 -47.2088
      vertex 1.6 -64 -47
      vertex -1.6 -64 -47
    endloop
  endfacet
  facet normal 0 -1 0
    outer loop
      vertex -1.58631 -64 -47.2088
      vertex 1.58631 -64 -47.2088
      vertex 1.6 -64 -47
    endloop
  endfacet
  facet normal 0 -1 0
    outer loop
      vertex -1.54548 -64 -47.4141
      vertex 1.58631 -64 -47.2088
      vertex -1.58631 -64 -47.2088
    endloop
  endfacet
  facet normal 0 -1 0
    outer loop
      vertex -1.54548 -64 -47.4141
      vertex 1.54548 -64 -47.4141
      vertex 1.58631 -64 -47.2088
    endloop
  endfacet
  facet normal 0 -1 0
    outer loop
      vertex -1.47821 -64 -47.6123
      vertex 1.54548 -64 -47.4141
      vertex -1.54548 -64 -47.4141
    endloop
  endfacet
  facet normal 0 -1 0
    outer loop
      vertex -1.47821 -64 -47.6123
      vertex 1.47821 -64 -47.6123
      vertex 1.54548 -64 -47.4141
    endloop
  endfacet
  facet normal 0 -1 0
    outer loop
      vertex -1.38564 -64 -47.8
      vertex 1.47821 -64 -47.6123
      vertex -1.47821 -64 -47.6123
    endloop
  endfacet
  facet normal 0 -1 0
    outer loop
      vertex -1.38564 -64 -47.8
      vertex 1.38564 -64 -47.8
      vertex 1.47821 -64 -47.6123
    endloop
  endfacet
  facet normal 0 -1 0
    outer loop
      vertex -1.26937 -64 -47.974
      vertex 1.38564 -64 -47.8
      vertex -1.38564 -64 -47.8
    endloop
  endfacet
  facet normal 0 -1 0
    outer loop
      vertex -1.26937 -64 -47.974
      vertex 1.26937 -64 -47.974
      vertex 1.38564 -64 -47.8
    endloop
  endfacet
  facet normal 0 -1 0
    outer loop
      vertex -1.13137 -64 -48.1314
      vertex 1.26937 -64 -47.974
      vertex -1.26937 -64 -47.974
    endloop
  endfacet
  facet normal 0 -1 0
    outer loop
      vertex -1.13137 -64 -48.1314
      vertex 1.13137 -64 -48.1314
      vertex 1.26937 -64 -47.974
    endloop
  endfacet
  facet normal 0 -1 0
    outer loop
      vertex -0.974018 -64 -48.2694
      vertex 1.13137 -64 -48.1314
      vertex -1.13137 -64 -48.1314
    endloop
  endfacet
  facet normal 0 -1 0
    outer loop
      vertex -0.974018 -64 -48.2694
      vertex 0.974018 -64 -48.2694
      vertex 1.13137 -64 -48.1314
    endloop
  endfacet
  facet normal 0 -1 0
    outer loop
      vertex -0.799999 -64 -48.3856
      vertex 0.974018 -64 -48.2694
      vertex -0.974018 -64 -48.2694
    endloop
  endfacet
  facet normal 0 -1 0
    outer loop
      vertex -0.799999 -64 -48.3856
      vertex 0.799999 -64 -48.3856
      vertex 0.974018 -64 -48.2694
    endloop
  endfacet
  facet normal 0 -1 0
    outer loop
      vertex -0.612293 -64 -48.4782
      vertex 0.799999 -64 -48.3856
      vertex -0.799999 -64 -48.3856
    endloop
  endfacet
  facet normal 0 -1 0
    outer loop
      vertex -0.612293 -64 -48.4782
      vertex 0.612293 -64 -48.4782
      vertex 0.799999 -64 -48.3856
    endloop
  endfacet
  facet normal 0 -1 0
    outer loop
      vertex -0.41411 -64 -48.5455
      vertex 0.612293 -64 -48.4782
      vertex -0.612293 -64 -48.4782
    endloop
  endfacet
  facet normal 0 -1 0
    outer loop
      vertex -0.41411 -64 -48.5455
      vertex 0.41411 -64 -48.5455
      vertex 0.612293 -64 -48.4782
    endloop
  endfacet
  facet normal 0 -1 0
    outer loop
      vertex -0.208841 -64 -48.5863
      vertex 0.41411 -64 -48.5455
      vertex -0.41411 -64 -48.5455
    endloop
  endfacet
  facet normal 0 -1 0
    outer loop
      vertex -0.208841 -64 -48.5863
      vertex 0.208841 -64 -48.5863
      vertex 0.41411 -64 -48.5455
    endloop
  endfacet
  facet normal -0 -1 0
    outer loop
      vertex 0.208841 -64 -48.5863
      vertex -0.208841 -64 -48.5863
      vertex 0 -64 -48.6
    endloop
  endfacet
  facet normal -0.0654594 0 -0.997855
    outer loop
      vertex -0.208841 -64 -48.5863
      vertex 0 -60 -48.6
      vertex 0 -64 -48.6
    endloop
  endfacet
  facet normal -0.0654594 0 -0.997855
    outer loop
      vertex 0 -60 -48.6
      vertex -0.208841 -64 -48.5863
      vertex -0.208841 -60 -48.5863
    endloop
  endfacet
  facet normal 0.751925 0 -0.659248
    outer loop
      vertex 1.26937 -64 -47.974
      vertex 1.13137 -60 -48.1314
      vertex 1.26937 -60 -47.974
    endloop
  endfacet
  facet normal 0.751925 0 -0.659248
    outer loop
      vertex 1.13137 -60 -48.1314
      vertex 1.26937 -64 -47.974
      vertex 1.13137 -64 -48.1314
    endloop
  endfacet
  facet normal -0.831454 0 0.555593
    outer loop
      vertex -1.38564 -64 -46.2
      vertex -1.26937 -60 -46.026
      vertex -1.38564 -60 -46.2
    endloop
  endfacet
  facet normal -0.831454 0 0.555593
    outer loop
      vertex -1.26937 -60 -46.026
      vertex -1.38564 -64 -46.2
      vertex -1.26937 -64 -46.026
    endloop
  endfacet
  facet normal -0.89686 0 -0.442314
    outer loop
      vertex -1.38564 -64 -47.8
      vertex -1.47821 -60 -47.6123
      vertex -1.38564 -60 -47.8
    endloop
  endfacet
  facet normal -0.89686 -0 -0.442314
    outer loop
      vertex -1.47821 -60 -47.6123
      vertex -1.38564 -64 -47.8
      vertex -1.47821 -64 -47.6123
    endloop
  endfacet
  facet normal 0.194949 0 0.980813
    outer loop
      vertex 8.20884 -60 -45.4137
      vertex 8.41411 -64 -45.4545
      vertex 8.41411 -60 -45.4545
    endloop
  endfacet
  facet normal 0.194949 0 0.980813
    outer loop
      vertex 8.41411 -64 -45.4545
      vertex 8.20884 -60 -45.4137
      vertex 8.20884 -64 -45.4137
    endloop
  endfacet
  facet normal 0.980791 -0 0.195059
    outer loop
      vertex 9.54548 -64 -46.5859
      vertex 9.58631 -60 -46.7912
      vertex 9.54548 -60 -46.5859
    endloop
  endfacet
  facet normal 0.980791 0 0.195059
    outer loop
      vertex 9.58631 -60 -46.7912
      vertex 9.54548 -64 -46.5859
      vertex 9.58631 -64 -46.7912
    endloop
  endfacet
  facet normal 0.997858 -0 0.0654247
    outer loop
      vertex 9.58631 -64 -46.7912
      vertex 9.6 -60 -47
      vertex 9.58631 -60 -46.7912
    endloop
  endfacet
  facet normal 0.997858 0 0.0654247
    outer loop
      vertex 9.6 -60 -47
      vertex 9.58631 -64 -46.7912
      vertex 9.6 -64 -47
    endloop
  endfacet
  facet normal 0.321555 0 0.946891
    outer loop
      vertex 8.41411 -60 -45.4545
      vertex 8.61229 -64 -45.5218
      vertex 8.61229 -60 -45.5218
    endloop
  endfacet
  facet normal 0.321555 0 0.946891
    outer loop
      vertex 8.61229 -64 -45.5218
      vertex 8.41411 -60 -45.4545
      vertex 8.41411 -64 -45.4545
    endloop
  endfacet
  facet normal -0.555318 0 -0.831638
    outer loop
      vertex 7.02598 -64 -48.2694
      vertex 7.2 -60 -48.3856
      vertex 7.2 -64 -48.3856
    endloop
  endfacet
  facet normal -0.555318 0 -0.831638
    outer loop
      vertex 7.2 -60 -48.3856
      vertex 7.02598 -64 -48.2694
      vertex 7.02598 -60 -48.2694
    endloop
  endfacet
  facet normal -0.321555 0 -0.946891
    outer loop
      vertex 7.38771 -64 -48.4782
      vertex 7.58589 -60 -48.5455
      vertex 7.58589 -64 -48.5455
    endloop
  endfacet
  facet normal -0.321555 0 -0.946891
    outer loop
      vertex 7.58589 -60 -48.5455
      vertex 7.38771 -64 -48.4782
      vertex 7.38771 -60 -48.4782
    endloop
  endfacet
  facet normal -0.321555 0 0.946891
    outer loop
      vertex 7.38771 -60 -45.5218
      vertex 7.58589 -64 -45.4545
      vertex 7.58589 -60 -45.4545
    endloop
  endfacet
  facet normal -0.321555 0 0.946891
    outer loop
      vertex 7.58589 -64 -45.4545
      vertex 7.38771 -60 -45.5218
      vertex 7.38771 -64 -45.5218
    endloop
  endfacet
  facet normal 0.751925 -0 0.659248
    outer loop
      vertex 9.13137 -64 -45.8686
      vertex 9.26937 -60 -46.026
      vertex 9.13137 -60 -45.8686
    endloop
  endfacet
  facet normal 0.751925 0 0.659248
    outer loop
      vertex 9.26937 -60 -46.026
      vertex 9.13137 -64 -45.8686
      vertex 9.26937 -64 -46.026
    endloop
  endfacet
  facet normal 0 1 0
    outer loop
      vertex 8.20884 -60 -45.4137
      vertex 7.79116 -60 -45.4137
      vertex 8 -60 -45.4
    endloop
  endfacet
  facet normal 0 1 0
    outer loop
      vertex 8.41411 -60 -45.4545
      vertex 7.79116 -60 -45.4137
      vertex 8.20884 -60 -45.4137
    endloop
  endfacet
  facet normal 0 1 0
    outer loop
      vertex 8.41411 -60 -45.4545
      vertex 7.58589 -60 -45.4545
      vertex 7.79116 -60 -45.4137
    endloop
  endfacet
  facet normal 0 1 0
    outer loop
      vertex 8.61229 -60 -45.5218
      vertex 7.58589 -60 -45.4545
      vertex 8.41411 -60 -45.4545
    endloop
  endfacet
  facet normal 0 1 0
    outer loop
      vertex 8.61229 -60 -45.5218
      vertex 7.38771 -60 -45.5218
      vertex 7.58589 -60 -45.4545
    endloop
  endfacet
  facet normal 0 1 0
    outer loop
      vertex 8.8 -60 -45.6144
      vertex 7.38771 -60 -45.5218
      vertex 8.61229 -60 -45.5218
    endloop
  endfacet
  facet normal 0 1 0
    outer loop
      vertex 8.8 -60 -45.6144
      vertex 7.2 -60 -45.6144
      vertex 7.38771 -60 -45.5218
    endloop
  endfacet
  facet normal 0 1 0
    outer loop
      vertex 8.97402 -60 -45.7306
      vertex 7.2 -60 -45.6144
      vertex 8.8 -60 -45.6144
    endloop
  endfacet
  facet normal 0 1 0
    outer loop
      vertex 8.97402 -60 -45.7306
      vertex 7.02598 -60 -45.7306
      vertex 7.2 -60 -45.6144
    endloop
  endfacet
  facet normal 0 1 0
    outer loop
      vertex 9.13137 -60 -45.8686
      vertex 7.02598 -60 -45.7306
      vertex 8.97402 -60 -45.7306
    endloop
  endfacet
  facet normal 0 1 0
    outer loop
      vertex 9.13137 -60 -45.8686
      vertex 6.86863 -60 -45.8686
      vertex 7.02598 -60 -45.7306
    endloop
  endfacet
  facet normal 0 1 0
    outer loop
      vertex 9.26937 -60 -46.026
      vertex 6.86863 -60 -45.8686
      vertex 9.13137 -60 -45.8686
    endloop
  endfacet
  facet normal 0 1 0
    outer loop
      vertex 9.26937 -60 -46.026
      vertex 6.73063 -60 -46.026
      vertex 6.86863 -60 -45.8686
    endloop
  endfacet
  facet normal 0 1 0
    outer loop
      vertex 9.38564 -60 -46.2
      vertex 6.73063 -60 -46.026
      vertex 9.26937 -60 -46.026
    endloop
  endfacet
  facet normal 0 1 0
    outer loop
      vertex 9.38564 -60 -46.2
      vertex 6.61436 -60 -46.2
      vertex 6.73063 -60 -46.026
    endloop
  endfacet
  facet normal 0 1 0
    outer loop
      vertex 9.47821 -60 -46.3877
      vertex 6.61436 -60 -46.2
      vertex 9.38564 -60 -46.2
    endloop
  endfacet
  facet normal 0 1 0
    outer loop
      vertex 9.47821 -60 -46.3877
      vertex 6.52179 -60 -46.3877
      vertex 6.61436 -60 -46.2
    endloop
  endfacet
  facet normal 0 1 0
    outer loop
      vertex 9.54548 -60 -46.5859
      vertex 6.52179 -60 -46.3877
      vertex 9.47821 -60 -46.3877
    endloop
  endfacet
  facet normal 0 1 0
    outer loop
      vertex 9.54548 -60 -46.5859
      vertex 6.45452 -60 -46.5859
      vertex 6.52179 -60 -46.3877
    endloop
  endfacet
  facet normal 0 1 0
    outer loop
      vertex 9.58631 -60 -46.7912
      vertex 6.45452 -60 -46.5859
      vertex 9.54548 -60 -46.5859
    endloop
  endfacet
  facet normal 0 1 0
    outer loop
      vertex 9.58631 -60 -46.7912
      vertex 6.41369 -60 -46.7912
      vertex 6.45452 -60 -46.5859
    endloop
  endfacet
  facet normal 0 1 0
    outer loop
      vertex 9.6 -60 -47
      vertex 6.41369 -60 -46.7912
      vertex 9.58631 -60 -46.7912
    endloop
  endfacet
  facet normal 0 1 0
    outer loop
      vertex 9.6 -60 -47
      vertex 6.4 -60 -47
      vertex 6.41369 -60 -46.7912
    endloop
  endfacet
  facet normal 0 1 -0
    outer loop
      vertex 9.58631 -60 -47.2088
      vertex 6.4 -60 -47
      vertex 9.6 -60 -47
    endloop
  endfacet
  facet normal 0 1 0
    outer loop
      vertex 9.58631 -60 -47.2088
      vertex 6.41369 -60 -47.2088
      vertex 6.4 -60 -47
    endloop
  endfacet
  facet normal 0 1 -0
    outer loop
      vertex 9.54548 -60 -47.4141
      vertex 6.41369 -60 -47.2088
      vertex 9.58631 -60 -47.2088
    endloop
  endfacet
  facet normal 0 1 0
    outer loop
      vertex 9.54548 -60 -47.4141
      vertex 6.45452 -60 -47.4141
      vertex 6.41369 -60 -47.2088
    endloop
  endfacet
  facet normal 0 1 -0
    outer loop
      vertex 9.47821 -60 -47.6123
      vertex 6.45452 -60 -47.4141
      vertex 9.54548 -60 -47.4141
    endloop
  endfacet
  facet normal 0 1 0
    outer loop
      vertex 9.47821 -60 -47.6123
      vertex 6.52179 -60 -47.6123
      vertex 6.45452 -60 -47.4141
    endloop
  endfacet
  facet normal 0 1 -0
    outer loop
      vertex 9.38564 -60 -47.8
      vertex 6.52179 -60 -47.6123
      vertex 9.47821 -60 -47.6123
    endloop
  endfacet
  facet normal 0 1 0
    outer loop
      vertex 9.38564 -60 -47.8
      vertex 6.61436 -60 -47.8
      vertex 6.52179 -60 -47.6123
    endloop
  endfacet
  facet normal 0 1 -0
    outer loop
      vertex 9.26937 -60 -47.974
      vertex 6.61436 -60 -47.8
      vertex 9.38564 -60 -47.8
    endloop
  endfacet
  facet normal 0 1 0
    outer loop
      vertex 9.26937 -60 -47.974
      vertex 6.73063 -60 -47.974
      vertex 6.61436 -60 -47.8
    endloop
  endfacet
  facet normal 0 1 -0
    outer loop
      vertex 9.13137 -60 -48.1314
      vertex 6.73063 -60 -47.974
      vertex 9.26937 -60 -47.974
    endloop
  endfacet
  facet normal 0 1 0
    outer loop
      vertex 9.13137 -60 -48.1314
      vertex 6.86863 -60 -48.1314
      vertex 6.73063 -60 -47.974
    endloop
  endfacet
  facet normal 0 1 -0
    outer loop
      vertex 8.97402 -60 -48.2694
      vertex 6.86863 -60 -48.1314
      vertex 9.13137 -60 -48.1314
    endloop
  endfacet
  facet normal 0 1 0
    outer loop
      vertex 8.97402 -60 -48.2694
      vertex 7.02598 -60 -48.2694
      vertex 6.86863 -60 -48.1314
    endloop
  endfacet
  facet normal 0 1 -0
    outer loop
      vertex 8.8 -60 -48.3856
      vertex 7.02598 -60 -48.2694
      vertex 8.97402 -60 -48.2694
    endloop
  endfacet
  facet normal 0 1 0
    outer loop
      vertex 8.8 -60 -48.3856
      vertex 7.2 -60 -48.3856
      vertex 7.02598 -60 -48.2694
    endloop
  endfacet
  facet normal 0 1 -0
    outer loop
      vertex 8.61229 -60 -48.4782
      vertex 7.2 -60 -48.3856
      vertex 8.8 -60 -48.3856
    endloop
  endfacet
  facet normal 0 1 0
    outer loop
      vertex 8.61229 -60 -48.4782
      vertex 7.38771 -60 -48.4782
      vertex 7.2 -60 -48.3856
    endloop
  endfacet
  facet normal 0 1 -0
    outer loop
      vertex 8.41411 -60 -48.5455
      vertex 7.38771 -60 -48.4782
      vertex 8.61229 -60 -48.4782
    endloop
  endfacet
  facet normal 0 1 0
    outer loop
      vertex 8.41411 -60 -48.5455
      vertex 7.58589 -60 -48.5455
      vertex 7.38771 -60 -48.4782
    endloop
  endfacet
  facet normal 0 1 -0
    outer loop
      vertex 8.20884 -60 -48.5863
      vertex 7.58589 -60 -48.5455
      vertex 8.41411 -60 -48.5455
    endloop
  endfacet
  facet normal 0 1 0
    outer loop
      vertex 8.20884 -60 -48.5863
      vertex 7.79116 -60 -48.5863
      vertex 7.58589 -60 -48.5455
    endloop
  endfacet
  facet normal -0 1 0
    outer loop
      vertex 7.79116 -60 -48.5863
      vertex 8.20884 -60 -48.5863
      vertex 8 -60 -48.6
    endloop
  endfacet
  facet normal -0.751925 0 -0.659248
    outer loop
      vertex 6.86863 -64 -48.1314
      vertex 6.73063 -60 -47.974
      vertex 6.86863 -60 -48.1314
    endloop
  endfacet
  facet normal -0.751925 -0 -0.659248
    outer loop
      vertex 6.73063 -60 -47.974
      vertex 6.86863 -64 -48.1314
      vertex 6.73063 -64 -47.974
    endloop
  endfacet
  facet normal 0.946944 0 -0.321397
    outer loop
      vertex 9.54548 -64 -47.4141
      vertex 9.47821 -60 -47.6123
      vertex 9.54548 -60 -47.4141
    endloop
  endfacet
  facet normal 0.946944 0 -0.321397
    outer loop
      vertex 9.47821 -60 -47.6123
      vertex 9.54548 -64 -47.4141
      vertex 9.47821 -64 -47.6123
    endloop
  endfacet
  facet normal 0.831454 -0 0.555593
    outer loop
      vertex 9.26937 -64 -46.026
      vertex 9.38564 -60 -46.2
      vertex 9.26937 -60 -46.026
    endloop
  endfacet
  facet normal 0.831454 0 0.555593
    outer loop
      vertex 9.38564 -60 -46.2
      vertex 9.26937 -64 -46.026
      vertex 9.38564 -64 -46.2
    endloop
  endfacet
  facet normal 0.946944 -0 0.321397
    outer loop
      vertex 9.47821 -64 -46.3877
      vertex 9.54548 -60 -46.5859
      vertex 9.47821 -60 -46.3877
    endloop
  endfacet
  facet normal 0.946944 0 0.321397
    outer loop
      vertex 9.54548 -60 -46.5859
      vertex 9.47821 -64 -46.3877
      vertex 9.54548 -64 -46.5859
    endloop
  endfacet
  facet normal 0.980791 0 -0.195059
    outer loop
      vertex 9.58631 -64 -47.2088
      vertex 9.54548 -60 -47.4141
      vertex 9.58631 -60 -47.2088
    endloop
  endfacet
  facet normal 0.980791 0 -0.195059
    outer loop
      vertex 9.54548 -60 -47.4141
      vertex 9.58631 -64 -47.2088
      vertex 9.54548 -64 -47.4141
    endloop
  endfacet
  facet normal 0.659367 0 0.751821
    outer loop
      vertex 8.97402 -60 -45.7306
      vertex 9.13137 -64 -45.8686
      vertex 9.13137 -60 -45.8686
    endloop
  endfacet
  facet normal 0.659367 0 0.751821
    outer loop
      vertex 9.13137 -64 -45.8686
      vertex 8.97402 -60 -45.7306
      vertex 8.97402 -64 -45.7306
    endloop
  endfacet
  facet normal 0.831454 0 -0.555593
    outer loop
      vertex 9.38564 -64 -47.8
      vertex 9.26937 -60 -47.974
      vertex 9.38564 -60 -47.8
    endloop
  endfacet
  facet normal 0.831454 0 -0.555593
    outer loop
      vertex 9.26937 -60 -47.974
      vertex 9.38564 -64 -47.8
      vertex 9.26937 -64 -47.974
    endloop
  endfacet
  facet normal 0.44241 0 0.896813
    outer loop
      vertex 8.61229 -60 -45.5218
      vertex 8.8 -64 -45.6144
      vertex 8.8 -60 -45.6144
    endloop
  endfacet
  facet normal 0.44241 0 0.896813
    outer loop
      vertex 8.8 -64 -45.6144
      vertex 8.61229 -60 -45.5218
      vertex 8.61229 -64 -45.5218
    endloop
  endfacet
  facet normal -0.44241 0 0.896813
    outer loop
      vertex 7.2 -60 -45.6144
      vertex 7.38771 -64 -45.5218
      vertex 7.38771 -60 -45.5218
    endloop
  endfacet
  facet normal -0.44241 0 0.896813
    outer loop
      vertex 7.38771 -64 -45.5218
      vertex 7.2 -60 -45.6144
      vertex 7.2 -64 -45.6144
    endloop
  endfacet
  facet normal 0.89686 -0 0.442314
    outer loop
      vertex 9.38564 -64 -46.2
      vertex 9.47821 -60 -46.3877
      vertex 9.38564 -60 -46.2
    endloop
  endfacet
  facet normal 0.89686 0 0.442314
    outer loop
      vertex 9.47821 -60 -46.3877
      vertex 9.38564 -64 -46.2
      vertex 9.47821 -64 -46.3877
    endloop
  endfacet
  facet normal -0.194949 0 0.980813
    outer loop
      vertex 7.58589 -60 -45.4545
      vertex 7.79116 -64 -45.4137
      vertex 7.79116 -60 -45.4137
    endloop
  endfacet
  facet normal -0.194949 0 0.980813
    outer loop
      vertex 7.79116 -64 -45.4137
      vertex 7.58589 -60 -45.4545
      vertex 7.58589 -64 -45.4545
    endloop
  endfacet
  facet normal -0.555318 0 0.831638
    outer loop
      vertex 7.02598 -60 -45.7306
      vertex 7.2 -64 -45.6144
      vertex 7.2 -60 -45.6144
    endloop
  endfacet
  facet normal -0.555318 0 0.831638
    outer loop
      vertex 7.2 -64 -45.6144
      vertex 7.02598 -60 -45.7306
      vertex 7.02598 -64 -45.7306
    endloop
  endfacet
  facet normal 0.321555 0 -0.946891
    outer loop
      vertex 8.41411 -64 -48.5455
      vertex 8.61229 -60 -48.4782
      vertex 8.61229 -64 -48.4782
    endloop
  endfacet
  facet normal 0.321555 0 -0.946891
    outer loop
      vertex 8.61229 -60 -48.4782
      vertex 8.41411 -64 -48.5455
      vertex 8.41411 -60 -48.5455
    endloop
  endfacet
  facet normal 0.555318 0 -0.831638
    outer loop
      vertex 8.8 -64 -48.3856
      vertex 8.97402 -60 -48.2694
      vertex 8.97402 -64 -48.2694
    endloop
  endfacet
  facet normal 0.555318 0 -0.831638
    outer loop
      vertex 8.97402 -60 -48.2694
      vertex 8.8 -64 -48.3856
      vertex 8.8 -60 -48.3856
    endloop
  endfacet
  facet normal -0.44241 0 -0.896813
    outer loop
      vertex 7.2 -64 -48.3856
      vertex 7.38771 -60 -48.4782
      vertex 7.38771 -64 -48.4782
    endloop
  endfacet
  facet normal -0.44241 0 -0.896813
    outer loop
      vertex 7.38771 -60 -48.4782
      vertex 7.2 -64 -48.3856
      vertex 7.2 -60 -48.3856
    endloop
  endfacet
  facet normal -0.831454 0 -0.555593
    outer loop
      vertex 6.73063 -64 -47.974
      vertex 6.61436 -60 -47.8
      vertex 6.73063 -60 -47.974
    endloop
  endfacet
  facet normal -0.831454 -0 -0.555593
    outer loop
      vertex 6.61436 -60 -47.8
      vertex 6.73063 -64 -47.974
      vertex 6.61436 -64 -47.8
    endloop
  endfacet
  facet normal -0.980791 0 -0.195059
    outer loop
      vertex 6.45452 -64 -47.4141
      vertex 6.41369 -60 -47.2088
      vertex 6.45452 -60 -47.4141
    endloop
  endfacet
  facet normal -0.980791 -0 -0.195059
    outer loop
      vertex 6.41369 -60 -47.2088
      vertex 6.45452 -64 -47.4141
      vertex 6.41369 -64 -47.2088
    endloop
  endfacet
  facet normal 0.44241 0 -0.896813
    outer loop
      vertex 8.61229 -64 -48.4782
      vertex 8.8 -60 -48.3856
      vertex 8.8 -64 -48.3856
    endloop
  endfacet
  facet normal 0.44241 0 -0.896813
    outer loop
      vertex 8.8 -60 -48.3856
      vertex 8.61229 -64 -48.4782
      vertex 8.61229 -60 -48.4782
    endloop
  endfacet
  facet normal 0.194949 0 -0.980813
    outer loop
      vertex 8.20884 -64 -48.5863
      vertex 8.41411 -60 -48.5455
      vertex 8.41411 -64 -48.5455
    endloop
  endfacet
  facet normal 0.194949 0 -0.980813
    outer loop
      vertex 8.41411 -60 -48.5455
      vertex 8.20884 -64 -48.5863
      vertex 8.20884 -60 -48.5863
    endloop
  endfacet
  facet normal -0.997858 0 0.0654247
    outer loop
      vertex 6.4 -64 -47
      vertex 6.41369 -60 -46.7912
      vertex 6.4 -60 -47
    endloop
  endfacet
  facet normal -0.997858 0 0.0654247
    outer loop
      vertex 6.41369 -60 -46.7912
      vertex 6.4 -64 -47
      vertex 6.41369 -64 -46.7912
    endloop
  endfacet
  facet normal -0.997858 0 -0.0654247
    outer loop
      vertex 6.41369 -64 -47.2088
      vertex 6.4 -60 -47
      vertex 6.41369 -60 -47.2088
    endloop
  endfacet
  facet normal -0.997858 -0 -0.0654247
    outer loop
      vertex 6.4 -60 -47
      vertex 6.41369 -64 -47.2088
      vertex 6.4 -64 -47
    endloop
  endfacet
  facet normal 0.89686 0 -0.442314
    outer loop
      vertex 9.47821 -64 -47.6123
      vertex 9.38564 -60 -47.8
      vertex 9.47821 -60 -47.6123
    endloop
  endfacet
  facet normal 0.89686 0 -0.442314
    outer loop
      vertex 9.38564 -60 -47.8
      vertex 9.47821 -64 -47.6123
      vertex 9.38564 -64 -47.8
    endloop
  endfacet
  facet normal -0.946944 0 0.321397
    outer loop
      vertex 6.45452 -64 -46.5859
      vertex 6.52179 -60 -46.3877
      vertex 6.45452 -60 -46.5859
    endloop
  endfacet
  facet normal -0.946944 0 0.321397
    outer loop
      vertex 6.52179 -60 -46.3877
      vertex 6.45452 -64 -46.5859
      vertex 6.52179 -64 -46.3877
    endloop
  endfacet
  facet normal 0.0654598 0 -0.997855
    outer loop
      vertex 8 -64 -48.6
      vertex 8.20884 -60 -48.5863
      vertex 8.20884 -64 -48.5863
    endloop
  endfacet
  facet normal 0.0654598 0 -0.997855
    outer loop
      vertex 8.20884 -60 -48.5863
      vertex 8 -64 -48.6
      vertex 8 -60 -48.6
    endloop
  endfacet
  facet normal -0.659367 0 -0.751821
    outer loop
      vertex 6.86863 -64 -48.1314
      vertex 7.02598 -60 -48.2694
      vertex 7.02598 -64 -48.2694
    endloop
  endfacet
  facet normal -0.659367 0 -0.751821
    outer loop
      vertex 7.02598 -60 -48.2694
      vertex 6.86863 -64 -48.1314
      vertex 6.86863 -60 -48.1314
    endloop
  endfacet
  facet normal 0.659367 0 -0.751821
    outer loop
      vertex 8.97402 -64 -48.2694
      vertex 9.13137 -60 -48.1314
      vertex 9.13137 -64 -48.1314
    endloop
  endfacet
  facet normal 0.659367 0 -0.751821
    outer loop
      vertex 9.13137 -60 -48.1314
      vertex 8.97402 -64 -48.2694
      vertex 8.97402 -60 -48.2694
    endloop
  endfacet
  facet normal 0.0654598 0 0.997855
    outer loop
      vertex 8 -60 -45.4
      vertex 8.20884 -64 -45.4137
      vertex 8.20884 -60 -45.4137
    endloop
  endfacet
  facet normal 0.0654598 0 0.997855
    outer loop
      vertex 8.20884 -64 -45.4137
      vertex 8 -60 -45.4
      vertex 8 -64 -45.4
    endloop
  endfacet
  facet normal -0.89686 0 0.442314
    outer loop
      vertex 6.52179 -64 -46.3877
      vertex 6.61436 -60 -46.2
      vertex 6.52179 -60 -46.3877
    endloop
  endfacet
  facet normal -0.89686 0 0.442314
    outer loop
      vertex 6.61436 -60 -46.2
      vertex 6.52179 -64 -46.3877
      vertex 6.61436 -64 -46.2
    endloop
  endfacet
  facet normal 0.997858 0 -0.0654247
    outer loop
      vertex 9.6 -64 -47
      vertex 9.58631 -60 -47.2088
      vertex 9.6 -60 -47
    endloop
  endfacet
  facet normal 0.997858 0 -0.0654247
    outer loop
      vertex 9.58631 -60 -47.2088
      vertex 9.6 -64 -47
      vertex 9.58631 -64 -47.2088
    endloop
  endfacet
  facet normal -0.659367 0 0.751821
    outer loop
      vertex 6.86863 -60 -45.8686
      vertex 7.02598 -64 -45.7306
      vertex 7.02598 -60 -45.7306
    endloop
  endfacet
  facet normal -0.659367 0 0.751821
    outer loop
      vertex 7.02598 -64 -45.7306
      vertex 6.86863 -60 -45.8686
      vertex 6.86863 -64 -45.8686
    endloop
  endfacet
  facet normal 0.555318 0 0.831638
    outer loop
      vertex 8.8 -60 -45.6144
      vertex 8.97402 -64 -45.7306
      vertex 8.97402 -60 -45.7306
    endloop
  endfacet
  facet normal 0.555318 0 0.831638
    outer loop
      vertex 8.97402 -64 -45.7306
      vertex 8.8 -60 -45.6144
      vertex 8.8 -64 -45.6144
    endloop
  endfacet
  facet normal -0.751925 0 0.659248
    outer loop
      vertex 6.73063 -64 -46.026
      vertex 6.86863 -60 -45.8686
      vertex 6.73063 -60 -46.026
    endloop
  endfacet
  facet normal -0.751925 0 0.659248
    outer loop
      vertex 6.86863 -60 -45.8686
      vertex 6.73063 -64 -46.026
      vertex 6.86863 -64 -45.8686
    endloop
  endfacet
  facet normal -0.0654598 0 0.997855
    outer loop
      vertex 7.79116 -60 -45.4137
      vertex 8 -64 -45.4
      vertex 8 -60 -45.4
    endloop
  endfacet
  facet normal -0.0654598 0 0.997855
    outer loop
      vertex 8 -64 -45.4
      vertex 7.79116 -60 -45.4137
      vertex 7.79116 -64 -45.4137
    endloop
  endfacet
  facet normal -0.194949 0 -0.980813
    outer loop
      vertex 7.58589 -64 -48.5455
      vertex 7.79116 -60 -48.5863
      vertex 7.79116 -64 -48.5863
    endloop
  endfacet
  facet normal -0.194949 0 -0.980813
    outer loop
      vertex 7.79116 -60 -48.5863
      vertex 7.58589 -64 -48.5455
      vertex 7.58589 -60 -48.5455
    endloop
  endfacet
  facet normal -0.980791 0 0.195059
    outer loop
      vertex 6.41369 -64 -46.7912
      vertex 6.45452 -60 -46.5859
      vertex 6.41369 -60 -46.7912
    endloop
  endfacet
  facet normal -0.980791 0 0.195059
    outer loop
      vertex 6.45452 -60 -46.5859
      vertex 6.41369 -64 -46.7912
      vertex 6.45452 -64 -46.5859
    endloop
  endfacet
  facet normal -0.946944 0 -0.321397
    outer loop
      vertex 6.52179 -64 -47.6123
      vertex 6.45452 -60 -47.4141
      vertex 6.52179 -60 -47.6123
    endloop
  endfacet
  facet normal -0.946944 -0 -0.321397
    outer loop
      vertex 6.45452 -60 -47.4141
      vertex 6.52179 -64 -47.6123
      vertex 6.45452 -64 -47.4141
    endloop
  endfacet
  facet normal 0 -1 0
    outer loop
      vertex 7.79116 -64 -45.4137
      vertex 8.20884 -64 -45.4137
      vertex 8 -64 -45.4
    endloop
  endfacet
  facet normal 0 -1 0
    outer loop
      vertex 7.58589 -64 -45.4545
      vertex 8.20884 -64 -45.4137
      vertex 7.79116 -64 -45.4137
    endloop
  endfacet
  facet normal 0 -1 0
    outer loop
      vertex 7.58589 -64 -45.4545
      vertex 8.41411 -64 -45.4545
      vertex 8.20884 -64 -45.4137
    endloop
  endfacet
  facet normal 0 -1 0
    outer loop
      vertex 7.38771 -64 -45.5218
      vertex 8.41411 -64 -45.4545
      vertex 7.58589 -64 -45.4545
    endloop
  endfacet
  facet normal 0 -1 0
    outer loop
      vertex 7.38771 -64 -45.5218
      vertex 8.61229 -64 -45.5218
      vertex 8.41411 -64 -45.4545
    endloop
  endfacet
  facet normal 0 -1 0
    outer loop
      vertex 7.2 -64 -45.6144
      vertex 8.61229 -64 -45.5218
      vertex 7.38771 -64 -45.5218
    endloop
  endfacet
  facet normal 0 -1 0
    outer loop
      vertex 7.2 -64 -45.6144
      vertex 8.8 -64 -45.6144
      vertex 8.61229 -64 -45.5218
    endloop
  endfacet
  facet normal 0 -1 0
    outer loop
      vertex 7.02598 -64 -45.7306
      vertex 8.8 -64 -45.6144
      vertex 7.2 -64 -45.6144
    endloop
  endfacet
  facet normal 0 -1 0
    outer loop
      vertex 7.02598 -64 -45.7306
      vertex 8.97402 -64 -45.7306
      vertex 8.8 -64 -45.6144
    endloop
  endfacet
  facet normal 0 -1 0
    outer loop
      vertex 6.86863 -64 -45.8686
      vertex 8.97402 -64 -45.7306
      vertex 7.02598 -64 -45.7306
    endloop
  endfacet
  facet normal 0 -1 0
    outer loop
      vertex 6.86863 -64 -45.8686
      vertex 9.13137 -64 -45.8686
      vertex 8.97402 -64 -45.7306
    endloop
  endfacet
  facet normal 0 -1 0
    outer loop
      vertex 6.73063 -64 -46.026
      vertex 9.13137 -64 -45.8686
      vertex 6.86863 -64 -45.8686
    endloop
  endfacet
  facet normal 0 -1 0
    outer loop
      vertex 6.73063 -64 -46.026
      vertex 9.26937 -64 -46.026
      vertex 9.13137 -64 -45.8686
    endloop
  endfacet
  facet normal 0 -1 0
    outer loop
      vertex 6.61436 -64 -46.2
      vertex 9.26937 -64 -46.026
      vertex 6.73063 -64 -46.026
    endloop
  endfacet
  facet normal 0 -1 0
    outer loop
      vertex 6.61436 -64 -46.2
      vertex 9.38564 -64 -46.2
      vertex 9.26937 -64 -46.026
    endloop
  endfacet
  facet normal 0 -1 0
    outer loop
      vertex 6.52179 -64 -46.3877
      vertex 9.38564 -64 -46.2
      vertex 6.61436 -64 -46.2
    endloop
  endfacet
  facet normal 0 -1 0
    outer loop
      vertex 6.52179 -64 -46.3877
      vertex 9.47821 -64 -46.3877
      vertex 9.38564 -64 -46.2
    endloop
  endfacet
  facet normal 0 -1 0
    outer loop
      vertex 6.45452 -64 -46.5859
      vertex 9.47821 -64 -46.3877
      vertex 6.52179 -64 -46.3877
    endloop
  endfacet
  facet normal 0 -1 0
    outer loop
      vertex 6.45452 -64 -46.5859
      vertex 9.54548 -64 -46.5859
      vertex 9.47821 -64 -46.3877
    endloop
  endfacet
  facet normal 0 -1 0
    outer loop
      vertex 6.41369 -64 -46.7912
      vertex 9.54548 -64 -46.5859
      vertex 6.45452 -64 -46.5859
    endloop
  endfacet
  facet normal 0 -1 0
    outer loop
      vertex 6.41369 -64 -46.7912
      vertex 9.58631 -64 -46.7912
      vertex 9.54548 -64 -46.5859
    endloop
  endfacet
  facet normal 0 -1 0
    outer loop
      vertex 6.4 -64 -47
      vertex 9.58631 -64 -46.7912
      vertex 6.41369 -64 -46.7912
    endloop
  endfacet
  facet normal 0 -1 0
    outer loop
      vertex 6.4 -64 -47
      vertex 9.6 -64 -47
      vertex 9.58631 -64 -46.7912
    endloop
  endfacet
  facet normal 0 -1 0
    outer loop
      vertex 6.41369 -64 -47.2088
      vertex 9.6 -64 -47
      vertex 6.4 -64 -47
    endloop
  endfacet
  facet normal 0 -1 0
    outer loop
      vertex 6.41369 -64 -47.2088
      vertex 9.58631 -64 -47.2088
      vertex 9.6 -64 -47
    endloop
  endfacet
  facet normal 0 -1 0
    outer loop
      vertex 6.45452 -64 -47.4141
      vertex 9.58631 -64 -47.2088
      vertex 6.41369 -64 -47.2088
    endloop
  endfacet
  facet normal 0 -1 0
    outer loop
      vertex 6.45452 -64 -47.4141
      vertex 9.54548 -64 -47.4141
      vertex 9.58631 -64 -47.2088
    endloop
  endfacet
  facet normal 0 -1 0
    outer loop
      vertex 6.52179 -64 -47.6123
      vertex 9.54548 -64 -47.4141
      vertex 6.45452 -64 -47.4141
    endloop
  endfacet
  facet normal 0 -1 0
    outer loop
      vertex 6.52179 -64 -47.6123
      vertex 9.47821 -64 -47.6123
      vertex 9.54548 -64 -47.4141
    endloop
  endfacet
  facet normal 0 -1 0
    outer loop
      vertex 6.61436 -64 -47.8
      vertex 9.47821 -64 -47.6123
      vertex 6.52179 -64 -47.6123
    endloop
  endfacet
  facet normal 0 -1 0
    outer loop
      vertex 6.61436 -64 -47.8
      vertex 9.38564 -64 -47.8
      vertex 9.47821 -64 -47.6123
    endloop
  endfacet
  facet normal 0 -1 0
    outer loop
      vertex 6.73063 -64 -47.974
      vertex 9.38564 -64 -47.8
      vertex 6.61436 -64 -47.8
    endloop
  endfacet
  facet normal 0 -1 0
    outer loop
      vertex 6.73063 -64 -47.974
      vertex 9.26937 -64 -47.974
      vertex 9.38564 -64 -47.8
    endloop
  endfacet
  facet normal 0 -1 0
    outer loop
      vertex 6.86863 -64 -48.1314
      vertex 9.26937 -64 -47.974
      vertex 6.73063 -64 -47.974
    endloop
  endfacet
  facet normal 0 -1 0
    outer loop
      vertex 6.86863 -64 -48.1314
      vertex 9.13137 -64 -48.1314
      vertex 9.26937 -64 -47.974
    endloop
  endfacet
  facet normal 0 -1 0
    outer loop
      vertex 7.02598 -64 -48.2694
      vertex 9.13137 -64 -48.1314
      vertex 6.86863 -64 -48.1314
    endloop
  endfacet
  facet normal 0 -1 0
    outer loop
      vertex 7.02598 -64 -48.2694
      vertex 8.97402 -64 -48.2694
      vertex 9.13137 -64 -48.1314
    endloop
  endfacet
  facet normal 0 -1 0
    outer loop
      vertex 7.2 -64 -48.3856
      vertex 8.97402 -64 -48.2694
      vertex 7.02598 -64 -48.2694
    endloop
  endfacet
  facet normal 0 -1 0
    outer loop
      vertex 7.2 -64 -48.3856
      vertex 8.8 -64 -48.3856
      vertex 8.97402 -64 -48.2694
    endloop
  endfacet
  facet normal 0 -1 0
    outer loop
      vertex 7.38771 -64 -48.4782
      vertex 8.8 -64 -48.3856
      vertex 7.2 -64 -48.3856
    endloop
  endfacet
  facet normal 0 -1 0
    outer loop
      vertex 7.38771 -64 -48.4782
      vertex 8.61229 -64 -48.4782
      vertex 8.8 -64 -48.3856
    endloop
  endfacet
  facet normal 0 -1 0
    outer loop
      vertex 7.58589 -64 -48.5455
      vertex 8.61229 -64 -48.4782
      vertex 7.38771 -64 -48.4782
    endloop
  endfacet
  facet normal 0 -1 0
    outer loop
      vertex 7.58589 -64 -48.5455
      vertex 8.41411 -64 -48.5455
      vertex 8.61229 -64 -48.4782
    endloop
  endfacet
  facet normal 0 -1 0
    outer loop
      vertex 7.79116 -64 -48.5863
      vertex 8.41411 -64 -48.5455
      vertex 7.58589 -64 -48.5455
    endloop
  endfacet
  facet normal 0 -1 0
    outer loop
      vertex 7.79116 -64 -48.5863
      vertex 8.20884 -64 -48.5863
      vertex 8.41411 -64 -48.5455
    endloop
  endfacet
  facet normal -0 -1 0
    outer loop
      vertex 8.20884 -64 -48.5863
      vertex 7.79116 -64 -48.5863
      vertex 8 -64 -48.6
    endloop
  endfacet
  facet normal -0.0654598 0 -0.997855
    outer loop
      vertex 7.79116 -64 -48.5863
      vertex 8 -60 -48.6
      vertex 8 -64 -48.6
    endloop
  endfacet
  facet normal -0.0654598 0 -0.997855
    outer loop
      vertex 8 -60 -48.6
      vertex 7.79116 -64 -48.5863
      vertex 7.79116 -60 -48.5863
    endloop
  endfacet
  facet normal 0.751925 0 -0.659248
    outer loop
      vertex 9.26937 -64 -47.974
      vertex 9.13137 -60 -48.1314
      vertex 9.26937 -60 -47.974
    endloop
  endfacet
  facet normal 0.751925 0 -0.659248
    outer loop
      vertex 9.13137 -60 -48.1314
      vertex 9.26937 -64 -47.974
      vertex 9.13137 -64 -48.1314
    endloop
  endfacet
  facet normal -0.831454 0 0.555593
    outer loop
      vertex 6.61436 -64 -46.2
      vertex 6.73063 -60 -46.026
      vertex 6.61436 -60 -46.2
    endloop
  endfacet
  facet normal -0.831454 0 0.555593
    outer loop
      vertex 6.73063 -60 -46.026
      vertex 6.61436 -64 -46.2
      vertex 6.73063 -64 -46.026
    endloop
  endfacet
  facet normal -0.89686 0 -0.442314
    outer loop
      vertex 6.61436 -64 -47.8
      vertex 6.52179 -60 -47.6123
      vertex 6.61436 -60 -47.8
    endloop
  endfacet
  facet normal -0.89686 -0 -0.442314
    outer loop
      vertex 6.52179 -60 -47.6123
      vertex 6.61436 -64 -47.8
      vertex 6.52179 -64 -47.6123
    endloop
  endfacet
  facet normal 0.194922 0 0.980819
    outer loop
      vertex 16.2088 -60 -45.4137
      vertex 16.4141 -64 -45.4545
      vertex 16.4141 -60 -45.4545
    endloop
  endfacet
  facet normal 0.194922 0 0.980819
    outer loop
      vertex 16.4141 -64 -45.4545
      vertex 16.2088 -60 -45.4137
      vertex 16.2088 -64 -45.4137
    endloop
  endfacet
  facet normal 0.980819 -0 0.194922
    outer loop
      vertex 17.5455 -64 -46.5859
      vertex 17.5863 -60 -46.7912
      vertex 17.5455 -60 -46.5859
    endloop
  endfacet
  facet normal 0.980819 0 0.194922
    outer loop
      vertex 17.5863 -60 -46.7912
      vertex 17.5455 -64 -46.5859
      vertex 17.5863 -64 -46.7912
    endloop
  endfacet
  facet normal 0.997854 -0 0.0654722
    outer loop
      vertex 17.5863 -64 -46.7912
      vertex 17.6 -60 -47
      vertex 17.5863 -60 -46.7912
    endloop
  endfacet
  facet normal 0.997854 0 0.0654722
    outer loop
      vertex 17.6 -60 -47
      vertex 17.5863 -64 -46.7912
      vertex 17.6 -64 -47
    endloop
  endfacet
  facet normal 0.321526 0 0.946901
    outer loop
      vertex 16.4141 -60 -45.4545
      vertex 16.6123 -64 -45.5218
      vertex 16.6123 -60 -45.5218
    endloop
  endfacet
  facet normal 0.321526 0 0.946901
    outer loop
      vertex 16.6123 -64 -45.5218
      vertex 16.4141 -60 -45.4545
      vertex 16.4141 -64 -45.4545
    endloop
  endfacet
  facet normal -0.555362 0 -0.831609
    outer loop
      vertex 15.026 -64 -48.2694
      vertex 15.2 -60 -48.3856
      vertex 15.2 -64 -48.3856
    endloop
  endfacet
  facet normal -0.555362 0 -0.831609
    outer loop
      vertex 15.2 -60 -48.3856
      vertex 15.026 -64 -48.2694
      vertex 15.026 -60 -48.2694
    endloop
  endfacet
  facet normal -0.321526 0 -0.946901
    outer loop
      vertex 15.3877 -64 -48.4782
      vertex 15.5859 -60 -48.5455
      vertex 15.5859 -64 -48.5455
    endloop
  endfacet
  facet normal -0.321526 0 -0.946901
    outer loop
      vertex 15.5859 -60 -48.5455
      vertex 15.3877 -64 -48.4782
      vertex 15.3877 -60 -48.4782
    endloop
  endfacet
  facet normal -0.321526 0 0.946901
    outer loop
      vertex 15.3877 -60 -45.5218
      vertex 15.5859 -64 -45.4545
      vertex 15.5859 -60 -45.4545
    endloop
  endfacet
  facet normal -0.321526 0 0.946901
    outer loop
      vertex 15.5859 -64 -45.4545
      vertex 15.3877 -60 -45.5218
      vertex 15.3877 -64 -45.5218
    endloop
  endfacet
  facet normal 0.751925 -0 0.659248
    outer loop
      vertex 17.1314 -64 -45.8686
      vertex 17.2694 -60 -46.026
      vertex 17.1314 -60 -45.8686
    endloop
  endfacet
  facet normal 0.751925 0 0.659248
    outer loop
      vertex 17.2694 -60 -46.026
      vertex 17.1314 -64 -45.8686
      vertex 17.2694 -64 -46.026
    endloop
  endfacet
  facet normal 0 1 0
    outer loop
      vertex 16.2088 -60 -45.4137
      vertex 15.7912 -60 -45.4137
      vertex 16 -60 -45.4
    endloop
  endfacet
  facet normal 0 1 0
    outer loop
      vertex 16.4141 -60 -45.4545
      vertex 15.7912 -60 -45.4137
      vertex 16.2088 -60 -45.4137
    endloop
  endfacet
  facet normal 0 1 0
    outer loop
      vertex 16.4141 -60 -45.4545
      vertex 15.5859 -60 -45.4545
      vertex 15.7912 -60 -45.4137
    endloop
  endfacet
  facet normal 0 1 0
    outer loop
      vertex 16.6123 -60 -45.5218
      vertex 15.5859 -60 -45.4545
      vertex 16.4141 -60 -45.4545
    endloop
  endfacet
  facet normal 0 1 0
    outer loop
      vertex 16.6123 -60 -45.5218
      vertex 15.3877 -60 -45.5218
      vertex 15.5859 -60 -45.4545
    endloop
  endfacet
  facet normal 0 1 0
    outer loop
      vertex 16.8 -60 -45.6144
      vertex 15.3877 -60 -45.5218
      vertex 16.6123 -60 -45.5218
    endloop
  endfacet
  facet normal 0 1 0
    outer loop
      vertex 16.8 -60 -45.6144
      vertex 15.2 -60 -45.6144
      vertex 15.3877 -60 -45.5218
    endloop
  endfacet
  facet normal 0 1 0
    outer loop
      vertex 16.974 -60 -45.7306
      vertex 15.2 -60 -45.6144
      vertex 16.8 -60 -45.6144
    endloop
  endfacet
  facet normal 0 1 0
    outer loop
      vertex 16.974 -60 -45.7306
      vertex 15.026 -60 -45.7306
      vertex 15.2 -60 -45.6144
    endloop
  endfacet
  facet normal 0 1 0
    outer loop
      vertex 17.1314 -60 -45.8686
      vertex 15.026 -60 -45.7306
      vertex 16.974 -60 -45.7306
    endloop
  endfacet
  facet normal 0 1 0
    outer loop
      vertex 17.1314 -60 -45.8686
      vertex 14.8686 -60 -45.8686
      vertex 15.026 -60 -45.7306
    endloop
  endfacet
  facet normal 0 1 0
    outer loop
      vertex 17.2694 -60 -46.026
      vertex 14.8686 -60 -45.8686
      vertex 17.1314 -60 -45.8686
    endloop
  endfacet
  facet normal 0 1 0
    outer loop
      vertex 17.2694 -60 -46.026
      vertex 14.7306 -60 -46.026
      vertex 14.8686 -60 -45.8686
    endloop
  endfacet
  facet normal 0 1 0
    outer loop
      vertex 17.3856 -60 -46.2
      vertex 14.7306 -60 -46.026
      vertex 17.2694 -60 -46.026
    endloop
  endfacet
  facet normal 0 1 0
    outer loop
      vertex 17.3856 -60 -46.2
      vertex 14.6144 -60 -46.2
      vertex 14.7306 -60 -46.026
    endloop
  endfacet
  facet normal 0 1 0
    outer loop
      vertex 17.4782 -60 -46.3877
      vertex 14.6144 -60 -46.2
      vertex 17.3856 -60 -46.2
    endloop
  endfacet
  facet normal 0 1 0
    outer loop
      vertex 17.4782 -60 -46.3877
      vertex 14.5218 -60 -46.3877
      vertex 14.6144 -60 -46.2
    endloop
  endfacet
  facet normal 0 1 0
    outer loop
      vertex 17.5455 -60 -46.5859
      vertex 14.5218 -60 -46.3877
      vertex 17.4782 -60 -46.3877
    endloop
  endfacet
  facet normal 0 1 0
    outer loop
      vertex 17.5455 -60 -46.5859
      vertex 14.4545 -60 -46.5859
      vertex 14.5218 -60 -46.3877
    endloop
  endfacet
  facet normal 0 1 0
    outer loop
      vertex 17.5863 -60 -46.7912
      vertex 14.4545 -60 -46.5859
      vertex 17.5455 -60 -46.5859
    endloop
  endfacet
  facet normal 0 1 0
    outer loop
      vertex 17.5863 -60 -46.7912
      vertex 14.4137 -60 -46.7912
      vertex 14.4545 -60 -46.5859
    endloop
  endfacet
  facet normal 0 1 0
    outer loop
      vertex 17.6 -60 -47
      vertex 14.4137 -60 -46.7912
      vertex 17.5863 -60 -46.7912
    endloop
  endfacet
  facet normal 0 1 0
    outer loop
      vertex 17.6 -60 -47
      vertex 14.4 -60 -47
      vertex 14.4137 -60 -46.7912
    endloop
  endfacet
  facet normal 0 1 -0
    outer loop
      vertex 17.5863 -60 -47.2088
      vertex 14.4 -60 -47
      vertex 17.6 -60 -47
    endloop
  endfacet
  facet normal 0 1 0
    outer loop
      vertex 17.5863 -60 -47.2088
      vertex 14.4137 -60 -47.2088
      vertex 14.4 -60 -47
    endloop
  endfacet
  facet normal 0 1 -0
    outer loop
      vertex 17.5455 -60 -47.4141
      vertex 14.4137 -60 -47.2088
      vertex 17.5863 -60 -47.2088
    endloop
  endfacet
  facet normal 0 1 0
    outer loop
      vertex 17.5455 -60 -47.4141
      vertex 14.4545 -60 -47.4141
      vertex 14.4137 -60 -47.2088
    endloop
  endfacet
  facet normal 0 1 -0
    outer loop
      vertex 17.4782 -60 -47.6123
      vertex 14.4545 -60 -47.4141
      vertex 17.5455 -60 -47.4141
    endloop
  endfacet
  facet normal 0 1 0
    outer loop
      vertex 17.4782 -60 -47.6123
      vertex 14.5218 -60 -47.6123
      vertex 14.4545 -60 -47.4141
    endloop
  endfacet
  facet normal 0 1 -0
    outer loop
      vertex 17.3856 -60 -47.8
      vertex 14.5218 -60 -47.6123
      vertex 17.4782 -60 -47.6123
    endloop
  endfacet
  facet normal 0 1 0
    outer loop
      vertex 17.3856 -60 -47.8
      vertex 14.6144 -60 -47.8
      vertex 14.5218 -60 -47.6123
    endloop
  endfacet
  facet normal 0 1 -0
    outer loop
      vertex 17.2694 -60 -47.974
      vertex 14.6144 -60 -47.8
      vertex 17.3856 -60 -47.8
    endloop
  endfacet
  facet normal 0 1 0
    outer loop
      vertex 17.2694 -60 -47.974
      vertex 14.7306 -60 -47.974
      vertex 14.6144 -60 -47.8
    endloop
  endfacet
  facet normal 0 1 -0
    outer loop
      vertex 17.1314 -60 -48.1314
      vertex 14.7306 -60 -47.974
      vertex 17.2694 -60 -47.974
    endloop
  endfacet
  facet normal 0 1 0
    outer loop
      vertex 17.1314 -60 -48.1314
      vertex 14.8686 -60 -48.1314
      vertex 14.7306 -60 -47.974
    endloop
  endfacet
  facet normal 0 1 -0
    outer loop
      vertex 16.974 -60 -48.2694
      vertex 14.8686 -60 -48.1314
      vertex 17.1314 -60 -48.1314
    endloop
  endfacet
  facet normal 0 1 0
    outer loop
      vertex 16.974 -60 -48.2694
      vertex 15.026 -60 -48.2694
      vertex 14.8686 -60 -48.1314
    endloop
  endfacet
  facet normal 0 1 -0
    outer loop
      vertex 16.8 -60 -48.3856
      vertex 15.026 -60 -48.2694
      vertex 16.974 -60 -48.2694
    endloop
  endfacet
  facet normal 0 1 0
    outer loop
      vertex 16.8 -60 -48.3856
      vertex 15.2 -60 -48.3856
      vertex 15.026 -60 -48.2694
    endloop
  endfacet
  facet normal 0 1 -0
    outer loop
      vertex 16.6123 -60 -48.4782
      vertex 15.2 -60 -48.3856
      vertex 16.8 -60 -48.3856
    endloop
  endfacet
  facet normal 0 1 0
    outer loop
      vertex 16.6123 -60 -48.4782
      vertex 15.3877 -60 -48.4782
      vertex 15.2 -60 -48.3856
    endloop
  endfacet
  facet normal 0 1 -0
    outer loop
      vertex 16.4141 -60 -48.5455
      vertex 15.3877 -60 -48.4782
      vertex 16.6123 -60 -48.4782
    endloop
  endfacet
  facet normal 0 1 0
    outer loop
      vertex 16.4141 -60 -48.5455
      vertex 15.5859 -60 -48.5455
      vertex 15.3877 -60 -48.4782
    endloop
  endfacet
  facet normal 0 1 -0
    outer loop
      vertex 16.2088 -60 -48.5863
      vertex 15.5859 -60 -48.5455
      vertex 16.4141 -60 -48.5455
    endloop
  endfacet
  facet normal 0 1 0
    outer loop
      vertex 16.2088 -60 -48.5863
      vertex 15.7912 -60 -48.5863
      vertex 15.5859 -60 -48.5455
    endloop
  endfacet
  facet normal -0 1 0
    outer loop
      vertex 15.7912 -60 -48.5863
      vertex 16.2088 -60 -48.5863
      vertex 16 -60 -48.6
    endloop
  endfacet
  facet normal -0.751925 0 -0.659248
    outer loop
      vertex 14.8686 -64 -48.1314
      vertex 14.7306 -60 -47.974
      vertex 14.8686 -60 -48.1314
    endloop
  endfacet
  facet normal -0.751925 -0 -0.659248
    outer loop
      vertex 14.7306 -60 -47.974
      vertex 14.8686 -64 -48.1314
      vertex 14.7306 -64 -47.974
    endloop
  endfacet
  facet normal 0.946901 0 -0.321526
    outer loop
      vertex 17.5455 -64 -47.4141
      vertex 17.4782 -60 -47.6123
      vertex 17.5455 -60 -47.4141
    endloop
  endfacet
  facet normal 0.946901 0 -0.321526
    outer loop
      vertex 17.4782 -60 -47.6123
      vertex 17.5455 -64 -47.4141
      vertex 17.4782 -64 -47.6123
    endloop
  endfacet
  facet normal 0.831609 -0 0.555362
    outer loop
      vertex 17.2694 -64 -46.026
      vertex 17.3856 -60 -46.2
      vertex 17.2694 -60 -46.026
    endloop
  endfacet
  facet normal 0.831609 0 0.555362
    outer loop
      vertex 17.3856 -60 -46.2
      vertex 17.2694 -64 -46.026
      vertex 17.3856 -64 -46.2
    endloop
  endfacet
  facet normal 0.946901 -0 0.321526
    outer loop
      vertex 17.4782 -64 -46.3877
      vertex 17.5455 -60 -46.5859
      vertex 17.4782 -60 -46.3877
    endloop
  endfacet
  facet normal 0.946901 0 0.321526
    outer loop
      vertex 17.5455 -60 -46.5859
      vertex 17.4782 -64 -46.3877
      vertex 17.5455 -64 -46.5859
    endloop
  endfacet
  facet normal 0.980819 0 -0.194922
    outer loop
      vertex 17.5863 -64 -47.2088
      vertex 17.5455 -60 -47.4141
      vertex 17.5863 -60 -47.2088
    endloop
  endfacet
  facet normal 0.980819 0 -0.194922
    outer loop
      vertex 17.5455 -60 -47.4141
      vertex 17.5863 -64 -47.2088
      vertex 17.5455 -64 -47.4141
    endloop
  endfacet
  facet normal 0.659248 0 0.751925
    outer loop
      vertex 16.974 -60 -45.7306
      vertex 17.1314 -64 -45.8686
      vertex 17.1314 -60 -45.8686
    endloop
  endfacet
  facet normal 0.659248 0 0.751925
    outer loop
      vertex 17.1314 -64 -45.8686
      vertex 16.974 -60 -45.7306
      vertex 16.974 -64 -45.7306
    endloop
  endfacet
  facet normal 0.831609 0 -0.555362
    outer loop
      vertex 17.3856 -64 -47.8
      vertex 17.2694 -60 -47.974
      vertex 17.3856 -60 -47.8
    endloop
  endfacet
  facet normal 0.831609 0 -0.555362
    outer loop
      vertex 17.2694 -60 -47.974
      vertex 17.3856 -64 -47.8
      vertex 17.2694 -64 -47.974
    endloop
  endfacet
  facet normal 0.442429 0 0.896803
    outer loop
      vertex 16.6123 -60 -45.5218
      vertex 16.8 -64 -45.6144
      vertex 16.8 -60 -45.6144
    endloop
  endfacet
  facet normal 0.442429 0 0.896803
    outer loop
      vertex 16.8 -64 -45.6144
      vertex 16.6123 -60 -45.5218
      vertex 16.6123 -64 -45.5218
    endloop
  endfacet
  facet normal -0.442429 0 0.896803
    outer loop
      vertex 15.2 -60 -45.6144
      vertex 15.3877 -64 -45.5218
      vertex 15.3877 -60 -45.5218
    endloop
  endfacet
  facet normal -0.442429 0 0.896803
    outer loop
      vertex 15.3877 -64 -45.5218
      vertex 15.2 -60 -45.6144
      vertex 15.2 -64 -45.6144
    endloop
  endfacet
  facet normal 0.896803 -0 0.442429
    outer loop
      vertex 17.3856 -64 -46.2
      vertex 17.4782 -60 -46.3877
      vertex 17.3856 -60 -46.2
    endloop
  endfacet
  facet normal 0.896803 0 0.442429
    outer loop
      vertex 17.4782 -60 -46.3877
      vertex 17.3856 -64 -46.2
      vertex 17.4782 -64 -46.3877
    endloop
  endfacet
  facet normal -0.194922 0 0.980819
    outer loop
      vertex 15.5859 -60 -45.4545
      vertex 15.7912 -64 -45.4137
      vertex 15.7912 -60 -45.4137
    endloop
  endfacet
  facet normal -0.194922 0 0.980819
    outer loop
      vertex 15.7912 -64 -45.4137
      vertex 15.5859 -60 -45.4545
      vertex 15.5859 -64 -45.4545
    endloop
  endfacet
  facet normal -0.555362 0 0.831609
    outer loop
      vertex 15.026 -60 -45.7306
      vertex 15.2 -64 -45.6144
      vertex 15.2 -60 -45.6144
    endloop
  endfacet
  facet normal -0.555362 0 0.831609
    outer loop
      vertex 15.2 -64 -45.6144
      vertex 15.026 -60 -45.7306
      vertex 15.026 -64 -45.7306
    endloop
  endfacet
  facet normal 0.321526 0 -0.946901
    outer loop
      vertex 16.4141 -64 -48.5455
      vertex 16.6123 -60 -48.4782
      vertex 16.6123 -64 -48.4782
    endloop
  endfacet
  facet normal 0.321526 0 -0.946901
    outer loop
      vertex 16.6123 -60 -48.4782
      vertex 16.4141 -64 -48.5455
      vertex 16.4141 -60 -48.5455
    endloop
  endfacet
  facet normal 0.555362 0 -0.831609
    outer loop
      vertex 16.8 -64 -48.3856
      vertex 16.974 -60 -48.2694
      vertex 16.974 -64 -48.2694
    endloop
  endfacet
  facet normal 0.555362 0 -0.831609
    outer loop
      vertex 16.974 -60 -48.2694
      vertex 16.8 -64 -48.3856
      vertex 16.8 -60 -48.3856
    endloop
  endfacet
  facet normal -0.442429 0 -0.896803
    outer loop
      vertex 15.2 -64 -48.3856
      vertex 15.3877 -60 -48.4782
      vertex 15.3877 -64 -48.4782
    endloop
  endfacet
  facet normal -0.442429 0 -0.896803
    outer loop
      vertex 15.3877 -60 -48.4782
      vertex 15.2 -64 -48.3856
      vertex 15.2 -60 -48.3856
    endloop
  endfacet
  facet normal -0.831609 0 -0.555362
    outer loop
      vertex 14.7306 -64 -47.974
      vertex 14.6144 -60 -47.8
      vertex 14.7306 -60 -47.974
    endloop
  endfacet
  facet normal -0.831609 -0 -0.555362
    outer loop
      vertex 14.6144 -60 -47.8
      vertex 14.7306 -64 -47.974
      vertex 14.6144 -64 -47.8
    endloop
  endfacet
  facet normal -0.980819 0 -0.194922
    outer loop
      vertex 14.4545 -64 -47.4141
      vertex 14.4137 -60 -47.2088
      vertex 14.4545 -60 -47.4141
    endloop
  endfacet
  facet normal -0.980819 -0 -0.194922
    outer loop
      vertex 14.4137 -60 -47.2088
      vertex 14.4545 -64 -47.4141
      vertex 14.4137 -64 -47.2088
    endloop
  endfacet
  facet normal 0.442429 0 -0.896803
    outer loop
      vertex 16.6123 -64 -48.4782
      vertex 16.8 -60 -48.3856
      vertex 16.8 -64 -48.3856
    endloop
  endfacet
  facet normal 0.442429 0 -0.896803
    outer loop
      vertex 16.8 -60 -48.3856
      vertex 16.6123 -64 -48.4782
      vertex 16.6123 -60 -48.4782
    endloop
  endfacet
  facet normal -0.997854 0 0.0654722
    outer loop
      vertex 14.4 -64 -47
      vertex 14.4137 -60 -46.7912
      vertex 14.4 -60 -47
    endloop
  endfacet
  facet normal -0.997854 0 0.0654722
    outer loop
      vertex 14.4137 -60 -46.7912
      vertex 14.4 -64 -47
      vertex 14.4137 -64 -46.7912
    endloop
  endfacet
  facet normal -0.997854 0 -0.0654722
    outer loop
      vertex 14.4137 -64 -47.2088
      vertex 14.4 -60 -47
      vertex 14.4137 -60 -47.2088
    endloop
  endfacet
  facet normal -0.997854 -0 -0.0654722
    outer loop
      vertex 14.4 -60 -47
      vertex 14.4137 -64 -47.2088
      vertex 14.4 -64 -47
    endloop
  endfacet
  facet normal 0.896803 0 -0.442429
    outer loop
      vertex 17.4782 -64 -47.6123
      vertex 17.3856 -60 -47.8
      vertex 17.4782 -60 -47.6123
    endloop
  endfacet
  facet normal 0.896803 0 -0.442429
    outer loop
      vertex 17.3856 -60 -47.8
      vertex 17.4782 -64 -47.6123
      vertex 17.3856 -64 -47.8
    endloop
  endfacet
  facet normal -0.946901 0 0.321526
    outer loop
      vertex 14.4545 -64 -46.5859
      vertex 14.5218 -60 -46.3877
      vertex 14.4545 -60 -46.5859
    endloop
  endfacet
  facet normal -0.946901 0 0.321526
    outer loop
      vertex 14.5218 -60 -46.3877
      vertex 14.4545 -64 -46.5859
      vertex 14.5218 -64 -46.3877
    endloop
  endfacet
  facet normal 0.0654722 0 -0.997854
    outer loop
      vertex 16 -64 -48.6
      vertex 16.2088 -60 -48.5863
      vertex 16.2088 -64 -48.5863
    endloop
  endfacet
  facet normal 0.0654722 0 -0.997854
    outer loop
      vertex 16.2088 -60 -48.5863
      vertex 16 -64 -48.6
      vertex 16 -60 -48.6
    endloop
  endfacet
  facet normal -0.659248 0 -0.751925
    outer loop
      vertex 14.8686 -64 -48.1314
      vertex 15.026 -60 -48.2694
      vertex 15.026 -64 -48.2694
    endloop
  endfacet
  facet normal -0.659248 0 -0.751925
    outer loop
      vertex 15.026 -60 -48.2694
      vertex 14.8686 -64 -48.1314
      vertex 14.8686 -60 -48.1314
    endloop
  endfacet
  facet normal 0.659248 0 -0.751925
    outer loop
      vertex 16.974 -64 -48.2694
      vertex 17.1314 -60 -48.1314
      vertex 17.1314 -64 -48.1314
    endloop
  endfacet
  facet normal 0.659248 0 -0.751925
    outer loop
      vertex 17.1314 -60 -48.1314
      vertex 16.974 -64 -48.2694
      vertex 16.974 -60 -48.2694
    endloop
  endfacet
  facet normal 0.0654722 0 0.997854
    outer loop
      vertex 16 -60 -45.4
      vertex 16.2088 -64 -45.4137
      vertex 16.2088 -60 -45.4137
    endloop
  endfacet
  facet normal 0.0654722 0 0.997854
    outer loop
      vertex 16.2088 -64 -45.4137
      vertex 16 -60 -45.4
      vertex 16 -64 -45.4
    endloop
  endfacet
  facet normal -0.896803 0 0.442429
    outer loop
      vertex 14.5218 -64 -46.3877
      vertex 14.6144 -60 -46.2
      vertex 14.5218 -60 -46.3877
    endloop
  endfacet
  facet normal -0.896803 0 0.442429
    outer loop
      vertex 14.6144 -60 -46.2
      vertex 14.5218 -64 -46.3877
      vertex 14.6144 -64 -46.2
    endloop
  endfacet
  facet normal 0.997854 0 -0.0654722
    outer loop
      vertex 17.6 -64 -47
      vertex 17.5863 -60 -47.2088
      vertex 17.6 -60 -47
    endloop
  endfacet
  facet normal 0.997854 0 -0.0654722
    outer loop
      vertex 17.5863 -60 -47.2088
      vertex 17.6 -64 -47
      vertex 17.5863 -64 -47.2088
    endloop
  endfacet
  facet normal 0.194922 0 -0.980819
    outer loop
      vertex 16.2088 -64 -48.5863
      vertex 16.4141 -60 -48.5455
      vertex 16.4141 -64 -48.5455
    endloop
  endfacet
  facet normal 0.194922 0 -0.980819
    outer loop
      vertex 16.4141 -60 -48.5455
      vertex 16.2088 -64 -48.5863
      vertex 16.2088 -60 -48.5863
    endloop
  endfacet
  facet normal -0.659248 0 0.751925
    outer loop
      vertex 14.8686 -60 -45.8686
      vertex 15.026 -64 -45.7306
      vertex 15.026 -60 -45.7306
    endloop
  endfacet
  facet normal -0.659248 0 0.751925
    outer loop
      vertex 15.026 -64 -45.7306
      vertex 14.8686 -60 -45.8686
      vertex 14.8686 -64 -45.8686
    endloop
  endfacet
  facet normal 0.555362 0 0.831609
    outer loop
      vertex 16.8 -60 -45.6144
      vertex 16.974 -64 -45.7306
      vertex 16.974 -60 -45.7306
    endloop
  endfacet
  facet normal 0.555362 0 0.831609
    outer loop
      vertex 16.974 -64 -45.7306
      vertex 16.8 -60 -45.6144
      vertex 16.8 -64 -45.6144
    endloop
  endfacet
  facet normal -0.751925 0 0.659248
    outer loop
      vertex 14.7306 -64 -46.026
      vertex 14.8686 -60 -45.8686
      vertex 14.7306 -60 -46.026
    endloop
  endfacet
  facet normal -0.751925 0 0.659248
    outer loop
      vertex 14.8686 -60 -45.8686
      vertex 14.7306 -64 -46.026
      vertex 14.8686 -64 -45.8686
    endloop
  endfacet
  facet normal -0.0654722 0 0.997854
    outer loop
      vertex 15.7912 -60 -45.4137
      vertex 16 -64 -45.4
      vertex 16 -60 -45.4
    endloop
  endfacet
  facet normal -0.0654722 0 0.997854
    outer loop
      vertex 16 -64 -45.4
      vertex 15.7912 -60 -45.4137
      vertex 15.7912 -64 -45.4137
    endloop
  endfacet
  facet normal -0.194922 0 -0.980819
    outer loop
      vertex 15.5859 -64 -48.5455
      vertex 15.7912 -60 -48.5863
      vertex 15.7912 -64 -48.5863
    endloop
  endfacet
  facet normal -0.194922 0 -0.980819
    outer loop
      vertex 15.7912 -60 -48.5863
      vertex 15.5859 -64 -48.5455
      vertex 15.5859 -60 -48.5455
    endloop
  endfacet
  facet normal -0.980819 0 0.194922
    outer loop
      vertex 14.4137 -64 -46.7912
      vertex 14.4545 -60 -46.5859
      vertex 14.4137 -60 -46.7912
    endloop
  endfacet
  facet normal -0.980819 0 0.194922
    outer loop
      vertex 14.4545 -60 -46.5859
      vertex 14.4137 -64 -46.7912
      vertex 14.4545 -64 -46.5859
    endloop
  endfacet
  facet normal -0.946901 0 -0.321526
    outer loop
      vertex 14.5218 -64 -47.6123
      vertex 14.4545 -60 -47.4141
      vertex 14.5218 -60 -47.6123
    endloop
  endfacet
  facet normal -0.946901 -0 -0.321526
    outer loop
      vertex 14.4545 -60 -47.4141
      vertex 14.5218 -64 -47.6123
      vertex 14.4545 -64 -47.4141
    endloop
  endfacet
  facet normal 0 -1 0
    outer loop
      vertex 15.7912 -64 -45.4137
      vertex 16.2088 -64 -45.4137
      vertex 16 -64 -45.4
    endloop
  endfacet
  facet normal 0 -1 0
    outer loop
      vertex 15.5859 -64 -45.4545
      vertex 16.2088 -64 -45.4137
      vertex 15.7912 -64 -45.4137
    endloop
  endfacet
  facet normal 0 -1 0
    outer loop
      vertex 15.5859 -64 -45.4545
      vertex 16.4141 -64 -45.4545
      vertex 16.2088 -64 -45.4137
    endloop
  endfacet
  facet normal 0 -1 0
    outer loop
      vertex 15.3877 -64 -45.5218
      vertex 16.4141 -64 -45.4545
      vertex 15.5859 -64 -45.4545
    endloop
  endfacet
  facet normal 0 -1 0
    outer loop
      vertex 15.3877 -64 -45.5218
      vertex 16.6123 -64 -45.5218
      vertex 16.4141 -64 -45.4545
    endloop
  endfacet
  facet normal 0 -1 0
    outer loop
      vertex 15.2 -64 -45.6144
      vertex 16.6123 -64 -45.5218
      vertex 15.3877 -64 -45.5218
    endloop
  endfacet
  facet normal 0 -1 0
    outer loop
      vertex 15.2 -64 -45.6144
      vertex 16.8 -64 -45.6144
      vertex 16.6123 -64 -45.5218
    endloop
  endfacet
  facet normal 0 -1 0
    outer loop
      vertex 15.026 -64 -45.7306
      vertex 16.8 -64 -45.6144
      vertex 15.2 -64 -45.6144
    endloop
  endfacet
  facet normal 0 -1 0
    outer loop
      vertex 15.026 -64 -45.7306
      vertex 16.974 -64 -45.7306
      vertex 16.8 -64 -45.6144
    endloop
  endfacet
  facet normal 0 -1 0
    outer loop
      vertex 14.8686 -64 -45.8686
      vertex 16.974 -64 -45.7306
      vertex 15.026 -64 -45.7306
    endloop
  endfacet
  facet normal 0 -1 0
    outer loop
      vertex 14.8686 -64 -45.8686
      vertex 17.1314 -64 -45.8686
      vertex 16.974 -64 -45.7306
    endloop
  endfacet
  facet normal 0 -1 0
    outer loop
      vertex 14.7306 -64 -46.026
      vertex 17.1314 -64 -45.8686
      vertex 14.8686 -64 -45.8686
    endloop
  endfacet
  facet normal 0 -1 0
    outer loop
      vertex 14.7306 -64 -46.026
      vertex 17.2694 -64 -46.026
      vertex 17.1314 -64 -45.8686
    endloop
  endfacet
  facet normal 0 -1 0
    outer loop
      vertex 14.6144 -64 -46.2
      vertex 17.2694 -64 -46.026
      vertex 14.7306 -64 -46.026
    endloop
  endfacet
  facet normal 0 -1 0
    outer loop
      vertex 14.6144 -64 -46.2
      vertex 17.3856 -64 -46.2
      vertex 17.2694 -64 -46.026
    endloop
  endfacet
  facet normal 0 -1 0
    outer loop
      vertex 14.5218 -64 -46.3877
      vertex 17.3856 -64 -46.2
      vertex 14.6144 -64 -46.2
    endloop
  endfacet
  facet normal 0 -1 0
    outer loop
      vertex 14.5218 -64 -46.3877
      vertex 17.4782 -64 -46.3877
      vertex 17.3856 -64 -46.2
    endloop
  endfacet
  facet normal 0 -1 0
    outer loop
      vertex 14.4545 -64 -46.5859
      vertex 17.4782 -64 -46.3877
      vertex 14.5218 -64 -46.3877
    endloop
  endfacet
  facet normal 0 -1 0
    outer loop
      vertex 14.4545 -64 -46.5859
      vertex 17.5455 -64 -46.5859
      vertex 17.4782 -64 -46.3877
    endloop
  endfacet
  facet normal 0 -1 0
    outer loop
      vertex 14.4137 -64 -46.7912
      vertex 17.5455 -64 -46.5859
      vertex 14.4545 -64 -46.5859
    endloop
  endfacet
  facet normal 0 -1 0
    outer loop
      vertex 14.4137 -64 -46.7912
      vertex 17.5863 -64 -46.7912
      vertex 17.5455 -64 -46.5859
    endloop
  endfacet
  facet normal 0 -1 0
    outer loop
      vertex 14.4 -64 -47
      vertex 17.5863 -64 -46.7912
      vertex 14.4137 -64 -46.7912
    endloop
  endfacet
  facet normal 0 -1 0
    outer loop
      vertex 14.4 -64 -47
      vertex 17.6 -64 -47
      vertex 17.5863 -64 -46.7912
    endloop
  endfacet
  facet normal 0 -1 0
    outer loop
      vertex 14.4137 -64 -47.2088
      vertex 17.6 -64 -47
      vertex 14.4 -64 -47
    endloop
  endfacet
  facet normal 0 -1 0
    outer loop
      vertex 14.4137 -64 -47.2088
      vertex 17.5863 -64 -47.2088
      vertex 17.6 -64 -47
    endloop
  endfacet
  facet normal 0 -1 0
    outer loop
      vertex 14.4545 -64 -47.4141
      vertex 17.5863 -64 -47.2088
      vertex 14.4137 -64 -47.2088
    endloop
  endfacet
  facet normal 0 -1 0
    outer loop
      vertex 14.4545 -64 -47.4141
      vertex 17.5455 -64 -47.4141
      vertex 17.5863 -64 -47.2088
    endloop
  endfacet
  facet normal 0 -1 0
    outer loop
      vertex 14.5218 -64 -47.6123
      vertex 17.5455 -64 -47.4141
      vertex 14.4545 -64 -47.4141
    endloop
  endfacet
  facet normal 0 -1 0
    outer loop
      vertex 14.5218 -64 -47.6123
      vertex 17.4782 -64 -47.6123
      vertex 17.5455 -64 -47.4141
    endloop
  endfacet
  facet normal 0 -1 0
    outer loop
      vertex 14.6144 -64 -47.8
      vertex 17.4782 -64 -47.6123
      vertex 14.5218 -64 -47.6123
    endloop
  endfacet
  facet normal 0 -1 0
    outer loop
      vertex 14.6144 -64 -47.8
      vertex 17.3856 -64 -47.8
      vertex 17.4782 -64 -47.6123
    endloop
  endfacet
  facet normal 0 -1 0
    outer loop
      vertex 14.7306 -64 -47.974
      vertex 17.3856 -64 -47.8
      vertex 14.6144 -64 -47.8
    endloop
  endfacet
  facet normal 0 -1 0
    outer loop
      vertex 14.7306 -64 -47.974
      vertex 17.2694 -64 -47.974
      vertex 17.3856 -64 -47.8
    endloop
  endfacet
  facet normal 0 -1 0
    outer loop
      vertex 14.8686 -64 -48.1314
      vertex 17.2694 -64 -47.974
      vertex 14.7306 -64 -47.974
    endloop
  endfacet
  facet normal 0 -1 0
    outer loop
      vertex 14.8686 -64 -48.1314
      vertex 17.1314 -64 -48.1314
      vertex 17.2694 -64 -47.974
    endloop
  endfacet
  facet normal 0 -1 0
    outer loop
      vertex 15.026 -64 -48.2694
      vertex 17.1314 -64 -48.1314
      vertex 14.8686 -64 -48.1314
    endloop
  endfacet
  facet normal 0 -1 0
    outer loop
      vertex 15.026 -64 -48.2694
      vertex 16.974 -64 -48.2694
      vertex 17.1314 -64 -48.1314
    endloop
  endfacet
  facet normal 0 -1 0
    outer loop
      vertex 15.2 -64 -48.3856
      vertex 16.974 -64 -48.2694
      vertex 15.026 -64 -48.2694
    endloop
  endfacet
  facet normal 0 -1 0
    outer loop
      vertex 15.2 -64 -48.3856
      vertex 16.8 -64 -48.3856
      vertex 16.974 -64 -48.2694
    endloop
  endfacet
  facet normal 0 -1 0
    outer loop
      vertex 15.3877 -64 -48.4782
      vertex 16.8 -64 -48.3856
      vertex 15.2 -64 -48.3856
    endloop
  endfacet
  facet normal 0 -1 0
    outer loop
      vertex 15.3877 -64 -48.4782
      vertex 16.6123 -64 -48.4782
      vertex 16.8 -64 -48.3856
    endloop
  endfacet
  facet normal 0 -1 0
    outer loop
      vertex 15.5859 -64 -48.5455
      vertex 16.6123 -64 -48.4782
      vertex 15.3877 -64 -48.4782
    endloop
  endfacet
  facet normal 0 -1 0
    outer loop
      vertex 15.5859 -64 -48.5455
      vertex 16.4141 -64 -48.5455
      vertex 16.6123 -64 -48.4782
    endloop
  endfacet
  facet normal 0 -1 0
    outer loop
      vertex 15.7912 -64 -48.5863
      vertex 16.4141 -64 -48.5455
      vertex 15.5859 -64 -48.5455
    endloop
  endfacet
  facet normal 0 -1 0
    outer loop
      vertex 15.7912 -64 -48.5863
      vertex 16.2088 -64 -48.5863
      vertex 16.4141 -64 -48.5455
    endloop
  endfacet
  facet normal -0 -1 0
    outer loop
      vertex 16.2088 -64 -48.5863
      vertex 15.7912 -64 -48.5863
      vertex 16 -64 -48.6
    endloop
  endfacet
  facet normal -0.0654722 0 -0.997854
    outer loop
      vertex 15.7912 -64 -48.5863
      vertex 16 -60 -48.6
      vertex 16 -64 -48.6
    endloop
  endfacet
  facet normal -0.0654722 0 -0.997854
    outer loop
      vertex 16 -60 -48.6
      vertex 15.7912 -64 -48.5863
      vertex 15.7912 -60 -48.5863
    endloop
  endfacet
  facet normal 0.751925 0 -0.659248
    outer loop
      vertex 17.2694 -64 -47.974
      vertex 17.1314 -60 -48.1314
      vertex 17.2694 -60 -47.974
    endloop
  endfacet
  facet normal 0.751925 0 -0.659248
    outer loop
      vertex 17.1314 -60 -48.1314
      vertex 17.2694 -64 -47.974
      vertex 17.1314 -64 -48.1314
    endloop
  endfacet
  facet normal -0.831609 0 0.555362
    outer loop
      vertex 14.6144 -64 -46.2
      vertex 14.7306 -60 -46.026
      vertex 14.6144 -60 -46.2
    endloop
  endfacet
  facet normal -0.831609 0 0.555362
    outer loop
      vertex 14.7306 -60 -46.026
      vertex 14.6144 -64 -46.2
      vertex 14.7306 -64 -46.026
    endloop
  endfacet
  facet normal -0.896803 0 -0.442429
    outer loop
      vertex 14.6144 -64 -47.8
      vertex 14.5218 -60 -47.6123
      vertex 14.6144 -60 -47.8
    endloop
  endfacet
  facet normal -0.896803 -0 -0.442429
    outer loop
      vertex 14.5218 -60 -47.6123
      vertex 14.6144 -64 -47.8
      vertex 14.5218 -64 -47.6123
    endloop
  endfacet
  facet normal 0.194922 0 0.980819
    outer loop
      vertex 24.2088 -60 -45.4137
      vertex 24.4141 -64 -45.4545
      vertex 24.4141 -60 -45.4545
    endloop
  endfacet
  facet normal 0.194922 0 0.980819
    outer loop
      vertex 24.4141 -64 -45.4545
      vertex 24.2088 -60 -45.4137
      vertex 24.2088 -64 -45.4137
    endloop
  endfacet
  facet normal 0.980819 -0 0.194922
    outer loop
      vertex 25.5455 -64 -46.5859
      vertex 25.5863 -60 -46.7912
      vertex 25.5455 -60 -46.5859
    endloop
  endfacet
  facet normal 0.980819 0 0.194922
    outer loop
      vertex 25.5863 -60 -46.7912
      vertex 25.5455 -64 -46.5859
      vertex 25.5863 -64 -46.7912
    endloop
  endfacet
  facet normal 0.997854 -0 0.0654722
    outer loop
      vertex 25.5863 -64 -46.7912
      vertex 25.6 -60 -47
      vertex 25.5863 -60 -46.7912
    endloop
  endfacet
  facet normal 0.997854 0 0.0654722
    outer loop
      vertex 25.6 -60 -47
      vertex 25.5863 -64 -46.7912
      vertex 25.6 -64 -47
    endloop
  endfacet
  facet normal 0.321526 0 0.946901
    outer loop
      vertex 24.4141 -60 -45.4545
      vertex 24.6123 -64 -45.5218
      vertex 24.6123 -60 -45.5218
    endloop
  endfacet
  facet normal 0.321526 0 0.946901
    outer loop
      vertex 24.6123 -64 -45.5218
      vertex 24.4141 -60 -45.4545
      vertex 24.4141 -64 -45.4545
    endloop
  endfacet
  facet normal -0.555362 0 -0.831609
    outer loop
      vertex 23.026 -64 -48.2694
      vertex 23.2 -60 -48.3856
      vertex 23.2 -64 -48.3856
    endloop
  endfacet
  facet normal -0.555362 0 -0.831609
    outer loop
      vertex 23.2 -60 -48.3856
      vertex 23.026 -64 -48.2694
      vertex 23.026 -60 -48.2694
    endloop
  endfacet
  facet normal -0.321526 0 -0.946901
    outer loop
      vertex 23.3877 -64 -48.4782
      vertex 23.5859 -60 -48.5455
      vertex 23.5859 -64 -48.5455
    endloop
  endfacet
  facet normal -0.321526 0 -0.946901
    outer loop
      vertex 23.5859 -60 -48.5455
      vertex 23.3877 -64 -48.4782
      vertex 23.3877 -60 -48.4782
    endloop
  endfacet
  facet normal -0.321526 0 0.946901
    outer loop
      vertex 23.3877 -60 -45.5218
      vertex 23.5859 -64 -45.4545
      vertex 23.5859 -60 -45.4545
    endloop
  endfacet
  facet normal -0.321526 0 0.946901
    outer loop
      vertex 23.5859 -64 -45.4545
      vertex 23.3877 -60 -45.5218
      vertex 23.3877 -64 -45.5218
    endloop
  endfacet
  facet normal 0.751925 -0 0.659248
    outer loop
      vertex 25.1314 -64 -45.8686
      vertex 25.2694 -60 -46.026
      vertex 25.1314 -60 -45.8686
    endloop
  endfacet
  facet normal 0.751925 0 0.659248
    outer loop
      vertex 25.2694 -60 -46.026
      vertex 25.1314 -64 -45.8686
      vertex 25.2694 -64 -46.026
    endloop
  endfacet
  facet normal 0 1 0
    outer loop
      vertex 24.2088 -60 -45.4137
      vertex 23.7912 -60 -45.4137
      vertex 24 -60 -45.4
    endloop
  endfacet
  facet normal 0 1 0
    outer loop
      vertex 24.4141 -60 -45.4545
      vertex 23.7912 -60 -45.4137
      vertex 24.2088 -60 -45.4137
    endloop
  endfacet
  facet normal 0 1 0
    outer loop
      vertex 24.4141 -60 -45.4545
      vertex 23.5859 -60 -45.4545
      vertex 23.7912 -60 -45.4137
    endloop
  endfacet
  facet normal 0 1 0
    outer loop
      vertex 24.6123 -60 -45.5218
      vertex 23.5859 -60 -45.4545
      vertex 24.4141 -60 -45.4545
    endloop
  endfacet
  facet normal 0 1 0
    outer loop
      vertex 24.6123 -60 -45.5218
      vertex 23.3877 -60 -45.5218
      vertex 23.5859 -60 -45.4545
    endloop
  endfacet
  facet normal 0 1 0
    outer loop
      vertex 24.8 -60 -45.6144
      vertex 23.3877 -60 -45.5218
      vertex 24.6123 -60 -45.5218
    endloop
  endfacet
  facet normal 0 1 0
    outer loop
      vertex 24.8 -60 -45.6144
      vertex 23.2 -60 -45.6144
      vertex 23.3877 -60 -45.5218
    endloop
  endfacet
  facet normal 0 1 0
    outer loop
      vertex 24.974 -60 -45.7306
      vertex 23.2 -60 -45.6144
      vertex 24.8 -60 -45.6144
    endloop
  endfacet
  facet normal 0 1 0
    outer loop
      vertex 24.974 -60 -45.7306
      vertex 23.026 -60 -45.7306
      vertex 23.2 -60 -45.6144
    endloop
  endfacet
  facet normal 0 1 0
    outer loop
      vertex 25.1314 -60 -45.8686
      vertex 23.026 -60 -45.7306
      vertex 24.974 -60 -45.7306
    endloop
  endfacet
  facet normal 0 1 0
    outer loop
      vertex 25.1314 -60 -45.8686
      vertex 22.8686 -60 -45.8686
      vertex 23.026 -60 -45.7306
    endloop
  endfacet
  facet normal 0 1 0
    outer loop
      vertex 25.2694 -60 -46.026
      vertex 22.8686 -60 -45.8686
      vertex 25.1314 -60 -45.8686
    endloop
  endfacet
  facet normal 0 1 0
    outer loop
      vertex 25.2694 -60 -46.026
      vertex 22.7306 -60 -46.026
      vertex 22.8686 -60 -45.8686
    endloop
  endfacet
  facet normal 0 1 0
    outer loop
      vertex 25.3856 -60 -46.2
      vertex 22.7306 -60 -46.026
      vertex 25.2694 -60 -46.026
    endloop
  endfacet
  facet normal 0 1 0
    outer loop
      vertex 25.3856 -60 -46.2
      vertex 22.6144 -60 -46.2
      vertex 22.7306 -60 -46.026
    endloop
  endfacet
  facet normal 0 1 0
    outer loop
      vertex 25.4782 -60 -46.3877
      vertex 22.6144 -60 -46.2
      vertex 25.3856 -60 -46.2
    endloop
  endfacet
  facet normal 0 1 0
    outer loop
      vertex 25.4782 -60 -46.3877
      vertex 22.5218 -60 -46.3877
      vertex 22.6144 -60 -46.2
    endloop
  endfacet
  facet normal 0 1 0
    outer loop
      vertex 25.5455 -60 -46.5859
      vertex 22.5218 -60 -46.3877
      vertex 25.4782 -60 -46.3877
    endloop
  endfacet
  facet normal 0 1 0
    outer loop
      vertex 25.5455 -60 -46.5859
      vertex 22.4545 -60 -46.5859
      vertex 22.5218 -60 -46.3877
    endloop
  endfacet
  facet normal 0 1 0
    outer loop
      vertex 25.5863 -60 -46.7912
      vertex 22.4545 -60 -46.5859
      vertex 25.5455 -60 -46.5859
    endloop
  endfacet
  facet normal 0 1 0
    outer loop
      vertex 25.5863 -60 -46.7912
      vertex 22.4137 -60 -46.7912
      vertex 22.4545 -60 -46.5859
    endloop
  endfacet
  facet normal 0 1 0
    outer loop
      vertex 25.6 -60 -47
      vertex 22.4137 -60 -46.7912
      vertex 25.5863 -60 -46.7912
    endloop
  endfacet
  facet normal 0 1 0
    outer loop
      vertex 25.6 -60 -47
      vertex 22.4 -60 -47
      vertex 22.4137 -60 -46.7912
    endloop
  endfacet
  facet normal 0 1 -0
    outer loop
      vertex 25.5863 -60 -47.2088
      vertex 22.4 -60 -47
      vertex 25.6 -60 -47
    endloop
  endfacet
  facet normal 0 1 0
    outer loop
      vertex 25.5863 -60 -47.2088
      vertex 22.4137 -60 -47.2088
      vertex 22.4 -60 -47
    endloop
  endfacet
  facet normal 0 1 -0
    outer loop
      vertex 25.5455 -60 -47.4141
      vertex 22.4137 -60 -47.2088
      vertex 25.5863 -60 -47.2088
    endloop
  endfacet
  facet normal 0 1 0
    outer loop
      vertex 25.5455 -60 -47.4141
      vertex 22.4545 -60 -47.4141
      vertex 22.4137 -60 -47.2088
    endloop
  endfacet
  facet normal 0 1 -0
    outer loop
      vertex 25.4782 -60 -47.6123
      vertex 22.4545 -60 -47.4141
      vertex 25.5455 -60 -47.4141
    endloop
  endfacet
  facet normal 0 1 0
    outer loop
      vertex 25.4782 -60 -47.6123
      vertex 22.5218 -60 -47.6123
      vertex 22.4545 -60 -47.4141
    endloop
  endfacet
  facet normal 0 1 -0
    outer loop
      vertex 25.3856 -60 -47.8
      vertex 22.5218 -60 -47.6123
      vertex 25.4782 -60 -47.6123
    endloop
  endfacet
  facet normal 0 1 0
    outer loop
      vertex 25.3856 -60 -47.8
      vertex 22.6144 -60 -47.8
      vertex 22.5218 -60 -47.6123
    endloop
  endfacet
  facet normal 0 1 -0
    outer loop
      vertex 25.2694 -60 -47.974
      vertex 22.6144 -60 -47.8
      vertex 25.3856 -60 -47.8
    endloop
  endfacet
  facet normal 0 1 0
    outer loop
      vertex 25.2694 -60 -47.974
      vertex 22.7306 -60 -47.974
      vertex 22.6144 -60 -47.8
    endloop
  endfacet
  facet normal 0 1 -0
    outer loop
      vertex 25.1314 -60 -48.1314
      vertex 22.7306 -60 -47.974
      vertex 25.2694 -60 -47.974
    endloop
  endfacet
  facet normal 0 1 0
    outer loop
      vertex 25.1314 -60 -48.1314
      vertex 22.8686 -60 -48.1314
      vertex 22.7306 -60 -47.974
    endloop
  endfacet
  facet normal 0 1 -0
    outer loop
      vertex 24.974 -60 -48.2694
      vertex 22.8686 -60 -48.1314
      vertex 25.1314 -60 -48.1314
    endloop
  endfacet
  facet normal 0 1 0
    outer loop
      vertex 24.974 -60 -48.2694
      vertex 23.026 -60 -48.2694
      vertex 22.8686 -60 -48.1314
    endloop
  endfacet
  facet normal 0 1 -0
    outer loop
      vertex 24.8 -60 -48.3856
      vertex 23.026 -60 -48.2694
      vertex 24.974 -60 -48.2694
    endloop
  endfacet
  facet normal 0 1 0
    outer loop
      vertex 24.8 -60 -48.3856
      vertex 23.2 -60 -48.3856
      vertex 23.026 -60 -48.2694
    endloop
  endfacet
  facet normal 0 1 -0
    outer loop
      vertex 24.6123 -60 -48.4782
      vertex 23.2 -60 -48.3856
      vertex 24.8 -60 -48.3856
    endloop
  endfacet
  facet normal 0 1 0
    outer loop
      vertex 24.6123 -60 -48.4782
      vertex 23.3877 -60 -48.4782
      vertex 23.2 -60 -48.3856
    endloop
  endfacet
  facet normal 0 1 -0
    outer loop
      vertex 24.4141 -60 -48.5455
      vertex 23.3877 -60 -48.4782
      vertex 24.6123 -60 -48.4782
    endloop
  endfacet
  facet normal 0 1 0
    outer loop
      vertex 24.4141 -60 -48.5455
      vertex 23.5859 -60 -48.5455
      vertex 23.3877 -60 -48.4782
    endloop
  endfacet
  facet normal 0 1 -0
    outer loop
      vertex 24.2088 -60 -48.5863
      vertex 23.5859 -60 -48.5455
      vertex 24.4141 -60 -48.5455
    endloop
  endfacet
  facet normal 0 1 0
    outer loop
      vertex 24.2088 -60 -48.5863
      vertex 23.7912 -60 -48.5863
      vertex 23.5859 -60 -48.5455
    endloop
  endfacet
  facet normal -0 1 0
    outer loop
      vertex 23.7912 -60 -48.5863
      vertex 24.2088 -60 -48.5863
      vertex 24 -60 -48.6
    endloop
  endfacet
  facet normal -0.751925 0 -0.659248
    outer loop
      vertex 22.8686 -64 -48.1314
      vertex 22.7306 -60 -47.974
      vertex 22.8686 -60 -48.1314
    endloop
  endfacet
  facet normal -0.751925 -0 -0.659248
    outer loop
      vertex 22.7306 -60 -47.974
      vertex 22.8686 -64 -48.1314
      vertex 22.7306 -64 -47.974
    endloop
  endfacet
  facet normal 0.946901 0 -0.321526
    outer loop
      vertex 25.5455 -64 -47.4141
      vertex 25.4782 -60 -47.6123
      vertex 25.5455 -60 -47.4141
    endloop
  endfacet
  facet normal 0.946901 0 -0.321526
    outer loop
      vertex 25.4782 -60 -47.6123
      vertex 25.5455 -64 -47.4141
      vertex 25.4782 -64 -47.6123
    endloop
  endfacet
  facet normal 0.831609 -0 0.555362
    outer loop
      vertex 25.2694 -64 -46.026
      vertex 25.3856 -60 -46.2
      vertex 25.2694 -60 -46.026
    endloop
  endfacet
  facet normal 0.831609 0 0.555362
    outer loop
      vertex 25.3856 -60 -46.2
      vertex 25.2694 -64 -46.026
      vertex 25.3856 -64 -46.2
    endloop
  endfacet
  facet normal 0.946901 -0 0.321526
    outer loop
      vertex 25.4782 -64 -46.3877
      vertex 25.5455 -60 -46.5859
      vertex 25.4782 -60 -46.3877
    endloop
  endfacet
  facet normal 0.946901 0 0.321526
    outer loop
      vertex 25.5455 -60 -46.5859
      vertex 25.4782 -64 -46.3877
      vertex 25.5455 -64 -46.5859
    endloop
  endfacet
  facet normal 0.980819 0 -0.194922
    outer loop
      vertex 25.5863 -64 -47.2088
      vertex 25.5455 -60 -47.4141
      vertex 25.5863 -60 -47.2088
    endloop
  endfacet
  facet normal 0.980819 0 -0.194922
    outer loop
      vertex 25.5455 -60 -47.4141
      vertex 25.5863 -64 -47.2088
      vertex 25.5455 -64 -47.4141
    endloop
  endfacet
  facet normal 0.659248 0 0.751925
    outer loop
      vertex 24.974 -60 -45.7306
      vertex 25.1314 -64 -45.8686
      vertex 25.1314 -60 -45.8686
    endloop
  endfacet
  facet normal 0.659248 0 0.751925
    outer loop
      vertex 25.1314 -64 -45.8686
      vertex 24.974 -60 -45.7306
      vertex 24.974 -64 -45.7306
    endloop
  endfacet
  facet normal 0.831609 0 -0.555362
    outer loop
      vertex 25.3856 -64 -47.8
      vertex 25.2694 -60 -47.974
      vertex 25.3856 -60 -47.8
    endloop
  endfacet
  facet normal 0.831609 0 -0.555362
    outer loop
      vertex 25.2694 -60 -47.974
      vertex 25.3856 -64 -47.8
      vertex 25.2694 -64 -47.974
    endloop
  endfacet
  facet normal 0.442429 0 0.896803
    outer loop
      vertex 24.6123 -60 -45.5218
      vertex 24.8 -64 -45.6144
      vertex 24.8 -60 -45.6144
    endloop
  endfacet
  facet normal 0.442429 0 0.896803
    outer loop
      vertex 24.8 -64 -45.6144
      vertex 24.6123 -60 -45.5218
      vertex 24.6123 -64 -45.5218
    endloop
  endfacet
  facet normal -0.442429 0 0.896803
    outer loop
      vertex 23.2 -60 -45.6144
      vertex 23.3877 -64 -45.5218
      vertex 23.3877 -60 -45.5218
    endloop
  endfacet
  facet normal -0.442429 0 0.896803
    outer loop
      vertex 23.3877 -64 -45.5218
      vertex 23.2 -60 -45.6144
      vertex 23.2 -64 -45.6144
    endloop
  endfacet
  facet normal 0.896803 -0 0.442429
    outer loop
      vertex 25.3856 -64 -46.2
      vertex 25.4782 -60 -46.3877
      vertex 25.3856 -60 -46.2
    endloop
  endfacet
  facet normal 0.896803 0 0.442429
    outer loop
      vertex 25.4782 -60 -46.3877
      vertex 25.3856 -64 -46.2
      vertex 25.4782 -64 -46.3877
    endloop
  endfacet
  facet normal -0.194922 0 0.980819
    outer loop
      vertex 23.5859 -60 -45.4545
      vertex 23.7912 -64 -45.4137
      vertex 23.7912 -60 -45.4137
    endloop
  endfacet
  facet normal -0.194922 0 0.980819
    outer loop
      vertex 23.7912 -64 -45.4137
      vertex 23.5859 -60 -45.4545
      vertex 23.5859 -64 -45.4545
    endloop
  endfacet
  facet normal -0.555362 0 0.831609
    outer loop
      vertex 23.026 -60 -45.7306
      vertex 23.2 -64 -45.6144
      vertex 23.2 -60 -45.6144
    endloop
  endfacet
  facet normal -0.555362 0 0.831609
    outer loop
      vertex 23.2 -64 -45.6144
      vertex 23.026 -60 -45.7306
      vertex 23.026 -64 -45.7306
    endloop
  endfacet
  facet normal 0.321526 0 -0.946901
    outer loop
      vertex 24.4141 -64 -48.5455
      vertex 24.6123 -60 -48.4782
      vertex 24.6123 -64 -48.4782
    endloop
  endfacet
  facet normal 0.321526 0 -0.946901
    outer loop
      vertex 24.6123 -60 -48.4782
      vertex 24.4141 -64 -48.5455
      vertex 24.4141 -60 -48.5455
    endloop
  endfacet
  facet normal -0.442429 0 -0.896803
    outer loop
      vertex 23.2 -64 -48.3856
      vertex 23.3877 -60 -48.4782
      vertex 23.3877 -64 -48.4782
    endloop
  endfacet
  facet normal -0.442429 0 -0.896803
    outer loop
      vertex 23.3877 -60 -48.4782
      vertex 23.2 -64 -48.3856
      vertex 23.2 -60 -48.3856
    endloop
  endfacet
  facet normal -0.831609 0 -0.555362
    outer loop
      vertex 22.7306 -64 -47.974
      vertex 22.6144 -60 -47.8
      vertex 22.7306 -60 -47.974
    endloop
  endfacet
  facet normal -0.831609 -0 -0.555362
    outer loop
      vertex 22.6144 -60 -47.8
      vertex 22.7306 -64 -47.974
      vertex 22.6144 -64 -47.8
    endloop
  endfacet
  facet normal -0.980819 0 -0.194922
    outer loop
      vertex 22.4545 -64 -47.4141
      vertex 22.4137 -60 -47.2088
      vertex 22.4545 -60 -47.4141
    endloop
  endfacet
  facet normal -0.980819 -0 -0.194922
    outer loop
      vertex 22.4137 -60 -47.2088
      vertex 22.4545 -64 -47.4141
      vertex 22.4137 -64 -47.2088
    endloop
  endfacet
  facet normal 0.442429 0 -0.896803
    outer loop
      vertex 24.6123 -64 -48.4782
      vertex 24.8 -60 -48.3856
      vertex 24.8 -64 -48.3856
    endloop
  endfacet
  facet normal 0.442429 0 -0.896803
    outer loop
      vertex 24.8 -60 -48.3856
      vertex 24.6123 -64 -48.4782
      vertex 24.6123 -60 -48.4782
    endloop
  endfacet
  facet normal 0.555362 0 -0.831609
    outer loop
      vertex 24.8 -64 -48.3856
      vertex 24.974 -60 -48.2694
      vertex 24.974 -64 -48.2694
    endloop
  endfacet
  facet normal 0.555362 0 -0.831609
    outer loop
      vertex 24.974 -60 -48.2694
      vertex 24.8 -64 -48.3856
      vertex 24.8 -60 -48.3856
    endloop
  endfacet
  facet normal -0.997854 0 0.0654722
    outer loop
      vertex 22.4 -64 -47
      vertex 22.4137 -60 -46.7912
      vertex 22.4 -60 -47
    endloop
  endfacet
  facet normal -0.997854 0 0.0654722
    outer loop
      vertex 22.4137 -60 -46.7912
      vertex 22.4 -64 -47
      vertex 22.4137 -64 -46.7912
    endloop
  endfacet
  facet normal -0.997854 0 -0.0654722
    outer loop
      vertex 22.4137 -64 -47.2088
      vertex 22.4 -60 -47
      vertex 22.4137 -60 -47.2088
    endloop
  endfacet
  facet normal -0.997854 -0 -0.0654722
    outer loop
      vertex 22.4 -60 -47
      vertex 22.4137 -64 -47.2088
      vertex 22.4 -64 -47
    endloop
  endfacet
  facet normal 0.896803 0 -0.442429
    outer loop
      vertex 25.4782 -64 -47.6123
      vertex 25.3856 -60 -47.8
      vertex 25.4782 -60 -47.6123
    endloop
  endfacet
  facet normal 0.896803 0 -0.442429
    outer loop
      vertex 25.3856 -60 -47.8
      vertex 25.4782 -64 -47.6123
      vertex 25.3856 -64 -47.8
    endloop
  endfacet
  facet normal -0.946901 0 0.321526
    outer loop
      vertex 22.4545 -64 -46.5859
      vertex 22.5218 -60 -46.3877
      vertex 22.4545 -60 -46.5859
    endloop
  endfacet
  facet normal -0.946901 0 0.321526
    outer loop
      vertex 22.5218 -60 -46.3877
      vertex 22.4545 -64 -46.5859
      vertex 22.5218 -64 -46.3877
    endloop
  endfacet
  facet normal 0.0654722 0 -0.997854
    outer loop
      vertex 24 -64 -48.6
      vertex 24.2088 -60 -48.5863
      vertex 24.2088 -64 -48.5863
    endloop
  endfacet
  facet normal 0.0654722 0 -0.997854
    outer loop
      vertex 24.2088 -60 -48.5863
      vertex 24 -64 -48.6
      vertex 24 -60 -48.6
    endloop
  endfacet
  facet normal -0.659248 0 -0.751925
    outer loop
      vertex 22.8686 -64 -48.1314
      vertex 23.026 -60 -48.2694
      vertex 23.026 -64 -48.2694
    endloop
  endfacet
  facet normal -0.659248 0 -0.751925
    outer loop
      vertex 23.026 -60 -48.2694
      vertex 22.8686 -64 -48.1314
      vertex 22.8686 -60 -48.1314
    endloop
  endfacet
  facet normal 0.659248 0 -0.751925
    outer loop
      vertex 24.974 -64 -48.2694
      vertex 25.1314 -60 -48.1314
      vertex 25.1314 -64 -48.1314
    endloop
  endfacet
  facet normal 0.659248 0 -0.751925
    outer loop
      vertex 25.1314 -60 -48.1314
      vertex 24.974 -64 -48.2694
      vertex 24.974 -60 -48.2694
    endloop
  endfacet
  facet normal 0.0654722 0 0.997854
    outer loop
      vertex 24 -60 -45.4
      vertex 24.2088 -64 -45.4137
      vertex 24.2088 -60 -45.4137
    endloop
  endfacet
  facet normal 0.0654722 0 0.997854
    outer loop
      vertex 24.2088 -64 -45.4137
      vertex 24 -60 -45.4
      vertex 24 -64 -45.4
    endloop
  endfacet
  facet normal -0.896803 0 0.442429
    outer loop
      vertex 22.5218 -64 -46.3877
      vertex 22.6144 -60 -46.2
      vertex 22.5218 -60 -46.3877
    endloop
  endfacet
  facet normal -0.896803 0 0.442429
    outer loop
      vertex 22.6144 -60 -46.2
      vertex 22.5218 -64 -46.3877
      vertex 22.6144 -64 -46.2
    endloop
  endfacet
  facet normal 0.997854 0 -0.0654722
    outer loop
      vertex 25.6 -64 -47
      vertex 25.5863 -60 -47.2088
      vertex 25.6 -60 -47
    endloop
  endfacet
  facet normal 0.997854 0 -0.0654722
    outer loop
      vertex 25.5863 -60 -47.2088
      vertex 25.6 -64 -47
      vertex 25.5863 -64 -47.2088
    endloop
  endfacet
  facet normal 0.194922 0 -0.980819
    outer loop
      vertex 24.2088 -64 -48.5863
      vertex 24.4141 -60 -48.5455
      vertex 24.4141 -64 -48.5455
    endloop
  endfacet
  facet normal 0.194922 0 -0.980819
    outer loop
      vertex 24.4141 -60 -48.5455
      vertex 24.2088 -64 -48.5863
      vertex 24.2088 -60 -48.5863
    endloop
  endfacet
  facet normal -0.659248 0 0.751925
    outer loop
      vertex 22.8686 -60 -45.8686
      vertex 23.026 -64 -45.7306
      vertex 23.026 -60 -45.7306
    endloop
  endfacet
  facet normal -0.659248 0 0.751925
    outer loop
      vertex 23.026 -64 -45.7306
      vertex 22.8686 -60 -45.8686
      vertex 22.8686 -64 -45.8686
    endloop
  endfacet
  facet normal 0.555362 0 0.831609
    outer loop
      vertex 24.8 -60 -45.6144
      vertex 24.974 -64 -45.7306
      vertex 24.974 -60 -45.7306
    endloop
  endfacet
  facet normal 0.555362 0 0.831609
    outer loop
      vertex 24.974 -64 -45.7306
      vertex 24.8 -60 -45.6144
      vertex 24.8 -64 -45.6144
    endloop
  endfacet
  facet normal -0.0654722 0 -0.997854
    outer loop
      vertex 23.7912 -64 -48.5863
      vertex 24 -60 -48.6
      vertex 24 -64 -48.6
    endloop
  endfacet
  facet normal -0.0654722 0 -0.997854
    outer loop
      vertex 24 -60 -48.6
      vertex 23.7912 -64 -48.5863
      vertex 23.7912 -60 -48.5863
    endloop
  endfacet
  facet normal -0.751925 0 0.659248
    outer loop
      vertex 22.7306 -64 -46.026
      vertex 22.8686 -60 -45.8686
      vertex 22.7306 -60 -46.026
    endloop
  endfacet
  facet normal -0.751925 0 0.659248
    outer loop
      vertex 22.8686 -60 -45.8686
      vertex 22.7306 -64 -46.026
      vertex 22.8686 -64 -45.8686
    endloop
  endfacet
  facet normal -0.0654722 0 0.997854
    outer loop
      vertex 23.7912 -60 -45.4137
      vertex 24 -64 -45.4
      vertex 24 -60 -45.4
    endloop
  endfacet
  facet normal -0.0654722 0 0.997854
    outer loop
      vertex 24 -64 -45.4
      vertex 23.7912 -60 -45.4137
      vertex 23.7912 -64 -45.4137
    endloop
  endfacet
  facet normal -0.194922 0 -0.980819
    outer loop
      vertex 23.5859 -64 -48.5455
      vertex 23.7912 -60 -48.5863
      vertex 23.7912 -64 -48.5863
    endloop
  endfacet
  facet normal -0.194922 0 -0.980819
    outer loop
      vertex 23.7912 -60 -48.5863
      vertex 23.5859 -64 -48.5455
      vertex 23.5859 -60 -48.5455
    endloop
  endfacet
  facet normal -0.980819 0 0.194922
    outer loop
      vertex 22.4137 -64 -46.7912
      vertex 22.4545 -60 -46.5859
      vertex 22.4137 -60 -46.7912
    endloop
  endfacet
  facet normal -0.980819 0 0.194922
    outer loop
      vertex 22.4545 -60 -46.5859
      vertex 22.4137 -64 -46.7912
      vertex 22.4545 -64 -46.5859
    endloop
  endfacet
  facet normal -0.946901 0 -0.321526
    outer loop
      vertex 22.5218 -64 -47.6123
      vertex 22.4545 -60 -47.4141
      vertex 22.5218 -60 -47.6123
    endloop
  endfacet
  facet normal -0.946901 -0 -0.321526
    outer loop
      vertex 22.4545 -60 -47.4141
      vertex 22.5218 -64 -47.6123
      vertex 22.4545 -64 -47.4141
    endloop
  endfacet
  facet normal 0 -1 0
    outer loop
      vertex 23.7912 -64 -45.4137
      vertex 24.2088 -64 -45.4137
      vertex 24 -64 -45.4
    endloop
  endfacet
  facet normal 0 -1 0
    outer loop
      vertex 23.5859 -64 -45.4545
      vertex 24.2088 -64 -45.4137
      vertex 23.7912 -64 -45.4137
    endloop
  endfacet
  facet normal 0 -1 0
    outer loop
      vertex 23.5859 -64 -45.4545
      vertex 24.4141 -64 -45.4545
      vertex 24.2088 -64 -45.4137
    endloop
  endfacet
  facet normal 0 -1 0
    outer loop
      vertex 23.3877 -64 -45.5218
      vertex 24.4141 -64 -45.4545
      vertex 23.5859 -64 -45.4545
    endloop
  endfacet
  facet normal 0 -1 0
    outer loop
      vertex 23.3877 -64 -45.5218
      vertex 24.6123 -64 -45.5218
      vertex 24.4141 -64 -45.4545
    endloop
  endfacet
  facet normal 0 -1 0
    outer loop
      vertex 23.2 -64 -45.6144
      vertex 24.6123 -64 -45.5218
      vertex 23.3877 -64 -45.5218
    endloop
  endfacet
  facet normal 0 -1 0
    outer loop
      vertex 23.2 -64 -45.6144
      vertex 24.8 -64 -45.6144
      vertex 24.6123 -64 -45.5218
    endloop
  endfacet
  facet normal 0 -1 0
    outer loop
      vertex 23.026 -64 -45.7306
      vertex 24.8 -64 -45.6144
      vertex 23.2 -64 -45.6144
    endloop
  endfacet
  facet normal 0 -1 0
    outer loop
      vertex 23.026 -64 -45.7306
      vertex 24.974 -64 -45.7306
      vertex 24.8 -64 -45.6144
    endloop
  endfacet
  facet normal 0 -1 0
    outer loop
      vertex 22.8686 -64 -45.8686
      vertex 24.974 -64 -45.7306
      vertex 23.026 -64 -45.7306
    endloop
  endfacet
  facet normal 0 -1 0
    outer loop
      vertex 22.8686 -64 -45.8686
      vertex 25.1314 -64 -45.8686
      vertex 24.974 -64 -45.7306
    endloop
  endfacet
  facet normal 0 -1 0
    outer loop
      vertex 22.7306 -64 -46.026
      vertex 25.1314 -64 -45.8686
      vertex 22.8686 -64 -45.8686
    endloop
  endfacet
  facet normal 0 -1 0
    outer loop
      vertex 22.7306 -64 -46.026
      vertex 25.2694 -64 -46.026
      vertex 25.1314 -64 -45.8686
    endloop
  endfacet
  facet normal 0 -1 0
    outer loop
      vertex 22.6144 -64 -46.2
      vertex 25.2694 -64 -46.026
      vertex 22.7306 -64 -46.026
    endloop
  endfacet
  facet normal 0 -1 0
    outer loop
      vertex 22.6144 -64 -46.2
      vertex 25.3856 -64 -46.2
      vertex 25.2694 -64 -46.026
    endloop
  endfacet
  facet normal 0 -1 0
    outer loop
      vertex 22.5218 -64 -46.3877
      vertex 25.3856 -64 -46.2
      vertex 22.6144 -64 -46.2
    endloop
  endfacet
  facet normal 0 -1 0
    outer loop
      vertex 22.5218 -64 -46.3877
      vertex 25.4782 -64 -46.3877
      vertex 25.3856 -64 -46.2
    endloop
  endfacet
  facet normal 0 -1 0
    outer loop
      vertex 22.4545 -64 -46.5859
      vertex 25.4782 -64 -46.3877
      vertex 22.5218 -64 -46.3877
    endloop
  endfacet
  facet normal 0 -1 0
    outer loop
      vertex 22.4545 -64 -46.5859
      vertex 25.5455 -64 -46.5859
      vertex 25.4782 -64 -46.3877
    endloop
  endfacet
  facet normal 0 -1 0
    outer loop
      vertex 22.4137 -64 -46.7912
      vertex 25.5455 -64 -46.5859
      vertex 22.4545 -64 -46.5859
    endloop
  endfacet
  facet normal 0 -1 0
    outer loop
      vertex 22.4137 -64 -46.7912
      vertex 25.5863 -64 -46.7912
      vertex 25.5455 -64 -46.5859
    endloop
  endfacet
  facet normal 0 -1 0
    outer loop
      vertex 22.4 -64 -47
      vertex 25.5863 -64 -46.7912
      vertex 22.4137 -64 -46.7912
    endloop
  endfacet
  facet normal 0 -1 0
    outer loop
      vertex 22.4 -64 -47
      vertex 25.6 -64 -47
      vertex 25.5863 -64 -46.7912
    endloop
  endfacet
  facet normal 0 -1 0
    outer loop
      vertex 22.4137 -64 -47.2088
      vertex 25.6 -64 -47
      vertex 22.4 -64 -47
    endloop
  endfacet
  facet normal 0 -1 0
    outer loop
      vertex 22.4137 -64 -47.2088
      vertex 25.5863 -64 -47.2088
      vertex 25.6 -64 -47
    endloop
  endfacet
  facet normal 0 -1 0
    outer loop
      vertex 22.4545 -64 -47.4141
      vertex 25.5863 -64 -47.2088
      vertex 22.4137 -64 -47.2088
    endloop
  endfacet
  facet normal 0 -1 0
    outer loop
      vertex 22.4545 -64 -47.4141
      vertex 25.5455 -64 -47.4141
      vertex 25.5863 -64 -47.2088
    endloop
  endfacet
  facet normal 0 -1 0
    outer loop
      vertex 22.5218 -64 -47.6123
      vertex 25.5455 -64 -47.4141
      vertex 22.4545 -64 -47.4141
    endloop
  endfacet
  facet normal 0 -1 0
    outer loop
      vertex 22.5218 -64 -47.6123
      vertex 25.4782 -64 -47.6123
      vertex 25.5455 -64 -47.4141
    endloop
  endfacet
  facet normal 0 -1 0
    outer loop
      vertex 22.6144 -64 -47.8
      vertex 25.4782 -64 -47.6123
      vertex 22.5218 -64 -47.6123
    endloop
  endfacet
  facet normal 0 -1 0
    outer loop
      vertex 22.6144 -64 -47.8
      vertex 25.3856 -64 -47.8
      vertex 25.4782 -64 -47.6123
    endloop
  endfacet
  facet normal 0 -1 0
    outer loop
      vertex 22.7306 -64 -47.974
      vertex 25.3856 -64 -47.8
      vertex 22.6144 -64 -47.8
    endloop
  endfacet
  facet normal 0 -1 0
    outer loop
      vertex 22.7306 -64 -47.974
      vertex 25.2694 -64 -47.974
      vertex 25.3856 -64 -47.8
    endloop
  endfacet
  facet normal 0 -1 0
    outer loop
      vertex 22.8686 -64 -48.1314
      vertex 25.2694 -64 -47.974
      vertex 22.7306 -64 -47.974
    endloop
  endfacet
  facet normal 0 -1 0
    outer loop
      vertex 22.8686 -64 -48.1314
      vertex 25.1314 -64 -48.1314
      vertex 25.2694 -64 -47.974
    endloop
  endfacet
  facet normal 0 -1 0
    outer loop
      vertex 23.026 -64 -48.2694
      vertex 25.1314 -64 -48.1314
      vertex 22.8686 -64 -48.1314
    endloop
  endfacet
  facet normal 0 -1 0
    outer loop
      vertex 23.026 -64 -48.2694
      vertex 24.974 -64 -48.2694
      vertex 25.1314 -64 -48.1314
    endloop
  endfacet
  facet normal 0 -1 0
    outer loop
      vertex 23.2 -64 -48.3856
      vertex 24.974 -64 -48.2694
      vertex 23.026 -64 -48.2694
    endloop
  endfacet
  facet normal 0 -1 0
    outer loop
      vertex 23.2 -64 -48.3856
      vertex 24.8 -64 -48.3856
      vertex 24.974 -64 -48.2694
    endloop
  endfacet
  facet normal 0 -1 0
    outer loop
      vertex 23.3877 -64 -48.4782
      vertex 24.8 -64 -48.3856
      vertex 23.2 -64 -48.3856
    endloop
  endfacet
  facet normal 0 -1 0
    outer loop
      vertex 23.3877 -64 -48.4782
      vertex 24.6123 -64 -48.4782
      vertex 24.8 -64 -48.3856
    endloop
  endfacet
  facet normal 0 -1 0
    outer loop
      vertex 23.5859 -64 -48.5455
      vertex 24.6123 -64 -48.4782
      vertex 23.3877 -64 -48.4782
    endloop
  endfacet
  facet normal 0 -1 0
    outer loop
      vertex 23.5859 -64 -48.5455
      vertex 24.4141 -64 -48.5455
      vertex 24.6123 -64 -48.4782
    endloop
  endfacet
  facet normal 0 -1 0
    outer loop
      vertex 23.7912 -64 -48.5863
      vertex 24.4141 -64 -48.5455
      vertex 23.5859 -64 -48.5455
    endloop
  endfacet
  facet normal 0 -1 0
    outer loop
      vertex 23.7912 -64 -48.5863
      vertex 24.2088 -64 -48.5863
      vertex 24.4141 -64 -48.5455
    endloop
  endfacet
  facet normal -0 -1 0
    outer loop
      vertex 24.2088 -64 -48.5863
      vertex 23.7912 -64 -48.5863
      vertex 24 -64 -48.6
    endloop
  endfacet
  facet normal 0.751925 0 -0.659248
    outer loop
      vertex 25.2694 -64 -47.974
      vertex 25.1314 -60 -48.1314
      vertex 25.2694 -60 -47.974
    endloop
  endfacet
  facet normal 0.751925 0 -0.659248
    outer loop
      vertex 25.1314 -60 -48.1314
      vertex 25.2694 -64 -47.974
      vertex 25.1314 -64 -48.1314
    endloop
  endfacet
  facet normal -0.831609 0 0.555362
    outer loop
      vertex 22.6144 -64 -46.2
      vertex 22.7306 -60 -46.026
      vertex 22.6144 -60 -46.2
    endloop
  endfacet
  facet normal -0.831609 0 0.555362
    outer loop
      vertex 22.7306 -60 -46.026
      vertex 22.6144 -64 -46.2
      vertex 22.7306 -64 -46.026
    endloop
  endfacet
  facet normal -0.896803 0 -0.442429
    outer loop
      vertex 22.6144 -64 -47.8
      vertex 22.5218 -60 -47.6123
      vertex 22.6144 -60 -47.8
    endloop
  endfacet
  facet normal -0.896803 -0 -0.442429
    outer loop
      vertex 22.5218 -60 -47.6123
      vertex 22.6144 -64 -47.8
      vertex 22.5218 -64 -47.6123
    endloop
  endfacet
  facet normal 1 0 0
    outer loop
      vertex 37.5 -50 -65
      vertex 37.5 -57 -87
      vertex 37.5 -50 -87
    endloop
  endfacet
  facet normal 1 0 0
    outer loop
      vertex 37.5 -50 -65
      vertex 37.5 -59.9316 -87
      vertex 37.5 -57 -87
    endloop
  endfacet
  facet normal 1 -0 0
    outer loop
      vertex 37.5 -92 -65
      vertex 37.5 -59.9316 -87
      vertex 37.5 -50 -65
    endloop
  endfacet
  facet normal 1 0 0
    outer loop
      vertex 37.5 -59.9316 -87
      vertex 37.5 -92 -65
      vertex 37.5 -92 -87
    endloop
  endfacet
  facet normal 0 0 1
    outer loop
      vertex 37.5 -50 -65
      vertex 33.5 -54 -65
      vertex 37.5 -92 -65
    endloop
  endfacet
  facet normal 0 0 1
    outer loop
      vertex 37.5 -50 -65
      vertex -33.5 -54 -65
      vertex 33.5 -54 -65
    endloop
  endfacet
  facet normal 0 0 1
    outer loop
      vertex -33.5 -54 -65
      vertex -37.5 -50 -65
      vertex -33.5 -88 -65
    endloop
  endfacet
  facet normal -0 0 1
    outer loop
      vertex -37.5 -50 -65
      vertex -33.5 -54 -65
      vertex 37.5 -50 -65
    endloop
  endfacet
  facet normal -0 0 1
    outer loop
      vertex 33.5 -88 -65
      vertex 37.5 -92 -65
      vertex 33.5 -54 -65
    endloop
  endfacet
  facet normal -0 0 1
    outer loop
      vertex -33.5 -88 -65
      vertex 37.5 -92 -65
      vertex 33.5 -88 -65
    endloop
  endfacet
  facet normal 0 0 1
    outer loop
      vertex -33.5 -88 -65
      vertex -37.5 -92 -65
      vertex 37.5 -92 -65
    endloop
  endfacet
  facet normal 0 0 1
    outer loop
      vertex -37.5 -92 -65
      vertex -33.5 -88 -65
      vertex -37.5 -50 -65
    endloop
  endfacet
  facet normal -1 0 0
    outer loop
      vertex -37.5 -57 -87
      vertex -37.5 -50 -65
      vertex -37.5 -50 -87
    endloop
  endfacet
  facet normal -1 0 0
    outer loop
      vertex -37.5 -59.9316 -87
      vertex -37.5 -50 -65
      vertex -37.5 -57 -87
    endloop
  endfacet
  facet normal -1 0 0
    outer loop
      vertex -37.5 -92 -65
      vertex -37.5 -59.9316 -87
      vertex -37.5 -92 -87
    endloop
  endfacet
  facet normal -1 0 0
    outer loop
      vertex -37.5 -59.9316 -87
      vertex -37.5 -92 -65
      vertex -37.5 -50 -65
    endloop
  endfacet
  facet normal 0 1 -0
    outer loop
      vertex 37.5 -50 -87
      vertex -37.5 -50 -65
      vertex 37.5 -50 -65
    endloop
  endfacet
  facet normal 0 1 0
    outer loop
      vertex -37.5 -50 -65
      vertex 37.5 -50 -87
      vertex -37.5 -50 -87
    endloop
  endfacet
  facet normal 0 -1 0
    outer loop
      vertex -37.5 -92 -87
      vertex 37.5 -92 -65
      vertex -37.5 -92 -65
    endloop
  endfacet
  facet normal 0 -1 -0
    outer loop
      vertex 37.5 -92 -65
      vertex -37.5 -92 -87
      vertex 37.5 -92 -87
    endloop
  endfacet
  facet normal -1 0 0
    outer loop
      vertex 33.5 -88 -77
      vertex 33.5 -54 -65
      vertex 33.5 -54 -77
    endloop
  endfacet
  facet normal -1 -0 0
    outer loop
      vertex 33.5 -54 -65
      vertex 33.5 -88 -77
      vertex 33.5 -88 -65
    endloop
  endfacet
  facet normal -0 0 1
    outer loop
      vertex -33.5 -54 -77
      vertex 33.5 -88 -77
      vertex 33.5 -54 -77
    endloop
  endfacet
  facet normal 0 0 1
    outer loop
      vertex 33.5 -88 -77
      vertex -33.5 -54 -77
      vertex -33.5 -88 -77
    endloop
  endfacet
  facet normal 1 -0 0
    outer loop
      vertex -33.5 -88 -65
      vertex -33.5 -54 -77
      vertex -33.5 -54 -65
    endloop
  endfacet
  facet normal 1 0 0
    outer loop
      vertex -33.5 -54 -77
      vertex -33.5 -88 -65
      vertex -33.5 -88 -77
    endloop
  endfacet
  facet normal 0 -1 0
    outer loop
      vertex -33.5 -54 -77
      vertex 33.5 -54 -65
      vertex -33.5 -54 -65
    endloop
  endfacet
  facet normal 0 -1 -0
    outer loop
      vertex 33.5 -54 -65
      vertex -33.5 -54 -77
      vertex 33.5 -54 -77
    endloop
  endfacet
  facet normal 0 1 -0
    outer loop
      vertex 33.5 -88 -77
      vertex -33.5 -88 -65
      vertex 33.5 -88 -65
    endloop
  endfacet
  facet normal 0 1 0
    outer loop
      vertex -33.5 -88 -65
      vertex 33.5 -88 -77
      vertex -33.5 -88 -77
    endloop
  endfacet
  facet normal 0.946929 0 -0.321444
    outer loop
      vertex 7.72741 -62.5 66.9294
      vertex 7.39104 -59.9316 65.9385
      vertex 7.72741 -59.9316 66.9294
    endloop
  endfacet
  facet normal 0.946929 0 -0.321444
    outer loop
      vertex 7.39104 -59.9316 65.9385
      vertex 7.72741 -62.5 66.9294
      vertex 7.39104 -62.5 65.9385
    endloop
  endfacet
  facet normal 0.980784 -0 0.195096
    outer loop
      vertex 7.72741 -62.5 71.0705
      vertex 7.93156 -59.9316 70.0442
      vertex 7.72741 -59.9316 71.0705
    endloop
  endfacet
  facet normal 0.980784 0 0.195096
    outer loop
      vertex 7.93156 -59.9316 70.0442
      vertex 7.72741 -62.5 71.0705
      vertex 7.93156 -62.5 70.0442
    endloop
  endfacet
  facet normal 0.997859 -0 0.0654027
    outer loop
      vertex 7.93156 -62.5 70.0442
      vertex 8 -59.9316 69
      vertex 7.93156 -59.9316 70.0442
    endloop
  endfacet
  facet normal 0.997859 0 0.0654027
    outer loop
      vertex 8 -59.9316 69
      vertex 7.93156 -62.5 70.0442
      vertex 8 -62.5 69
    endloop
  endfacet
  facet normal 0.946939 -0 0.321414
    outer loop
      vertex 7.39104 -62.5 72.0615
      vertex 7.72741 -59.9316 71.0705
      vertex 7.39104 -59.9316 72.0615
    endloop
  endfacet
  facet normal 0.946939 0 0.321414
    outer loop
      vertex 7.72741 -59.9316 71.0705
      vertex 7.39104 -62.5 72.0615
      vertex 7.72741 -62.5 71.0705
    endloop
  endfacet
  facet normal 0.659308 0 -0.751873
    outer loop
      vertex 4.87009 -62.5 62.6532
      vertex 5.65685 -59.9316 63.3431
      vertex 5.65685 -62.5 63.3431
    endloop
  endfacet
  facet normal 0.659308 0 -0.751873
    outer loop
      vertex 5.65685 -59.9316 63.3431
      vertex 4.87009 -62.5 62.6532
      vertex 4.87009 -59.9316 62.6532
    endloop
  endfacet
  facet normal 0.896864 0 -0.442306
    outer loop
      vertex 7.39104 -62.5 65.9385
      vertex 6.9282 -59.9316 65
      vertex 7.39104 -59.9316 65.9385
    endloop
  endfacet
  facet normal 0.896864 0 -0.442306
    outer loop
      vertex 6.9282 -59.9316 65
      vertex 7.39104 -62.5 65.9385
      vertex 6.9282 -62.5 65
    endloop
  endfacet
  facet normal -0.195135 0 0.980776
    outer loop
      vertex -2.07055 -59.9316 76.7274
      vertex -1.04421 -62.5 76.9316
      vertex -1.04421 -59.9316 76.9316
    endloop
  endfacet
  facet normal -0.195135 0 0.980776
    outer loop
      vertex -1.04421 -62.5 76.9316
      vertex -2.07055 -59.9316 76.7274
      vertex -2.07055 -62.5 76.7274
    endloop
  endfacet
  facet normal -0.065364 0 0.997861
    outer loop
      vertex -1.04421 -59.9316 76.9316
      vertex 0 -62.5 77
      vertex 0 -59.9316 77
    endloop
  endfacet
  facet normal -0.065364 0 0.997861
    outer loop
      vertex 0 -62.5 77
      vertex -1.04421 -59.9316 76.9316
      vertex -1.04421 -62.5 76.9316
    endloop
  endfacet
  facet normal 0.065364 0 0.997861
    outer loop
      vertex 0 -59.9316 77
      vertex 1.04421 -62.5 76.9316
      vertex 1.04421 -59.9316 76.9316
    endloop
  endfacet
  facet normal 0.065364 0 0.997861
    outer loop
      vertex 1.04421 -62.5 76.9316
      vertex 0 -59.9316 77
      vertex 0 -62.5 77
    endloop
  endfacet
  facet normal 0.321463 0 0.946922
    outer loop
      vertex 2.07055 -59.9316 76.7274
      vertex 3.06147 -62.5 76.391
      vertex 3.06147 -59.9316 76.391
    endloop
  endfacet
  facet normal 0.321463 0 0.946922
    outer loop
      vertex 3.06147 -62.5 76.391
      vertex 2.07055 -59.9316 76.7274
      vertex 2.07055 -62.5 76.7274
    endloop
  endfacet
  facet normal 0.442264 0 0.896885
    outer loop
      vertex 3.06147 -59.9316 76.391
      vertex 4 -62.5 75.9282
      vertex 4 -59.9316 75.9282
    endloop
  endfacet
  facet normal 0.442264 0 0.896885
    outer loop
      vertex 4 -62.5 75.9282
      vertex 3.06147 -59.9316 76.391
      vertex 3.06147 -62.5 76.391
    endloop
  endfacet
  facet normal -0.555586 0 0.831459
    outer loop
      vertex -4.87009 -59.9316 75.3468
      vertex -4 -62.5 75.9282
      vertex -4 -59.9316 75.9282
    endloop
  endfacet
  facet normal -0.555586 0 0.831459
    outer loop
      vertex -4 -62.5 75.9282
      vertex -4.87009 -59.9316 75.3468
      vertex -4.87009 -62.5 75.3468
    endloop
  endfacet
  facet normal 0.442264 0 -0.896885
    outer loop
      vertex 3.06147 -62.5 61.609
      vertex 4 -59.9316 62.0718
      vertex 4 -62.5 62.0718
    endloop
  endfacet
  facet normal 0.442264 0 -0.896885
    outer loop
      vertex 4 -59.9316 62.0718
      vertex 3.06147 -62.5 61.609
      vertex 3.06147 -59.9316 61.609
    endloop
  endfacet
  facet normal -0.946939 0 0.321414
    outer loop
      vertex -7.72741 -62.5 71.0705
      vertex -7.39104 -59.9316 72.0615
      vertex -7.72741 -59.9316 71.0705
    endloop
  endfacet
  facet normal -0.946939 0 0.321414
    outer loop
      vertex -7.39104 -59.9316 72.0615
      vertex -7.72741 -62.5 71.0705
      vertex -7.39104 -62.5 72.0615
    endloop
  endfacet
  facet normal -0.321463 0 -0.946922
    outer loop
      vertex -3.06147 -62.5 61.609
      vertex -2.07055 -59.9316 61.2726
      vertex -2.07055 -62.5 61.2726
    endloop
  endfacet
  facet normal -0.321463 0 -0.946922
    outer loop
      vertex -2.07055 -59.9316 61.2726
      vertex -3.06147 -62.5 61.609
      vertex -3.06147 -59.9316 61.609
    endloop
  endfacet
  facet normal -0.980788 0 -0.195078
    outer loop
      vertex -7.72741 -62.5 66.9294
      vertex -7.93156 -59.9316 67.9558
      vertex -7.72741 -59.9316 66.9294
    endloop
  endfacet
  facet normal -0.980788 -0 -0.195078
    outer loop
      vertex -7.93156 -59.9316 67.9558
      vertex -7.72741 -62.5 66.9294
      vertex -7.93156 -62.5 67.9558
    endloop
  endfacet
  facet normal -0.751852 0 0.659332
    outer loop
      vertex -6.34683 -62.5 73.8701
      vertex -5.65685 -59.9316 74.6569
      vertex -6.34683 -59.9316 73.8701
    endloop
  endfacet
  facet normal -0.751852 0 0.659332
    outer loop
      vertex -5.65685 -59.9316 74.6569
      vertex -6.34683 -62.5 73.8701
      vertex -5.65685 -62.5 74.6569
    endloop
  endfacet
  facet normal 0.896864 -0 0.442306
    outer loop
      vertex 6.9282 -62.5 73
      vertex 7.39104 -59.9316 72.0615
      vertex 6.9282 -59.9316 73
    endloop
  endfacet
  facet normal 0.896864 0 0.442306
    outer loop
      vertex 7.39104 -59.9316 72.0615
      vertex 6.9282 -62.5 73
      vertex 7.39104 -62.5 72.0615
    endloop
  endfacet
  facet normal 0.555586 0 -0.831459
    outer loop
      vertex 4 -62.5 62.0718
      vertex 4.87009 -59.9316 62.6532
      vertex 4.87009 -62.5 62.6532
    endloop
  endfacet
  facet normal 0.555586 0 -0.831459
    outer loop
      vertex 4.87009 -59.9316 62.6532
      vertex 4 -62.5 62.0718
      vertex 4 -59.9316 62.0718
    endloop
  endfacet
  facet normal -0.065364 0 -0.997861
    outer loop
      vertex -1.04421 -62.5 61.0684
      vertex 0 -59.9316 61
      vertex 0 -62.5 61
    endloop
  endfacet
  facet normal -0.065364 0 -0.997861
    outer loop
      vertex 0 -59.9316 61
      vertex -1.04421 -62.5 61.0684
      vertex -1.04421 -59.9316 61.0684
    endloop
  endfacet
  facet normal -0.659308 0 0.751873
    outer loop
      vertex -5.65685 -59.9316 74.6569
      vertex -4.87009 -62.5 75.3468
      vertex -4.87009 -59.9316 75.3468
    endloop
  endfacet
  facet normal -0.659308 0 0.751873
    outer loop
      vertex -4.87009 -62.5 75.3468
      vertex -5.65685 -59.9316 74.6569
      vertex -5.65685 -62.5 74.6569
    endloop
  endfacet
  facet normal 0.980788 0 -0.195078
    outer loop
      vertex 7.93156 -62.5 67.9558
      vertex 7.72741 -59.9316 66.9294
      vertex 7.93156 -59.9316 67.9558
    endloop
  endfacet
  facet normal 0.980788 0 -0.195078
    outer loop
      vertex 7.72741 -59.9316 66.9294
      vertex 7.93156 -62.5 67.9558
      vertex 7.72741 -62.5 66.9294
    endloop
  endfacet
  facet normal 0.659308 0 0.751873
    outer loop
      vertex 4.87009 -59.9316 75.3468
      vertex 5.65685 -62.5 74.6569
      vertex 5.65685 -59.9316 74.6569
    endloop
  endfacet
  facet normal 0.659308 0 0.751873
    outer loop
      vertex 5.65685 -62.5 74.6569
      vertex 4.87009 -59.9316 75.3468
      vertex 4.87009 -62.5 75.3468
    endloop
  endfacet
  facet normal 0.997859 0 -0.0654027
    outer loop
      vertex 8 -62.5 69
      vertex 7.93156 -59.9316 67.9558
      vertex 8 -59.9316 69
    endloop
  endfacet
  facet normal 0.997859 0 -0.0654027
    outer loop
      vertex 7.93156 -59.9316 67.9558
      vertex 8 -62.5 69
      vertex 7.93156 -62.5 67.9558
    endloop
  endfacet
  facet normal 0.555586 0 0.831459
    outer loop
      vertex 4 -59.9316 75.9282
      vertex 4.87009 -62.5 75.3468
      vertex 4.87009 -59.9316 75.3468
    endloop
  endfacet
  facet normal 0.555586 0 0.831459
    outer loop
      vertex 4.87009 -62.5 75.3468
      vertex 4 -59.9316 75.9282
      vertex 4 -62.5 75.9282
    endloop
  endfacet
  facet normal 0.321463 0 -0.946922
    outer loop
      vertex 2.07055 -62.5 61.2726
      vertex 3.06147 -59.9316 61.609
      vertex 3.06147 -62.5 61.609
    endloop
  endfacet
  facet normal 0.321463 0 -0.946922
    outer loop
      vertex 3.06147 -59.9316 61.609
      vertex 2.07055 -62.5 61.2726
      vertex 2.07055 -59.9316 61.2726
    endloop
  endfacet
  facet normal -0.997859 0 -0.0654027
    outer loop
      vertex -7.93156 -62.5 67.9558
      vertex -8 -59.9316 69
      vertex -7.93156 -59.9316 67.9558
    endloop
  endfacet
  facet normal -0.997859 -0 -0.0654027
    outer loop
      vertex -8 -59.9316 69
      vertex -7.93156 -62.5 67.9558
      vertex -8 -62.5 69
    endloop
  endfacet
  facet normal -0.442264 0 0.896885
    outer loop
      vertex -4 -59.9316 75.9282
      vertex -3.06147 -62.5 76.391
      vertex -3.06147 -59.9316 76.391
    endloop
  endfacet
  facet normal -0.442264 0 0.896885
    outer loop
      vertex -3.06147 -62.5 76.391
      vertex -4 -59.9316 75.9282
      vertex -4 -62.5 75.9282
    endloop
  endfacet
  facet normal 0.195135 0 -0.980776
    outer loop
      vertex 1.04421 -62.5 61.0684
      vertex 2.07055 -59.9316 61.2726
      vertex 2.07055 -62.5 61.2726
    endloop
  endfacet
  facet normal 0.195135 0 -0.980776
    outer loop
      vertex 2.07055 -59.9316 61.2726
      vertex 1.04421 -62.5 61.0684
      vertex 1.04421 -59.9316 61.0684
    endloop
  endfacet
  facet normal -0.896864 0 0.442306
    outer loop
      vertex -7.39104 -62.5 72.0615
      vertex -6.9282 -59.9316 73
      vertex -7.39104 -59.9316 72.0615
    endloop
  endfacet
  facet normal -0.896864 0 0.442306
    outer loop
      vertex -6.9282 -59.9316 73
      vertex -7.39104 -62.5 72.0615
      vertex -6.9282 -62.5 73
    endloop
  endfacet
  facet normal -0.831475 0 -0.555562
    outer loop
      vertex -6.34683 -62.5 64.1299
      vertex -6.9282 -59.9316 65
      vertex -6.34683 -59.9316 64.1299
    endloop
  endfacet
  facet normal -0.831475 -0 -0.555562
    outer loop
      vertex -6.9282 -59.9316 65
      vertex -6.34683 -62.5 64.1299
      vertex -6.9282 -62.5 65
    endloop
  endfacet
  facet normal -0.442264 0 -0.896885
    outer loop
      vertex -4 -62.5 62.0718
      vertex -3.06147 -59.9316 61.609
      vertex -3.06147 -62.5 61.609
    endloop
  endfacet
  facet normal -0.442264 0 -0.896885
    outer loop
      vertex -3.06147 -59.9316 61.609
      vertex -4 -62.5 62.0718
      vertex -4 -59.9316 62.0718
    endloop
  endfacet
  facet normal -0.896864 0 -0.442306
    outer loop
      vertex -6.9282 -62.5 65
      vertex -7.39104 -59.9316 65.9385
      vertex -6.9282 -59.9316 65
    endloop
  endfacet
  facet normal -0.896864 -0 -0.442306
    outer loop
      vertex -7.39104 -59.9316 65.9385
      vertex -6.9282 -62.5 65
      vertex -7.39104 -62.5 65.9385
    endloop
  endfacet
  facet normal 0.195135 0 0.980776
    outer loop
      vertex 1.04421 -59.9316 76.9316
      vertex 2.07055 -62.5 76.7274
      vertex 2.07055 -59.9316 76.7274
    endloop
  endfacet
  facet normal 0.195135 0 0.980776
    outer loop
      vertex 2.07055 -62.5 76.7274
      vertex 1.04421 -59.9316 76.9316
      vertex 1.04421 -62.5 76.9316
    endloop
  endfacet
  facet normal 0.751852 0 -0.659332
    outer loop
      vertex 6.34683 -62.5 64.1299
      vertex 5.65685 -59.9316 63.3431
      vertex 6.34683 -59.9316 64.1299
    endloop
  endfacet
  facet normal 0.751852 0 -0.659332
    outer loop
      vertex 5.65685 -59.9316 63.3431
      vertex 6.34683 -62.5 64.1299
      vertex 5.65685 -62.5 63.3431
    endloop
  endfacet
  facet normal 0.831475 0 -0.555562
    outer loop
      vertex 6.9282 -62.5 65
      vertex 6.34683 -59.9316 64.1299
      vertex 6.9282 -59.9316 65
    endloop
  endfacet
  facet normal 0.831475 0 -0.555562
    outer loop
      vertex 6.34683 -59.9316 64.1299
      vertex 6.9282 -62.5 65
      vertex 6.34683 -62.5 64.1299
    endloop
  endfacet
  facet normal -0.659308 0 -0.751873
    outer loop
      vertex -5.65685 -62.5 63.3431
      vertex -4.87009 -59.9316 62.6532
      vertex -4.87009 -62.5 62.6532
    endloop
  endfacet
  facet normal -0.659308 0 -0.751873
    outer loop
      vertex -4.87009 -59.9316 62.6532
      vertex -5.65685 -62.5 63.3431
      vertex -5.65685 -59.9316 63.3431
    endloop
  endfacet
  facet normal 0.751852 -0 0.659332
    outer loop
      vertex 5.65685 -62.5 74.6569
      vertex 6.34683 -59.9316 73.8701
      vertex 5.65685 -59.9316 74.6569
    endloop
  endfacet
  facet normal 0.751852 0 0.659332
    outer loop
      vertex 6.34683 -59.9316 73.8701
      vertex 5.65685 -62.5 74.6569
      vertex 6.34683 -62.5 73.8701
    endloop
  endfacet
  facet normal 0.831475 -0 0.555562
    outer loop
      vertex 6.34683 -62.5 73.8701
      vertex 6.9282 -59.9316 73
      vertex 6.34683 -59.9316 73.8701
    endloop
  endfacet
  facet normal 0.831475 0 0.555562
    outer loop
      vertex 6.9282 -59.9316 73
      vertex 6.34683 -62.5 73.8701
      vertex 6.9282 -62.5 73
    endloop
  endfacet
  facet normal -0.997859 0 0.0654027
    outer loop
      vertex -8 -62.5 69
      vertex -7.93156 -59.9316 70.0442
      vertex -8 -59.9316 69
    endloop
  endfacet
  facet normal -0.997859 0 0.0654027
    outer loop
      vertex -7.93156 -59.9316 70.0442
      vertex -8 -62.5 69
      vertex -7.93156 -62.5 70.0442
    endloop
  endfacet
  facet normal -0.980784 0 0.195096
    outer loop
      vertex -7.93156 -62.5 70.0442
      vertex -7.72741 -59.9316 71.0705
      vertex -7.93156 -59.9316 70.0442
    endloop
  endfacet
  facet normal -0.980784 0 0.195096
    outer loop
      vertex -7.72741 -59.9316 71.0705
      vertex -7.93156 -62.5 70.0442
      vertex -7.72741 -62.5 71.0705
    endloop
  endfacet
  facet normal -0.321463 0 0.946922
    outer loop
      vertex -3.06147 -59.9316 76.391
      vertex -2.07055 -62.5 76.7274
      vertex -2.07055 -59.9316 76.7274
    endloop
  endfacet
  facet normal -0.321463 0 0.946922
    outer loop
      vertex -2.07055 -62.5 76.7274
      vertex -3.06147 -59.9316 76.391
      vertex -3.06147 -62.5 76.391
    endloop
  endfacet
  facet normal -0.195135 0 -0.980776
    outer loop
      vertex -2.07055 -62.5 61.2726
      vertex -1.04421 -59.9316 61.0684
      vertex -1.04421 -62.5 61.0684
    endloop
  endfacet
  facet normal -0.195135 0 -0.980776
    outer loop
      vertex -1.04421 -59.9316 61.0684
      vertex -2.07055 -62.5 61.2726
      vertex -2.07055 -59.9316 61.2726
    endloop
  endfacet
  facet normal -0.555586 0 -0.831459
    outer loop
      vertex -4.87009 -62.5 62.6532
      vertex -4 -59.9316 62.0718
      vertex -4 -62.5 62.0718
    endloop
  endfacet
  facet normal -0.555586 0 -0.831459
    outer loop
      vertex -4 -59.9316 62.0718
      vertex -4.87009 -62.5 62.6532
      vertex -4.87009 -59.9316 62.6532
    endloop
  endfacet
  facet normal -0.946929 0 -0.321444
    outer loop
      vertex -7.39104 -62.5 65.9385
      vertex -7.72741 -59.9316 66.9294
      vertex -7.39104 -59.9316 65.9385
    endloop
  endfacet
  facet normal -0.946929 -0 -0.321444
    outer loop
      vertex -7.72741 -59.9316 66.9294
      vertex -7.39104 -62.5 65.9385
      vertex -7.72741 -62.5 66.9294
    endloop
  endfacet
  facet normal -0.751852 0 -0.659332
    outer loop
      vertex -5.65685 -62.5 63.3431
      vertex -6.34683 -59.9316 64.1299
      vertex -5.65685 -59.9316 63.3431
    endloop
  endfacet
  facet normal -0.751852 -0 -0.659332
    outer loop
      vertex -6.34683 -59.9316 64.1299
      vertex -5.65685 -62.5 63.3431
      vertex -6.34683 -62.5 64.1299
    endloop
  endfacet
  facet normal -0.831475 0 0.555562
    outer loop
      vertex -6.9282 -62.5 73
      vertex -6.34683 -59.9316 73.8701
      vertex -6.9282 -59.9316 73
    endloop
  endfacet
  facet normal -0.831475 0 0.555562
    outer loop
      vertex -6.34683 -59.9316 73.8701
      vertex -6.9282 -62.5 73
      vertex -6.34683 -62.5 73.8701
    endloop
  endfacet
  facet normal 0 -1 0
    outer loop
      vertex 0 -62.5 72
      vertex 0 -62.5 77
      vertex -1.04421 -62.5 76.9316
    endloop
  endfacet
  facet normal 0 -1 0
    outer loop
      vertex -0.391578 -62.5 71.9743
      vertex -1.04421 -62.5 76.9316
      vertex -2.07055 -62.5 76.7274
    endloop
  endfacet
  facet normal 0 -1 0
    outer loop
      vertex 0 -62.5 77
      vertex 0 -62.5 72
      vertex 1.04421 -62.5 76.9316
    endloop
  endfacet
  facet normal 0 -1 0
    outer loop
      vertex -0.776457 -62.5 71.8978
      vertex -2.07055 -62.5 76.7274
      vertex -3.06147 -62.5 76.391
    endloop
  endfacet
  facet normal 0 -1 0
    outer loop
      vertex 0.391578 -62.5 71.9743
      vertex 1.04421 -62.5 76.9316
      vertex 0 -62.5 72
    endloop
  endfacet
  facet normal 0 -1 0
    outer loop
      vertex -1.14805 -62.5 71.7716
      vertex -3.06147 -62.5 76.391
      vertex -4 -62.5 75.9282
    endloop
  endfacet
  facet normal 0 -1 -0
    outer loop
      vertex 1.04421 -62.5 76.9316
      vertex 0.391578 -62.5 71.9743
      vertex 2.07055 -62.5 76.7274
    endloop
  endfacet
  facet normal 0 -1 0
    outer loop
      vertex -1.5 -62.5 71.5981
      vertex -4 -62.5 75.9282
      vertex -4.87009 -62.5 75.3468
    endloop
  endfacet
  facet normal 0 -1 0
    outer loop
      vertex 0.776457 -62.5 71.8978
      vertex 2.07055 -62.5 76.7274
      vertex 0.391578 -62.5 71.9743
    endloop
  endfacet
  facet normal 0 -1 0
    outer loop
      vertex -1.82628 -62.5 71.3801
      vertex -4.87009 -62.5 75.3468
      vertex -5.65685 -62.5 74.6569
    endloop
  endfacet
  facet normal 0 -1 -0
    outer loop
      vertex 2.07055 -62.5 76.7274
      vertex 0.776457 -62.5 71.8978
      vertex 3.06147 -62.5 76.391
    endloop
  endfacet
  facet normal 0 -1 0
    outer loop
      vertex -2.12132 -62.5 71.1213
      vertex -5.65685 -62.5 74.6569
      vertex -6.34683 -62.5 73.8701
    endloop
  endfacet
  facet normal 0 -1 0
    outer loop
      vertex 1.14805 -62.5 71.7716
      vertex 3.06147 -62.5 76.391
      vertex 0.776457 -62.5 71.8978
    endloop
  endfacet
  facet normal 0 -1 0
    outer loop
      vertex -2.38006 -62.5 70.8263
      vertex -6.34683 -62.5 73.8701
      vertex -6.9282 -62.5 73
    endloop
  endfacet
  facet normal 0 -1 -0
    outer loop
      vertex 3.06147 -62.5 76.391
      vertex 1.14805 -62.5 71.7716
      vertex 4 -62.5 75.9282
    endloop
  endfacet
  facet normal 0 -1 0
    outer loop
      vertex -2.59808 -62.5 70.5
      vertex -6.9282 -62.5 73
      vertex -7.39104 -62.5 72.0615
    endloop
  endfacet
  facet normal 0 -1 0
    outer loop
      vertex 1.5 -62.5 71.5981
      vertex 4 -62.5 75.9282
      vertex 1.14805 -62.5 71.7716
    endloop
  endfacet
  facet normal 0 -1 -0
    outer loop
      vertex 4 -62.5 75.9282
      vertex 1.5 -62.5 71.5981
      vertex 4.87009 -62.5 75.3468
    endloop
  endfacet
  facet normal 0 -1 0
    outer loop
      vertex -1.04421 -62.5 76.9316
      vertex -0.391578 -62.5 71.9743
      vertex 0 -62.5 72
    endloop
  endfacet
  facet normal 0 -1 0
    outer loop
      vertex -2.07055 -62.5 76.7274
      vertex -0.776457 -62.5 71.8978
      vertex -0.391578 -62.5 71.9743
    endloop
  endfacet
  facet normal 0 -1 0
    outer loop
      vertex -3.06147 -62.5 76.391
      vertex -1.14805 -62.5 71.7716
      vertex -0.776457 -62.5 71.8978
    endloop
  endfacet
  facet normal 0 -1 0
    outer loop
      vertex -4 -62.5 75.9282
      vertex -1.5 -62.5 71.5981
      vertex -1.14805 -62.5 71.7716
    endloop
  endfacet
  facet normal 0 -1 0
    outer loop
      vertex -4.87009 -62.5 75.3468
      vertex -1.82628 -62.5 71.3801
      vertex -1.5 -62.5 71.5981
    endloop
  endfacet
  facet normal 0 -1 0
    outer loop
      vertex -5.65685 -62.5 74.6569
      vertex -2.12132 -62.5 71.1213
      vertex -1.82628 -62.5 71.3801
    endloop
  endfacet
  facet normal 0 -1 0
    outer loop
      vertex -2.77164 -62.5 70.148
      vertex -7.39104 -62.5 72.0615
      vertex -7.72741 -62.5 71.0705
    endloop
  endfacet
  facet normal 0 -1 0
    outer loop
      vertex -6.34683 -62.5 73.8701
      vertex -2.38006 -62.5 70.8263
      vertex -2.12132 -62.5 71.1213
    endloop
  endfacet
  facet normal 0 -1 0
    outer loop
      vertex -6.9282 -62.5 73
      vertex -2.59808 -62.5 70.5
      vertex -2.38006 -62.5 70.8263
    endloop
  endfacet
  facet normal 0 -1 0
    outer loop
      vertex -7.39104 -62.5 72.0615
      vertex -2.77164 -62.5 70.148
      vertex -2.59808 -62.5 70.5
    endloop
  endfacet
  facet normal 0 -1 0
    outer loop
      vertex -2.89778 -62.5 69.7765
      vertex -7.72741 -62.5 71.0705
      vertex -7.93156 -62.5 70.0442
    endloop
  endfacet
  facet normal 0 -1 0
    outer loop
      vertex -7.72741 -62.5 71.0705
      vertex -2.89778 -62.5 69.7765
      vertex -2.77164 -62.5 70.148
    endloop
  endfacet
  facet normal 0 -1 0
    outer loop
      vertex -7.93156 -62.5 70.0442
      vertex -2.97433 -62.5 69.3916
      vertex -2.89778 -62.5 69.7765
    endloop
  endfacet
  facet normal 0 -1 0
    outer loop
      vertex -8 -62.5 69
      vertex -2.97433 -62.5 69.3916
      vertex -7.93156 -62.5 70.0442
    endloop
  endfacet
  facet normal 0 -1 0
    outer loop
      vertex -8 -62.5 69
      vertex -3 -62.5 69
      vertex -2.97433 -62.5 69.3916
    endloop
  endfacet
  facet normal 0 -1 0
    outer loop
      vertex -8 -62.5 69
      vertex -2.97433 -62.5 68.6084
      vertex -3 -62.5 69
    endloop
  endfacet
  facet normal 0 -1 0
    outer loop
      vertex -7.93156 -62.5 67.9558
      vertex -2.97433 -62.5 68.6084
      vertex -8 -62.5 69
    endloop
  endfacet
  facet normal 0 -1 -0
    outer loop
      vertex -2.97433 -62.5 68.6084
      vertex -7.93156 -62.5 67.9558
      vertex -2.89778 -62.5 68.2235
    endloop
  endfacet
  facet normal 0 -1 0
    outer loop
      vertex -7.72741 -62.5 66.9294
      vertex -2.89778 -62.5 68.2235
      vertex -7.93156 -62.5 67.9558
    endloop
  endfacet
  facet normal 0 -1 -0
    outer loop
      vertex -2.89778 -62.5 68.2235
      vertex -7.72741 -62.5 66.9294
      vertex -2.77164 -62.5 67.852
    endloop
  endfacet
  facet normal 0 -1 0
    outer loop
      vertex -7.39104 -62.5 65.9385
      vertex -2.77164 -62.5 67.852
      vertex -7.72741 -62.5 66.9294
    endloop
  endfacet
  facet normal 0 -1 -0
    outer loop
      vertex -2.77164 -62.5 67.852
      vertex -7.39104 -62.5 65.9385
      vertex -2.59808 -62.5 67.5
    endloop
  endfacet
  facet normal 0 -1 0
    outer loop
      vertex -6.9282 -62.5 65
      vertex -2.59808 -62.5 67.5
      vertex -7.39104 -62.5 65.9385
    endloop
  endfacet
  facet normal 0 -1 -0
    outer loop
      vertex -2.59808 -62.5 67.5
      vertex -6.9282 -62.5 65
      vertex -2.38006 -62.5 67.1737
    endloop
  endfacet
  facet normal 0 -1 0
    outer loop
      vertex -6.34683 -62.5 64.1299
      vertex -2.38006 -62.5 67.1737
      vertex -6.9282 -62.5 65
    endloop
  endfacet
  facet normal 0 -1 -0
    outer loop
      vertex -2.38006 -62.5 67.1737
      vertex -6.34683 -62.5 64.1299
      vertex -2.12132 -62.5 66.8787
    endloop
  endfacet
  facet normal 0 -1 0
    outer loop
      vertex -5.65685 -62.5 63.3431
      vertex -2.12132 -62.5 66.8787
      vertex -6.34683 -62.5 64.1299
    endloop
  endfacet
  facet normal 0 -1 -0
    outer loop
      vertex -2.12132 -62.5 66.8787
      vertex -5.65685 -62.5 63.3431
      vertex -1.82628 -62.5 66.6199
    endloop
  endfacet
  facet normal 0 -1 -0
    outer loop
      vertex -1.82628 -62.5 66.6199
      vertex -4.87009 -62.5 62.6532
      vertex -1.5 -62.5 66.4019
    endloop
  endfacet
  facet normal 0 -1 0
    outer loop
      vertex -4.87009 -62.5 62.6532
      vertex -1.82628 -62.5 66.6199
      vertex -5.65685 -62.5 63.3431
    endloop
  endfacet
  facet normal 0 -1 0
    outer loop
      vertex 1.82628 -62.5 71.3801
      vertex 4.87009 -62.5 75.3468
      vertex 1.5 -62.5 71.5981
    endloop
  endfacet
  facet normal 0 -1 -0
    outer loop
      vertex 4.87009 -62.5 75.3468
      vertex 1.82628 -62.5 71.3801
      vertex 5.65685 -62.5 74.6569
    endloop
  endfacet
  facet normal 0 -1 0
    outer loop
      vertex 2.12132 -62.5 71.1213
      vertex 5.65685 -62.5 74.6569
      vertex 1.82628 -62.5 71.3801
    endloop
  endfacet
  facet normal 0 -1 -0
    outer loop
      vertex 5.65685 -62.5 74.6569
      vertex 2.12132 -62.5 71.1213
      vertex 6.34683 -62.5 73.8701
    endloop
  endfacet
  facet normal 0 -1 0
    outer loop
      vertex 2.38006 -62.5 70.8263
      vertex 6.34683 -62.5 73.8701
      vertex 2.12132 -62.5 71.1213
    endloop
  endfacet
  facet normal 0 -1 -0
    outer loop
      vertex 6.34683 -62.5 73.8701
      vertex 2.38006 -62.5 70.8263
      vertex 6.9282 -62.5 73
    endloop
  endfacet
  facet normal 0 -1 0
    outer loop
      vertex 2.59808 -62.5 70.5
      vertex 6.9282 -62.5 73
      vertex 2.38006 -62.5 70.8263
    endloop
  endfacet
  facet normal 0 -1 -0
    outer loop
      vertex 6.9282 -62.5 73
      vertex 2.59808 -62.5 70.5
      vertex 7.39104 -62.5 72.0615
    endloop
  endfacet
  facet normal 0 -1 0
    outer loop
      vertex 2.77164 -62.5 70.148
      vertex 7.39104 -62.5 72.0615
      vertex 2.59808 -62.5 70.5
    endloop
  endfacet
  facet normal 0 -1 -0
    outer loop
      vertex 7.39104 -62.5 72.0615
      vertex 2.77164 -62.5 70.148
      vertex 7.72741 -62.5 71.0705
    endloop
  endfacet
  facet normal 0 -1 0
    outer loop
      vertex 2.89778 -62.5 69.7765
      vertex 7.72741 -62.5 71.0705
      vertex 2.77164 -62.5 70.148
    endloop
  endfacet
  facet normal 0 -1 -0
    outer loop
      vertex 7.72741 -62.5 71.0705
      vertex 2.89778 -62.5 69.7765
      vertex 7.93156 -62.5 70.0442
    endloop
  endfacet
  facet normal 0 -1 0
    outer loop
      vertex 2.97433 -62.5 69.3916
      vertex 7.93156 -62.5 70.0442
      vertex 2.89778 -62.5 69.7765
    endloop
  endfacet
  facet normal 0 -1 0
    outer loop
      vertex 3 -62.5 69
      vertex 7.93156 -62.5 70.0442
      vertex 2.97433 -62.5 69.3916
    endloop
  endfacet
  facet normal 0 -1 0
    outer loop
      vertex 3 -62.5 69
      vertex 8 -62.5 69
      vertex 7.93156 -62.5 70.0442
    endloop
  endfacet
  facet normal 0 -1 0
    outer loop
      vertex 2.97433 -62.5 68.6084
      vertex 8 -62.5 69
      vertex 3 -62.5 69
    endloop
  endfacet
  facet normal 0 -1 0
    outer loop
      vertex 7.93156 -62.5 67.9558
      vertex 2.97433 -62.5 68.6084
      vertex 2.89778 -62.5 68.2235
    endloop
  endfacet
  facet normal 0 -1 0
    outer loop
      vertex 2.97433 -62.5 68.6084
      vertex 7.93156 -62.5 67.9558
      vertex 8 -62.5 69
    endloop
  endfacet
  facet normal 0 -1 0
    outer loop
      vertex 7.72741 -62.5 66.9294
      vertex 2.89778 -62.5 68.2235
      vertex 2.77164 -62.5 67.852
    endloop
  endfacet
  facet normal 0 -1 0
    outer loop
      vertex 7.39104 -62.5 65.9385
      vertex 2.77164 -62.5 67.852
      vertex 2.59808 -62.5 67.5
    endloop
  endfacet
  facet normal 0 -1 0
    outer loop
      vertex 6.9282 -62.5 65
      vertex 2.59808 -62.5 67.5
      vertex 2.38006 -62.5 67.1737
    endloop
  endfacet
  facet normal 0 -1 0
    outer loop
      vertex 2.89778 -62.5 68.2235
      vertex 7.72741 -62.5 66.9294
      vertex 7.93156 -62.5 67.9558
    endloop
  endfacet
  facet normal 0 -1 0
    outer loop
      vertex 6.34683 -62.5 64.1299
      vertex 2.38006 -62.5 67.1737
      vertex 2.12132 -62.5 66.8787
    endloop
  endfacet
  facet normal 0 -1 0
    outer loop
      vertex 5.65685 -62.5 63.3431
      vertex 2.12132 -62.5 66.8787
      vertex 1.82628 -62.5 66.6199
    endloop
  endfacet
  facet normal 0 -1 0
    outer loop
      vertex 4.87009 -62.5 62.6532
      vertex 1.82628 -62.5 66.6199
      vertex 1.5 -62.5 66.4019
    endloop
  endfacet
  facet normal 0 -1 0
    outer loop
      vertex 4 -62.5 62.0718
      vertex 1.5 -62.5 66.4019
      vertex 1.14805 -62.5 66.2284
    endloop
  endfacet
  facet normal 0 -1 0
    outer loop
      vertex 3.06147 -62.5 61.609
      vertex 1.14805 -62.5 66.2284
      vertex 0.776457 -62.5 66.1022
    endloop
  endfacet
  facet normal 0 -1 0
    outer loop
      vertex 2.07055 -62.5 61.2726
      vertex 0.776457 -62.5 66.1022
      vertex 0.391578 -62.5 66.0257
    endloop
  endfacet
  facet normal 0 -1 0
    outer loop
      vertex 2.77164 -62.5 67.852
      vertex 7.39104 -62.5 65.9385
      vertex 7.72741 -62.5 66.9294
    endloop
  endfacet
  facet normal 0 -1 0
    outer loop
      vertex 1.04421 -62.5 61.0684
      vertex 0.391578 -62.5 66.0257
      vertex 0 -62.5 66
    endloop
  endfacet
  facet normal 0 -1 0
    outer loop
      vertex -4 -62.5 62.0718
      vertex -1.5 -62.5 66.4019
      vertex -4.87009 -62.5 62.6532
    endloop
  endfacet
  facet normal 0 -1 -0
    outer loop
      vertex -1.5 -62.5 66.4019
      vertex -4 -62.5 62.0718
      vertex -1.14805 -62.5 66.2284
    endloop
  endfacet
  facet normal 0 -1 0
    outer loop
      vertex 2.59808 -62.5 67.5
      vertex 6.9282 -62.5 65
      vertex 7.39104 -62.5 65.9385
    endloop
  endfacet
  facet normal 0 -1 0
    outer loop
      vertex -3.06147 -62.5 61.609
      vertex -1.14805 -62.5 66.2284
      vertex -4 -62.5 62.0718
    endloop
  endfacet
  facet normal 0 -1 0
    outer loop
      vertex 2.38006 -62.5 67.1737
      vertex 6.34683 -62.5 64.1299
      vertex 6.9282 -62.5 65
    endloop
  endfacet
  facet normal 0 -1 -0
    outer loop
      vertex -1.14805 -62.5 66.2284
      vertex -3.06147 -62.5 61.609
      vertex -0.776457 -62.5 66.1022
    endloop
  endfacet
  facet normal 0 -1 0
    outer loop
      vertex 2.12132 -62.5 66.8787
      vertex 5.65685 -62.5 63.3431
      vertex 6.34683 -62.5 64.1299
    endloop
  endfacet
  facet normal 0 -1 0
    outer loop
      vertex -2.07055 -62.5 61.2726
      vertex -0.776457 -62.5 66.1022
      vertex -3.06147 -62.5 61.609
    endloop
  endfacet
  facet normal 0 -1 0
    outer loop
      vertex 1.82628 -62.5 66.6199
      vertex 4.87009 -62.5 62.6532
      vertex 5.65685 -62.5 63.3431
    endloop
  endfacet
  facet normal 0 -1 -0
    outer loop
      vertex -0.776457 -62.5 66.1022
      vertex -2.07055 -62.5 61.2726
      vertex -0.391578 -62.5 66.0257
    endloop
  endfacet
  facet normal 0 -1 0
    outer loop
      vertex 1.5 -62.5 66.4019
      vertex 4 -62.5 62.0718
      vertex 4.87009 -62.5 62.6532
    endloop
  endfacet
  facet normal 0 -1 0
    outer loop
      vertex -1.04421 -62.5 61.0684
      vertex -0.391578 -62.5 66.0257
      vertex -2.07055 -62.5 61.2726
    endloop
  endfacet
  facet normal 0 -1 0
    outer loop
      vertex 1.14805 -62.5 66.2284
      vertex 3.06147 -62.5 61.609
      vertex 4 -62.5 62.0718
    endloop
  endfacet
  facet normal 0 -1 -0
    outer loop
      vertex -0.391578 -62.5 66.0257
      vertex -1.04421 -62.5 61.0684
      vertex 0 -62.5 66
    endloop
  endfacet
  facet normal 0 -1 0
    outer loop
      vertex 0.776457 -62.5 66.1022
      vertex 2.07055 -62.5 61.2726
      vertex 3.06147 -62.5 61.609
    endloop
  endfacet
  facet normal 0 -1 0
    outer loop
      vertex 0 -62.5 61
      vertex 0 -62.5 66
      vertex -1.04421 -62.5 61.0684
    endloop
  endfacet
  facet normal 0 -1 0
    outer loop
      vertex 0.391578 -62.5 66.0257
      vertex 1.04421 -62.5 61.0684
      vertex 2.07055 -62.5 61.2726
    endloop
  endfacet
  facet normal 0 -1 0
    outer loop
      vertex 0 -62.5 66
      vertex 0 -62.5 61
      vertex 1.04421 -62.5 61.0684
    endloop
  endfacet
  facet normal 0.065364 0 -0.997861
    outer loop
      vertex 0 -62.5 61
      vertex 1.04421 -59.9316 61.0684
      vertex 1.04421 -62.5 61.0684
    endloop
  endfacet
  facet normal 0.065364 0 -0.997861
    outer loop
      vertex 1.04421 -59.9316 61.0684
      vertex 0 -62.5 61
      vertex 0 -59.9316 61
    endloop
  endfacet
  facet normal 0.19495 0 -0.980813
    outer loop
      vertex 0.391578 -64 66.0257
      vertex 0.776457 -62.5 66.1022
      vertex 0.776457 -64 66.1022
    endloop
  endfacet
  facet normal 0.19495 0 -0.980813
    outer loop
      vertex 0.776457 -62.5 66.1022
      vertex 0.391578 -64 66.0257
      vertex 0.391578 -62.5 66.0257
    endloop
  endfacet
  facet normal 0.980791 -0 0.195062
    outer loop
      vertex 2.89778 -64 69.7765
      vertex 2.97433 -62.5 69.3916
      vertex 2.89778 -62.5 69.7765
    endloop
  endfacet
  facet normal 0.980791 0 0.195062
    outer loop
      vertex 2.97433 -62.5 69.3916
      vertex 2.89778 -64 69.7765
      vertex 2.97433 -64 69.3916
    endloop
  endfacet
  facet normal 0.997858 -0 0.0654112
    outer loop
      vertex 2.97433 -64 69.3916
      vertex 3 -62.5 69
      vertex 2.97433 -62.5 69.3916
    endloop
  endfacet
  facet normal 0.997858 0 0.0654112
    outer loop
      vertex 3 -62.5 69
      vertex 2.97433 -64 69.3916
      vertex 3 -64 69
    endloop
  endfacet
  facet normal -0.44216 0 0.896936
    outer loop
      vertex -1.5 -62.5 71.5981
      vertex -1.14805 -64 71.7716
      vertex -1.14805 -62.5 71.7716
    endloop
  endfacet
  facet normal -0.44216 0 0.896936
    outer loop
      vertex -1.14805 -64 71.7716
      vertex -1.5 -62.5 71.5981
      vertex -1.5 -64 71.5981
    endloop
  endfacet
  facet normal 0.946905 -0 0.321514
    outer loop
      vertex 2.77164 -64 70.148
      vertex 2.89778 -62.5 69.7765
      vertex 2.77164 -62.5 70.148
    endloop
  endfacet
  facet normal 0.946905 0 0.321514
    outer loop
      vertex 2.89778 -62.5 69.7765
      vertex 2.77164 -64 70.148
      vertex 2.89778 -64 69.7765
    endloop
  endfacet
  facet normal 0.659428 0 0.751768
    outer loop
      vertex 1.82628 -62.5 71.3801
      vertex 2.12132 -64 71.1213
      vertex 2.12132 -62.5 71.1213
    endloop
  endfacet
  facet normal 0.659428 0 0.751768
    outer loop
      vertex 2.12132 -64 71.1213
      vertex 1.82628 -62.5 71.3801
      vertex 1.82628 -64 71.3801
    endloop
  endfacet
  facet normal 0.321579 0 -0.946883
    outer loop
      vertex 0.776457 -64 66.1022
      vertex 1.14805 -62.5 66.2284
      vertex 1.14805 -64 66.2284
    endloop
  endfacet
  facet normal 0.321579 0 -0.946883
    outer loop
      vertex 1.14805 -62.5 66.2284
      vertex 0.776457 -64 66.1022
      vertex 0.776457 -62.5 66.1022
    endloop
  endfacet
  facet normal -0.065491 0 -0.997853
    outer loop
      vertex -0.391578 -64 66.0257
      vertex 0 -62.5 66
      vertex 0 -64 66
    endloop
  endfacet
  facet normal -0.065491 0 -0.997853
    outer loop
      vertex 0 -62.5 66
      vertex -0.391578 -64 66.0257
      vertex -0.391578 -62.5 66.0257
    endloop
  endfacet
  facet normal 0.065491 0 0.997853
    outer loop
      vertex 0 -62.5 72
      vertex 0.391578 -64 71.9743
      vertex 0.391578 -62.5 71.9743
    endloop
  endfacet
  facet normal 0.065491 0 0.997853
    outer loop
      vertex 0.391578 -64 71.9743
      vertex 0 -62.5 72
      vertex 0 -64 72
    endloop
  endfacet
  facet normal 0.831477 0 -0.555558
    outer loop
      vertex 2.59808 -64 67.5
      vertex 2.38006 -62.5 67.1737
      vertex 2.59808 -62.5 67.5
    endloop
  endfacet
  facet normal 0.831477 0 -0.555558
    outer loop
      vertex 2.38006 -62.5 67.1737
      vertex 2.59808 -64 67.5
      vertex 2.38006 -64 67.1737
    endloop
  endfacet
  facet normal -0.065491 0 0.997853
    outer loop
      vertex -0.391578 -62.5 71.9743
      vertex 0 -64 72
      vertex 0 -62.5 72
    endloop
  endfacet
  facet normal -0.065491 0 0.997853
    outer loop
      vertex 0 -64 72
      vertex -0.391578 -62.5 71.9743
      vertex -0.391578 -64 71.9743
    endloop
  endfacet
  facet normal -0.751799 0 -0.659392
    outer loop
      vertex -2.12132 -64 66.8787
      vertex -2.38006 -62.5 67.1737
      vertex -2.12132 -62.5 66.8787
    endloop
  endfacet
  facet normal -0.751799 -0 -0.659392
    outer loop
      vertex -2.38006 -62.5 67.1737
      vertex -2.12132 -64 66.8787
      vertex -2.38006 -64 67.1737
    endloop
  endfacet
  facet normal -0.19495 0 -0.980813
    outer loop
      vertex -0.776457 -64 66.1022
      vertex -0.391578 -62.5 66.0257
      vertex -0.391578 -64 66.0257
    endloop
  endfacet
  facet normal -0.19495 0 -0.980813
    outer loop
      vertex -0.391578 -62.5 66.0257
      vertex -0.776457 -64 66.1022
      vertex -0.776457 -62.5 66.1022
    endloop
  endfacet
  facet normal 0.8969 0 -0.442233
    outer loop
      vertex 2.77164 -64 67.852
      vertex 2.59808 -62.5 67.5
      vertex 2.77164 -62.5 67.852
    endloop
  endfacet
  facet normal 0.8969 0 -0.442233
    outer loop
      vertex 2.59808 -62.5 67.5
      vertex 2.77164 -64 67.852
      vertex 2.59808 -64 67.5
    endloop
  endfacet
  facet normal -0.19495 0 0.980813
    outer loop
      vertex -0.776457 -62.5 71.8978
      vertex -0.391578 -64 71.9743
      vertex -0.391578 -62.5 71.9743
    endloop
  endfacet
  facet normal -0.19495 0 0.980813
    outer loop
      vertex -0.391578 -64 71.9743
      vertex -0.776457 -62.5 71.8978
      vertex -0.776457 -64 71.8978
    endloop
  endfacet
  facet normal -0.831477 0 -0.555558
    outer loop
      vertex -2.38006 -64 67.1737
      vertex -2.59808 -62.5 67.5
      vertex -2.38006 -62.5 67.1737
    endloop
  endfacet
  facet normal -0.831477 -0 -0.555558
    outer loop
      vertex -2.59808 -62.5 67.5
      vertex -2.38006 -64 67.1737
      vertex -2.59808 -64 67.5
    endloop
  endfacet
  facet normal -0.555547 0 0.831485
    outer loop
      vertex -1.82628 -62.5 71.3801
      vertex -1.5 -64 71.5981
      vertex -1.5 -62.5 71.5981
    endloop
  endfacet
  facet normal -0.555547 0 0.831485
    outer loop
      vertex -1.5 -64 71.5981
      vertex -1.82628 -62.5 71.3801
      vertex -1.82628 -64 71.3801
    endloop
  endfacet
  facet normal -0.997858 0 -0.0654112
    outer loop
      vertex -2.97433 -64 68.6084
      vertex -3 -62.5 69
      vertex -2.97433 -62.5 68.6084
    endloop
  endfacet
  facet normal -0.997858 -0 -0.0654112
    outer loop
      vertex -3 -62.5 69
      vertex -2.97433 -64 68.6084
      vertex -3 -64 69
    endloop
  endfacet
  facet normal -0.946905 0 -0.321514
    outer loop
      vertex -2.77164 -64 67.852
      vertex -2.89778 -62.5 68.2235
      vertex -2.77164 -62.5 67.852
    endloop
  endfacet
  facet normal -0.946905 -0 -0.321514
    outer loop
      vertex -2.89778 -62.5 68.2235
      vertex -2.77164 -64 67.852
      vertex -2.89778 -64 68.2235
    endloop
  endfacet
  facet normal -0.831477 0 0.555558
    outer loop
      vertex -2.59808 -64 70.5
      vertex -2.38006 -62.5 70.8263
      vertex -2.59808 -62.5 70.5
    endloop
  endfacet
  facet normal -0.831477 0 0.555558
    outer loop
      vertex -2.38006 -62.5 70.8263
      vertex -2.59808 -64 70.5
      vertex -2.38006 -64 70.8263
    endloop
  endfacet
  facet normal -0.321579 0 -0.946883
    outer loop
      vertex -1.14805 -64 66.2284
      vertex -0.776457 -62.5 66.1022
      vertex -0.776457 -64 66.1022
    endloop
  endfacet
  facet normal -0.321579 0 -0.946883
    outer loop
      vertex -0.776457 -62.5 66.1022
      vertex -1.14805 -64 66.2284
      vertex -1.14805 -62.5 66.2284
    endloop
  endfacet
  facet normal 0.831477 -0 0.555558
    outer loop
      vertex 2.38006 -64 70.8263
      vertex 2.59808 -62.5 70.5
      vertex 2.38006 -62.5 70.8263
    endloop
  endfacet
  facet normal 0.831477 0 0.555558
    outer loop
      vertex 2.59808 -62.5 70.5
      vertex 2.38006 -64 70.8263
      vertex 2.59808 -64 70.5
    endloop
  endfacet
  facet normal 0.555547 0 0.831485
    outer loop
      vertex 1.5 -62.5 71.5981
      vertex 1.82628 -64 71.3801
      vertex 1.82628 -62.5 71.3801
    endloop
  endfacet
  facet normal 0.555547 0 0.831485
    outer loop
      vertex 1.82628 -64 71.3801
      vertex 1.5 -62.5 71.5981
      vertex 1.5 -64 71.5981
    endloop
  endfacet
  facet normal -0.946905 0 0.321514
    outer loop
      vertex -2.89778 -64 69.7765
      vertex -2.77164 -62.5 70.148
      vertex -2.89778 -62.5 69.7765
    endloop
  endfacet
  facet normal -0.946905 0 0.321514
    outer loop
      vertex -2.77164 -62.5 70.148
      vertex -2.89778 -64 69.7765
      vertex -2.77164 -64 70.148
    endloop
  endfacet
  facet normal -0.659428 0 0.751768
    outer loop
      vertex -2.12132 -62.5 71.1213
      vertex -1.82628 -64 71.3801
      vertex -1.82628 -62.5 71.3801
    endloop
  endfacet
  facet normal -0.659428 0 0.751768
    outer loop
      vertex -1.82628 -64 71.3801
      vertex -2.12132 -62.5 71.1213
      vertex -2.12132 -64 71.1213
    endloop
  endfacet
  facet normal 0.980791 0 -0.195062
    outer loop
      vertex 2.97433 -64 68.6084
      vertex 2.89778 -62.5 68.2235
      vertex 2.97433 -62.5 68.6084
    endloop
  endfacet
  facet normal 0.980791 0 -0.195062
    outer loop
      vertex 2.89778 -62.5 68.2235
      vertex 2.97433 -64 68.6084
      vertex 2.89778 -64 68.2235
    endloop
  endfacet
  facet normal -0.751799 0 0.659392
    outer loop
      vertex -2.38006 -64 70.8263
      vertex -2.12132 -62.5 71.1213
      vertex -2.38006 -62.5 70.8263
    endloop
  endfacet
  facet normal -0.751799 0 0.659392
    outer loop
      vertex -2.12132 -62.5 71.1213
      vertex -2.38006 -64 70.8263
      vertex -2.12132 -64 71.1213
    endloop
  endfacet
  facet normal -0.8969 0 0.442233
    outer loop
      vertex -2.77164 -64 70.148
      vertex -2.59808 -62.5 70.5
      vertex -2.77164 -62.5 70.148
    endloop
  endfacet
  facet normal -0.8969 0 0.442233
    outer loop
      vertex -2.59808 -62.5 70.5
      vertex -2.77164 -64 70.148
      vertex -2.59808 -64 70.5
    endloop
  endfacet
  facet normal -0.8969 0 -0.442233
    outer loop
      vertex -2.59808 -64 67.5
      vertex -2.77164 -62.5 67.852
      vertex -2.59808 -62.5 67.5
    endloop
  endfacet
  facet normal -0.8969 -0 -0.442233
    outer loop
      vertex -2.77164 -62.5 67.852
      vertex -2.59808 -64 67.5
      vertex -2.77164 -64 67.852
    endloop
  endfacet
  facet normal -0.980791 0 0.195062
    outer loop
      vertex -2.97433 -64 69.3916
      vertex -2.89778 -62.5 69.7765
      vertex -2.97433 -62.5 69.3916
    endloop
  endfacet
  facet normal -0.980791 0 0.195062
    outer loop
      vertex -2.89778 -62.5 69.7765
      vertex -2.97433 -64 69.3916
      vertex -2.89778 -64 69.7765
    endloop
  endfacet
  facet normal 0.44216 0 0.896936
    outer loop
      vertex 1.14805 -62.5 71.7716
      vertex 1.5 -64 71.5981
      vertex 1.5 -62.5 71.5981
    endloop
  endfacet
  facet normal 0.44216 0 0.896936
    outer loop
      vertex 1.5 -64 71.5981
      vertex 1.14805 -62.5 71.7716
      vertex 1.14805 -64 71.7716
    endloop
  endfacet
  facet normal -0.997858 0 0.0654112
    outer loop
      vertex -3 -64 69
      vertex -2.97433 -62.5 69.3916
      vertex -3 -62.5 69
    endloop
  endfacet
  facet normal -0.997858 0 0.0654112
    outer loop
      vertex -2.97433 -62.5 69.3916
      vertex -3 -64 69
      vertex -2.97433 -64 69.3916
    endloop
  endfacet
  facet normal -0.555547 0 -0.831485
    outer loop
      vertex -1.82628 -64 66.6199
      vertex -1.5 -62.5 66.4019
      vertex -1.5 -64 66.4019
    endloop
  endfacet
  facet normal -0.555547 0 -0.831485
    outer loop
      vertex -1.5 -62.5 66.4019
      vertex -1.82628 -64 66.6199
      vertex -1.82628 -62.5 66.6199
    endloop
  endfacet
  facet normal 0.321579 0 0.946883
    outer loop
      vertex 0.776457 -62.5 71.8978
      vertex 1.14805 -64 71.7716
      vertex 1.14805 -62.5 71.7716
    endloop
  endfacet
  facet normal 0.321579 0 0.946883
    outer loop
      vertex 1.14805 -64 71.7716
      vertex 0.776457 -62.5 71.8978
      vertex 0.776457 -64 71.8978
    endloop
  endfacet
  facet normal 0.659428 0 -0.751768
    outer loop
      vertex 1.82628 -64 66.6199
      vertex 2.12132 -62.5 66.8787
      vertex 2.12132 -64 66.8787
    endloop
  endfacet
  facet normal 0.659428 0 -0.751768
    outer loop
      vertex 2.12132 -62.5 66.8787
      vertex 1.82628 -64 66.6199
      vertex 1.82628 -62.5 66.6199
    endloop
  endfacet
  facet normal 0.555547 0 -0.831485
    outer loop
      vertex 1.5 -64 66.4019
      vertex 1.82628 -62.5 66.6199
      vertex 1.82628 -64 66.6199
    endloop
  endfacet
  facet normal 0.555547 0 -0.831485
    outer loop
      vertex 1.82628 -62.5 66.6199
      vertex 1.5 -64 66.4019
      vertex 1.5 -62.5 66.4019
    endloop
  endfacet
  facet normal 0.19495 0 0.980813
    outer loop
      vertex 0.391578 -62.5 71.9743
      vertex 0.776457 -64 71.8978
      vertex 0.776457 -62.5 71.8978
    endloop
  endfacet
  facet normal 0.19495 0 0.980813
    outer loop
      vertex 0.776457 -64 71.8978
      vertex 0.391578 -62.5 71.9743
      vertex 0.391578 -64 71.9743
    endloop
  endfacet
  facet normal 0.8969 -0 0.442233
    outer loop
      vertex 2.59808 -64 70.5
      vertex 2.77164 -62.5 70.148
      vertex 2.59808 -62.5 70.5
    endloop
  endfacet
  facet normal 0.8969 0 0.442233
    outer loop
      vertex 2.77164 -62.5 70.148
      vertex 2.59808 -64 70.5
      vertex 2.77164 -64 70.148
    endloop
  endfacet
  facet normal -0.980791 0 -0.195062
    outer loop
      vertex -2.89778 -64 68.2235
      vertex -2.97433 -62.5 68.6084
      vertex -2.89778 -62.5 68.2235
    endloop
  endfacet
  facet normal -0.980791 -0 -0.195062
    outer loop
      vertex -2.97433 -62.5 68.6084
      vertex -2.89778 -64 68.2235
      vertex -2.97433 -64 68.6084
    endloop
  endfacet
  facet normal -0.659428 0 -0.751768
    outer loop
      vertex -2.12132 -64 66.8787
      vertex -1.82628 -62.5 66.6199
      vertex -1.82628 -64 66.6199
    endloop
  endfacet
  facet normal -0.659428 0 -0.751768
    outer loop
      vertex -1.82628 -62.5 66.6199
      vertex -2.12132 -64 66.8787
      vertex -2.12132 -62.5 66.8787
    endloop
  endfacet
  facet normal 0.751799 0 -0.659392
    outer loop
      vertex 2.38006 -64 67.1737
      vertex 2.12132 -62.5 66.8787
      vertex 2.38006 -62.5 67.1737
    endloop
  endfacet
  facet normal 0.751799 0 -0.659392
    outer loop
      vertex 2.12132 -62.5 66.8787
      vertex 2.38006 -64 67.1737
      vertex 2.12132 -64 66.8787
    endloop
  endfacet
  facet normal 0.751799 -0 0.659392
    outer loop
      vertex 2.12132 -64 71.1213
      vertex 2.38006 -62.5 70.8263
      vertex 2.12132 -62.5 71.1213
    endloop
  endfacet
  facet normal 0.751799 0 0.659392
    outer loop
      vertex 2.38006 -62.5 70.8263
      vertex 2.12132 -64 71.1213
      vertex 2.38006 -64 70.8263
    endloop
  endfacet
  facet normal 0.997858 0 -0.0654112
    outer loop
      vertex 3 -64 69
      vertex 2.97433 -62.5 68.6084
      vertex 3 -62.5 69
    endloop
  endfacet
  facet normal 0.997858 0 -0.0654112
    outer loop
      vertex 2.97433 -62.5 68.6084
      vertex 3 -64 69
      vertex 2.97433 -64 68.6084
    endloop
  endfacet
  facet normal 0 -1 0
    outer loop
      vertex -0.391578 -64 71.9743
      vertex 0.391578 -64 71.9743
      vertex 0 -64 72
    endloop
  endfacet
  facet normal 0 -1 0
    outer loop
      vertex -0.776457 -64 71.8978
      vertex 0.391578 -64 71.9743
      vertex -0.391578 -64 71.9743
    endloop
  endfacet
  facet normal 0 -1 0
    outer loop
      vertex -0.776457 -64 71.8978
      vertex 0.776457 -64 71.8978
      vertex 0.391578 -64 71.9743
    endloop
  endfacet
  facet normal 0 -1 0
    outer loop
      vertex -1.14805 -64 71.7716
      vertex 0.776457 -64 71.8978
      vertex -0.776457 -64 71.8978
    endloop
  endfacet
  facet normal 0 -1 0
    outer loop
      vertex -1.14805 -64 71.7716
      vertex 1.14805 -64 71.7716
      vertex 0.776457 -64 71.8978
    endloop
  endfacet
  facet normal 0 -1 0
    outer loop
      vertex -1.5 -64 71.5981
      vertex 1.14805 -64 71.7716
      vertex -1.14805 -64 71.7716
    endloop
  endfacet
  facet normal 0 -1 0
    outer loop
      vertex -1.5 -64 71.5981
      vertex 1.5 -64 71.5981
      vertex 1.14805 -64 71.7716
    endloop
  endfacet
  facet normal 0 -1 0
    outer loop
      vertex -1.82628 -64 71.3801
      vertex 1.5 -64 71.5981
      vertex -1.5 -64 71.5981
    endloop
  endfacet
  facet normal 0 -1 0
    outer loop
      vertex -1.82628 -64 71.3801
      vertex 1.82628 -64 71.3801
      vertex 1.5 -64 71.5981
    endloop
  endfacet
  facet normal 0 -1 0
    outer loop
      vertex -2.12132 -64 71.1213
      vertex 1.82628 -64 71.3801
      vertex -1.82628 -64 71.3801
    endloop
  endfacet
  facet normal 0 -1 0
    outer loop
      vertex -2.12132 -64 71.1213
      vertex 2.12132 -64 71.1213
      vertex 1.82628 -64 71.3801
    endloop
  endfacet
  facet normal 0 -1 0
    outer loop
      vertex -2.38006 -64 70.8263
      vertex 2.12132 -64 71.1213
      vertex -2.12132 -64 71.1213
    endloop
  endfacet
  facet normal 0 -1 0
    outer loop
      vertex -2.38006 -64 70.8263
      vertex 2.38006 -64 70.8263
      vertex 2.12132 -64 71.1213
    endloop
  endfacet
  facet normal 0 -1 0
    outer loop
      vertex -2.59808 -64 70.5
      vertex 2.38006 -64 70.8263
      vertex -2.38006 -64 70.8263
    endloop
  endfacet
  facet normal 0 -1 0
    outer loop
      vertex -2.59808 -64 70.5
      vertex 2.59808 -64 70.5
      vertex 2.38006 -64 70.8263
    endloop
  endfacet
  facet normal 0 -1 0
    outer loop
      vertex -2.77164 -64 70.148
      vertex 2.59808 -64 70.5
      vertex -2.59808 -64 70.5
    endloop
  endfacet
  facet normal 0 -1 0
    outer loop
      vertex -2.77164 -64 70.148
      vertex 2.77164 -64 70.148
      vertex 2.59808 -64 70.5
    endloop
  endfacet
  facet normal 0 -1 0
    outer loop
      vertex -2.89778 -64 69.7765
      vertex 2.77164 -64 70.148
      vertex -2.77164 -64 70.148
    endloop
  endfacet
  facet normal 0 -1 0
    outer loop
      vertex -2.89778 -64 69.7765
      vertex 2.89778 -64 69.7765
      vertex 2.77164 -64 70.148
    endloop
  endfacet
  facet normal 0 -1 0
    outer loop
      vertex -2.97433 -64 69.3916
      vertex 2.89778 -64 69.7765
      vertex -2.89778 -64 69.7765
    endloop
  endfacet
  facet normal 0 -1 0
    outer loop
      vertex -2.97433 -64 69.3916
      vertex 2.97433 -64 69.3916
      vertex 2.89778 -64 69.7765
    endloop
  endfacet
  facet normal 0 -1 0
    outer loop
      vertex -3 -64 69
      vertex 2.97433 -64 69.3916
      vertex -2.97433 -64 69.3916
    endloop
  endfacet
  facet normal 0 -1 0
    outer loop
      vertex -3 -64 69
      vertex 3 -64 69
      vertex 2.97433 -64 69.3916
    endloop
  endfacet
  facet normal 0 -1 0
    outer loop
      vertex -2.97433 -64 68.6084
      vertex 3 -64 69
      vertex -3 -64 69
    endloop
  endfacet
  facet normal 0 -1 0
    outer loop
      vertex -2.97433 -64 68.6084
      vertex 2.97433 -64 68.6084
      vertex 3 -64 69
    endloop
  endfacet
  facet normal 0 -1 0
    outer loop
      vertex -2.89778 -64 68.2235
      vertex 2.97433 -64 68.6084
      vertex -2.97433 -64 68.6084
    endloop
  endfacet
  facet normal 0 -1 0
    outer loop
      vertex -2.89778 -64 68.2235
      vertex 2.89778 -64 68.2235
      vertex 2.97433 -64 68.6084
    endloop
  endfacet
  facet normal 0 -1 0
    outer loop
      vertex -2.77164 -64 67.852
      vertex 2.89778 -64 68.2235
      vertex -2.89778 -64 68.2235
    endloop
  endfacet
  facet normal 0 -1 0
    outer loop
      vertex -2.77164 -64 67.852
      vertex 2.77164 -64 67.852
      vertex 2.89778 -64 68.2235
    endloop
  endfacet
  facet normal 0 -1 0
    outer loop
      vertex -2.59808 -64 67.5
      vertex 2.77164 -64 67.852
      vertex -2.77164 -64 67.852
    endloop
  endfacet
  facet normal 0 -1 0
    outer loop
      vertex -2.59808 -64 67.5
      vertex 2.59808 -64 67.5
      vertex 2.77164 -64 67.852
    endloop
  endfacet
  facet normal 0 -1 0
    outer loop
      vertex -2.38006 -64 67.1737
      vertex 2.59808 -64 67.5
      vertex -2.59808 -64 67.5
    endloop
  endfacet
  facet normal 0 -1 0
    outer loop
      vertex -2.38006 -64 67.1737
      vertex 2.38006 -64 67.1737
      vertex 2.59808 -64 67.5
    endloop
  endfacet
  facet normal 0 -1 0
    outer loop
      vertex -2.12132 -64 66.8787
      vertex 2.38006 -64 67.1737
      vertex -2.38006 -64 67.1737
    endloop
  endfacet
  facet normal 0 -1 0
    outer loop
      vertex -2.12132 -64 66.8787
      vertex 2.12132 -64 66.8787
      vertex 2.38006 -64 67.1737
    endloop
  endfacet
  facet normal 0 -1 0
    outer loop
      vertex -1.82628 -64 66.6199
      vertex 2.12132 -64 66.8787
      vertex -2.12132 -64 66.8787
    endloop
  endfacet
  facet normal 0 -1 0
    outer loop
      vertex -1.82628 -64 66.6199
      vertex 1.82628 -64 66.6199
      vertex 2.12132 -64 66.8787
    endloop
  endfacet
  facet normal 0 -1 0
    outer loop
      vertex -1.5 -64 66.4019
      vertex 1.82628 -64 66.6199
      vertex -1.82628 -64 66.6199
    endloop
  endfacet
  facet normal 0 -1 0
    outer loop
      vertex -1.5 -64 66.4019
      vertex 1.5 -64 66.4019
      vertex 1.82628 -64 66.6199
    endloop
  endfacet
  facet normal 0 -1 0
    outer loop
      vertex -1.14805 -64 66.2284
      vertex 1.5 -64 66.4019
      vertex -1.5 -64 66.4019
    endloop
  endfacet
  facet normal 0 -1 0
    outer loop
      vertex -1.14805 -64 66.2284
      vertex 1.14805 -64 66.2284
      vertex 1.5 -64 66.4019
    endloop
  endfacet
  facet normal 0 -1 0
    outer loop
      vertex -0.776457 -64 66.1022
      vertex 1.14805 -64 66.2284
      vertex -1.14805 -64 66.2284
    endloop
  endfacet
  facet normal 0 -1 0
    outer loop
      vertex -0.776457 -64 66.1022
      vertex 0.776457 -64 66.1022
      vertex 1.14805 -64 66.2284
    endloop
  endfacet
  facet normal 0 -1 0
    outer loop
      vertex -0.391578 -64 66.0257
      vertex 0.776457 -64 66.1022
      vertex -0.776457 -64 66.1022
    endloop
  endfacet
  facet normal 0 -1 0
    outer loop
      vertex -0.391578 -64 66.0257
      vertex 0.391578 -64 66.0257
      vertex 0.776457 -64 66.1022
    endloop
  endfacet
  facet normal -0 -1 0
    outer loop
      vertex 0.391578 -64 66.0257
      vertex -0.391578 -64 66.0257
      vertex 0 -64 66
    endloop
  endfacet
  facet normal 0.44216 0 -0.896936
    outer loop
      vertex 1.14805 -64 66.2284
      vertex 1.5 -62.5 66.4019
      vertex 1.5 -64 66.4019
    endloop
  endfacet
  facet normal 0.44216 0 -0.896936
    outer loop
      vertex 1.5 -62.5 66.4019
      vertex 1.14805 -64 66.2284
      vertex 1.14805 -62.5 66.2284
    endloop
  endfacet
  facet normal -0.321579 0 0.946883
    outer loop
      vertex -1.14805 -62.5 71.7716
      vertex -0.776457 -64 71.8978
      vertex -0.776457 -62.5 71.8978
    endloop
  endfacet
  facet normal -0.321579 0 0.946883
    outer loop
      vertex -0.776457 -64 71.8978
      vertex -1.14805 -62.5 71.7716
      vertex -1.14805 -64 71.7716
    endloop
  endfacet
  facet normal 0.946905 0 -0.321514
    outer loop
      vertex 2.89778 -64 68.2235
      vertex 2.77164 -62.5 67.852
      vertex 2.89778 -62.5 68.2235
    endloop
  endfacet
  facet normal 0.946905 0 -0.321514
    outer loop
      vertex 2.77164 -62.5 67.852
      vertex 2.89778 -64 68.2235
      vertex 2.77164 -64 67.852
    endloop
  endfacet
  facet normal 0.065491 0 -0.997853
    outer loop
      vertex 0 -64 66
      vertex 0.391578 -62.5 66.0257
      vertex 0.391578 -64 66.0257
    endloop
  endfacet
  facet normal 0.065491 0 -0.997853
    outer loop
      vertex 0.391578 -62.5 66.0257
      vertex 0 -64 66
      vertex 0 -62.5 66
    endloop
  endfacet
  facet normal -0.44216 0 -0.896936
    outer loop
      vertex -1.5 -64 66.4019
      vertex -1.14805 -62.5 66.2284
      vertex -1.14805 -64 66.2284
    endloop
  endfacet
  facet normal -0.44216 0 -0.896936
    outer loop
      vertex -1.14805 -62.5 66.2284
      vertex -1.5 -64 66.4019
      vertex -1.5 -62.5 66.4019
    endloop
  endfacet
  facet normal 1 -0 0
    outer loop
      vertex 50 -64 49
      vertex 50 -60 -3
      vertex 50 -60 49
    endloop
  endfacet
  facet normal 1 0 0
    outer loop
      vertex 50 -60 -3
      vertex 50 -64 49
      vertex 50 -64 -3
    endloop
  endfacet
  facet normal -0 0 1
    outer loop
      vertex -50 -60 49
      vertex 50 -64 49
      vertex 50 -60 49
    endloop
  endfacet
  facet normal 0 0 1
    outer loop
      vertex 50 -64 49
      vertex -50 -60 49
      vertex -50 -64 49
    endloop
  endfacet
  facet normal 0 0 -1
    outer loop
      vertex -14.8633 -64 -3
      vertex -50 -64 -3
      vertex -14.8633 -62.5 -3
    endloop
  endfacet
  facet normal 0 0 -1
    outer loop
      vertex 14.8633 -62.5 -3
      vertex 50 -64 -3
      vertex 14.8633 -64 -3
    endloop
  endfacet
  facet normal 0 0 -1
    outer loop
      vertex 50 -64 -3
      vertex 14.8633 -62.5 -3
      vertex 50 -60 -3
    endloop
  endfacet
  facet normal 0 0 -1
    outer loop
      vertex -14.8633 -62.5 -3
      vertex 50 -60 -3
      vertex 14.8633 -62.5 -3
    endloop
  endfacet
  facet normal 0 0 -1
    outer loop
      vertex -14.8633 -62.5 -3
      vertex -50 -60 -3
      vertex 50 -60 -3
    endloop
  endfacet
  facet normal 0 0 -1
    outer loop
      vertex -50 -60 -3
      vertex -14.8633 -62.5 -3
      vertex -50 -64 -3
    endloop
  endfacet
  facet normal -1 0 0
    outer loop
      vertex -50 -64 -3
      vertex -50 -60 49
      vertex -50 -60 -3
    endloop
  endfacet
  facet normal -1 -0 0
    outer loop
      vertex -50 -60 49
      vertex -50 -64 -3
      vertex -50 -64 49
    endloop
  endfacet
  facet normal 0 1 -0
    outer loop
      vertex 50 -60 -3
      vertex -50 -60 49
      vertex 50 -60 49
    endloop
  endfacet
  facet normal 0 1 0
    outer loop
      vertex -50 -60 49
      vertex 50 -60 -3
      vertex -50 -60 -3
    endloop
  endfacet
  facet normal 0 -1 0
    outer loop
      vertex -50 -64 49
      vertex 0 -64 10
      vertex 50 -64 49
    endloop
  endfacet
  facet normal 0 -1 0
    outer loop
      vertex -50 -64 49
      vertex -1.95789 -64 9.87167
      vertex 0 -64 10
    endloop
  endfacet
  facet normal 0 -1 0
    outer loop
      vertex -50 -64 49
      vertex -3.88229 -64 9.48889
      vertex -1.95789 -64 9.87167
    endloop
  endfacet
  facet normal 0 -1 0
    outer loop
      vertex -50 -64 49
      vertex -5.74025 -64 8.85819
      vertex -3.88229 -64 9.48889
    endloop
  endfacet
  facet normal 0 -1 0
    outer loop
      vertex -50 -64 49
      vertex -7.5 -64 7.99038
      vertex -5.74025 -64 8.85819
    endloop
  endfacet
  facet normal 0 -1 0
    outer loop
      vertex -50 -64 49
      vertex -9.13142 -64 6.9003
      vertex -7.5 -64 7.99038
    endloop
  endfacet
  facet normal 0 -1 0
    outer loop
      vertex -50 -64 49
      vertex -10.6066 -64 5.6066
      vertex -9.13142 -64 6.9003
    endloop
  endfacet
  facet normal 0 -1 0
    outer loop
      vertex -50 -64 49
      vertex -11.9003 -64 4.13142
      vertex -10.6066 -64 5.6066
    endloop
  endfacet
  facet normal 0 -1 0
    outer loop
      vertex -50 -64 -3
      vertex -11.9003 -64 4.13142
      vertex -50 -64 49
    endloop
  endfacet
  facet normal 0 -1 0
    outer loop
      vertex -11.9003 -64 4.13142
      vertex -50 -64 -3
      vertex -12.9904 -64 2.5
    endloop
  endfacet
  facet normal 0 -1 0
    outer loop
      vertex -12.9904 -64 2.5
      vertex -50 -64 -3
      vertex -13.8582 -64 0.740251
    endloop
  endfacet
  facet normal 0 -1 0
    outer loop
      vertex -13.8582 -64 0.740251
      vertex -50 -64 -3
      vertex -14.4889 -64 -1.11771
    endloop
  endfacet
  facet normal 0 -1 0
    outer loop
      vertex -14.4889 -64 -1.11771
      vertex -50 -64 -3
      vertex -14.8633 -64 -3
    endloop
  endfacet
  facet normal 0 -1 0
    outer loop
      vertex 1.95789 -64 9.87167
      vertex 50 -64 49
      vertex 0 -64 10
    endloop
  endfacet
  facet normal 0 -1 0
    outer loop
      vertex 3.88229 -64 9.48889
      vertex 50 -64 49
      vertex 1.95789 -64 9.87167
    endloop
  endfacet
  facet normal 0 -1 0
    outer loop
      vertex 5.74025 -64 8.85819
      vertex 50 -64 49
      vertex 3.88229 -64 9.48889
    endloop
  endfacet
  facet normal 0 -1 0
    outer loop
      vertex 7.5 -64 7.99038
      vertex 50 -64 49
      vertex 5.74025 -64 8.85819
    endloop
  endfacet
  facet normal 0 -1 0
    outer loop
      vertex 9.13142 -64 6.9003
      vertex 50 -64 49
      vertex 7.5 -64 7.99038
    endloop
  endfacet
  facet normal 0 -1 0
    outer loop
      vertex 10.6066 -64 5.6066
      vertex 50 -64 49
      vertex 9.13142 -64 6.9003
    endloop
  endfacet
  facet normal 0 -1 0
    outer loop
      vertex 11.9003 -64 4.13142
      vertex 50 -64 49
      vertex 10.6066 -64 5.6066
    endloop
  endfacet
  facet normal 0 -1 0
    outer loop
      vertex 50 -64 -3
      vertex 11.9003 -64 4.13142
      vertex 12.9904 -64 2.5
    endloop
  endfacet
  facet normal 0 -1 0
    outer loop
      vertex 50 -64 -3
      vertex 12.9904 -64 2.5
      vertex 13.8582 -64 0.740251
    endloop
  endfacet
  facet normal 0 -1 0
    outer loop
      vertex 50 -64 -3
      vertex 13.8582 -64 0.740251
      vertex 14.4889 -64 -1.11771
    endloop
  endfacet
  facet normal 0 -1 0
    outer loop
      vertex 50 -64 -3
      vertex 14.4889 -64 -1.11771
      vertex 14.8633 -64 -3
    endloop
  endfacet
  facet normal 0 -1 0
    outer loop
      vertex 11.9003 -64 4.13142
      vertex 50 -64 -3
      vertex 50 -64 49
    endloop
  endfacet
  facet normal 0.980786 0 0.195085
    outer loop
      vertex 14.4889 -64 -1.11771
      vertex 14.4889 -67.5 -1.11771
      vertex 14.8633 -64 -3
    endloop
  endfacet
  facet normal 0.980679 -0 0.195623
    outer loop
      vertex 14.8633 -64 -3
      vertex 14.8717 -62.5 -3.04211
      vertex 14.8633 -62.5 -3
    endloop
  endfacet
  facet normal 0.980679 0 0.195623
    outer loop
      vertex 14.8633 -64 -3
      vertex 14.8717 -67.5 -3.04211
      vertex 14.8717 -62.5 -3.04211
    endloop
  endfacet
  facet normal 0.980784 6.58943e-06 0.195097
    outer loop
      vertex 14.8717 -67.5 -3.04211
      vertex 14.8633 -64 -3
      vertex 14.4889 -67.5 -1.11771
    endloop
  endfacet
  facet normal 0.99786 -0 0.0653895
    outer loop
      vertex 14.8717 -67.5 -3.04211
      vertex 15 -62.5 -5
      vertex 14.8717 -62.5 -3.04211
    endloop
  endfacet
  facet normal 0.99786 0 0.0653895
    outer loop
      vertex 15 -62.5 -5
      vertex 14.8717 -67.5 -3.04211
      vertex 15 -67.5 -5
    endloop
  endfacet
  facet normal 0.980784 0 -0.195097
    outer loop
      vertex 14.8717 -67.5 -6.95789
      vertex 14.4889 -62.5 -8.88229
      vertex 14.8717 -62.5 -6.95789
    endloop
  endfacet
  facet normal 0.980784 0 -0.195097
    outer loop
      vertex 14.4889 -62.5 -8.88229
      vertex 14.8717 -67.5 -6.95789
      vertex 14.4889 -67.5 -8.88229
    endloop
  endfacet
  facet normal 0 1 0
    outer loop
      vertex 15 -62.5 -5
      vertex 14.8633 -62.5 -3
      vertex 14.8717 -62.5 -3.04211
    endloop
  endfacet
  facet normal 0 1 0
    outer loop
      vertex 14.8633 -62.5 -3
      vertex 15 -62.5 -5
      vertex -14.8633 -62.5 -3
    endloop
  endfacet
  facet normal 0 1 0
    outer loop
      vertex -15 -62.5 -5
      vertex -14.8633 -62.5 -3
      vertex 15 -62.5 -5
    endloop
  endfacet
  facet normal 0 1 0
    outer loop
      vertex -14.8633 -62.5 -3
      vertex -15 -62.5 -5
      vertex -14.8717 -62.5 -3.04211
    endloop
  endfacet
  facet normal 0 1 -0
    outer loop
      vertex 14.8717 -62.5 -6.95789
      vertex -15 -62.5 -5
      vertex 15 -62.5 -5
    endloop
  endfacet
  facet normal 0 1 0
    outer loop
      vertex 14.8717 -62.5 -6.95789
      vertex -14.8717 -62.5 -6.95789
      vertex -15 -62.5 -5
    endloop
  endfacet
  facet normal 0 1 -0
    outer loop
      vertex 14.4889 -62.5 -8.88229
      vertex -14.8717 -62.5 -6.95789
      vertex 14.8717 -62.5 -6.95789
    endloop
  endfacet
  facet normal 0 1 0
    outer loop
      vertex 14.4889 -62.5 -8.88229
      vertex -14.4889 -62.5 -8.88229
      vertex -14.8717 -62.5 -6.95789
    endloop
  endfacet
  facet normal 0 1 -0
    outer loop
      vertex 13.8582 -62.5 -10.7403
      vertex -14.4889 -62.5 -8.88229
      vertex 14.4889 -62.5 -8.88229
    endloop
  endfacet
  facet normal 0 1 0
    outer loop
      vertex 13.8582 -62.5 -10.7403
      vertex -13.8582 -62.5 -10.7403
      vertex -14.4889 -62.5 -8.88229
    endloop
  endfacet
  facet normal 0 1 -0
    outer loop
      vertex 12.9904 -62.5 -12.5
      vertex -13.8582 -62.5 -10.7403
      vertex 13.8582 -62.5 -10.7403
    endloop
  endfacet
  facet normal 0 1 0
    outer loop
      vertex 12.9904 -62.5 -12.5
      vertex -12.9904 -62.5 -12.5
      vertex -13.8582 -62.5 -10.7403
    endloop
  endfacet
  facet normal 0 1 -0
    outer loop
      vertex 11.9003 -62.5 -14.1314
      vertex -12.9904 -62.5 -12.5
      vertex 12.9904 -62.5 -12.5
    endloop
  endfacet
  facet normal 0 1 0
    outer loop
      vertex 11.9003 -62.5 -14.1314
      vertex -11.9003 -62.5 -14.1314
      vertex -12.9904 -62.5 -12.5
    endloop
  endfacet
  facet normal 0 1 -0
    outer loop
      vertex 10.6066 -62.5 -15.6066
      vertex -11.9003 -62.5 -14.1314
      vertex 11.9003 -62.5 -14.1314
    endloop
  endfacet
  facet normal 0 1 0
    outer loop
      vertex 10.6066 -62.5 -15.6066
      vertex -10.6066 -62.5 -15.6066
      vertex -11.9003 -62.5 -14.1314
    endloop
  endfacet
  facet normal 0 1 -0
    outer loop
      vertex 9.13142 -62.5 -16.9003
      vertex -10.6066 -62.5 -15.6066
      vertex 10.6066 -62.5 -15.6066
    endloop
  endfacet
  facet normal 0 1 0
    outer loop
      vertex 9.13142 -62.5 -16.9003
      vertex -9.13142 -62.5 -16.9003
      vertex -10.6066 -62.5 -15.6066
    endloop
  endfacet
  facet normal 0 1 -0
    outer loop
      vertex 7.5 -62.5 -17.9904
      vertex -9.13142 -62.5 -16.9003
      vertex 9.13142 -62.5 -16.9003
    endloop
  endfacet
  facet normal 0 1 0
    outer loop
      vertex 7.5 -62.5 -17.9904
      vertex -7.5 -62.5 -17.9904
      vertex -9.13142 -62.5 -16.9003
    endloop
  endfacet
  facet normal 0 1 -0
    outer loop
      vertex 5.74025 -62.5 -18.8582
      vertex -7.5 -62.5 -17.9904
      vertex 7.5 -62.5 -17.9904
    endloop
  endfacet
  facet normal 0 1 0
    outer loop
      vertex 5.74025 -62.5 -18.8582
      vertex -5.74025 -62.5 -18.8582
      vertex -7.5 -62.5 -17.9904
    endloop
  endfacet
  facet normal 0 1 -0
    outer loop
      vertex 3.88229 -62.5 -19.4889
      vertex -5.74025 -62.5 -18.8582
      vertex 5.74025 -62.5 -18.8582
    endloop
  endfacet
  facet normal 0 1 0
    outer loop
      vertex 3.88229 -62.5 -19.4889
      vertex -3.88229 -62.5 -19.4889
      vertex -5.74025 -62.5 -18.8582
    endloop
  endfacet
  facet normal 0 1 -0
    outer loop
      vertex 1.95789 -62.5 -19.8717
      vertex -3.88229 -62.5 -19.4889
      vertex 3.88229 -62.5 -19.4889
    endloop
  endfacet
  facet normal 0 1 0
    outer loop
      vertex 1.95789 -62.5 -19.8717
      vertex -1.95789 -62.5 -19.8717
      vertex -3.88229 -62.5 -19.4889
    endloop
  endfacet
  facet normal -0 1 0
    outer loop
      vertex -1.95789 -62.5 -19.8717
      vertex 1.95789 -62.5 -19.8717
      vertex 0 -62.5 -20
    endloop
  endfacet
  facet normal -0.195087 0 0.980786
    outer loop
      vertex -3.88229 -64 9.48889
      vertex -1.95789 -67.5 9.87167
      vertex -1.95789 -64 9.87167
    endloop
  endfacet
  facet normal -0.195087 0 0.980786
    outer loop
      vertex -1.95789 -67.5 9.87167
      vertex -3.88229 -64 9.48889
      vertex -3.88229 -67.5 9.48889
    endloop
  endfacet
  facet normal 0.946932 0 -0.321435
    outer loop
      vertex 14.4889 -67.5 -8.88229
      vertex 13.8582 -62.5 -10.7403
      vertex 14.4889 -62.5 -8.88229
    endloop
  endfacet
  facet normal 0.946932 0 -0.321435
    outer loop
      vertex 13.8582 -62.5 -10.7403
      vertex 14.4889 -67.5 -8.88229
      vertex 13.8582 -67.5 -10.7403
    endloop
  endfacet
  facet normal 0.195087 0 0.980786
    outer loop
      vertex 1.95789 -64 9.87167
      vertex 3.88229 -67.5 9.48889
      vertex 3.88229 -64 9.48889
    endloop
  endfacet
  facet normal 0.195087 0 0.980786
    outer loop
      vertex 3.88229 -67.5 9.48889
      vertex 1.95789 -64 9.87167
      vertex 1.95789 -67.5 9.87167
    endloop
  endfacet
  facet normal -0.99786 0 -0.0653895
    outer loop
      vertex -14.8717 -67.5 -6.95789
      vertex -15 -62.5 -5
      vertex -14.8717 -62.5 -6.95789
    endloop
  endfacet
  facet normal -0.99786 -0 -0.0653895
    outer loop
      vertex -15 -62.5 -5
      vertex -14.8717 -67.5 -6.95789
      vertex -15 -67.5 -5
    endloop
  endfacet
  facet normal 0.751839 -0 0.659346
    outer loop
      vertex 10.6066 -67.5 5.6066
      vertex 11.9003 -64 4.13142
      vertex 10.6066 -64 5.6066
    endloop
  endfacet
  facet normal 0.751839 0 0.659346
    outer loop
      vertex 11.9003 -64 4.13142
      vertex 10.6066 -67.5 5.6066
      vertex 11.9003 -67.5 4.13142
    endloop
  endfacet
  facet normal -0.442283 0 -0.896875
    outer loop
      vertex -7.5 -67.5 -17.9904
      vertex -5.74025 -62.5 -18.8582
      vertex -5.74025 -67.5 -18.8582
    endloop
  endfacet
  facet normal -0.442283 0 -0.896875
    outer loop
      vertex -5.74025 -62.5 -18.8582
      vertex -7.5 -67.5 -17.9904
      vertex -7.5 -62.5 -17.9904
    endloop
  endfacet
  facet normal -0.321443 0 -0.946929
    outer loop
      vertex -5.74025 -67.5 -18.8582
      vertex -3.88229 -62.5 -19.4889
      vertex -3.88229 -67.5 -19.4889
    endloop
  endfacet
  facet normal -0.321443 0 -0.946929
    outer loop
      vertex -3.88229 -62.5 -19.4889
      vertex -5.74025 -67.5 -18.8582
      vertex -5.74025 -62.5 -18.8582
    endloop
  endfacet
  facet normal 0.321443 0 0.946929
    outer loop
      vertex 3.88229 -64 9.48889
      vertex 5.74025 -67.5 8.85819
      vertex 5.74025 -64 8.85819
    endloop
  endfacet
  facet normal 0.321443 0 0.946929
    outer loop
      vertex 5.74025 -67.5 8.85819
      vertex 3.88229 -64 9.48889
      vertex 3.88229 -67.5 9.48889
    endloop
  endfacet
  facet normal 0.946929 -0 0.321443
    outer loop
      vertex 13.8582 -67.5 0.740251
      vertex 14.4889 -64 -1.11771
      vertex 13.8582 -64 0.740251
    endloop
  endfacet
  facet normal 0.946929 0 0.321443
    outer loop
      vertex 14.4889 -64 -1.11771
      vertex 13.8582 -67.5 0.740251
      vertex 14.4889 -67.5 -1.11771
    endloop
  endfacet
  facet normal 0.555577 0 -0.831465
    outer loop
      vertex 7.5 -67.5 -17.9904
      vertex 9.13142 -62.5 -16.9003
      vertex 9.13142 -67.5 -16.9003
    endloop
  endfacet
  facet normal 0.555577 0 -0.831465
    outer loop
      vertex 9.13142 -62.5 -16.9003
      vertex 7.5 -67.5 -17.9904
      vertex 7.5 -62.5 -17.9904
    endloop
  endfacet
  facet normal -0.751844 0 -0.659341
    outer loop
      vertex -10.6066 -67.5 -15.6066
      vertex -11.9003 -62.5 -14.1314
      vertex -10.6066 -62.5 -15.6066
    endloop
  endfacet
  facet normal -0.751844 -0 -0.659341
    outer loop
      vertex -11.9003 -62.5 -14.1314
      vertex -10.6066 -67.5 -15.6066
      vertex -11.9003 -67.5 -14.1314
    endloop
  endfacet
  facet normal 0.0653895 0 -0.99786
    outer loop
      vertex 0 -67.5 -20
      vertex 1.95789 -62.5 -19.8717
      vertex 1.95789 -67.5 -19.8717
    endloop
  endfacet
  facet normal 0.0653895 0 -0.99786
    outer loop
      vertex 1.95789 -62.5 -19.8717
      vertex 0 -67.5 -20
      vertex 0 -62.5 -20
    endloop
  endfacet
  facet normal 0.659346 0 0.751839
    outer loop
      vertex 9.13142 -64 6.9003
      vertex 10.6066 -67.5 5.6066
      vertex 10.6066 -64 5.6066
    endloop
  endfacet
  facet normal 0.659346 0 0.751839
    outer loop
      vertex 10.6066 -67.5 5.6066
      vertex 9.13142 -64 6.9003
      vertex 9.13142 -67.5 6.9003
    endloop
  endfacet
  facet normal 0.195097 0 -0.980784
    outer loop
      vertex 1.95789 -67.5 -19.8717
      vertex 3.88229 -62.5 -19.4889
      vertex 3.88229 -67.5 -19.4889
    endloop
  endfacet
  facet normal 0.195097 0 -0.980784
    outer loop
      vertex 3.88229 -62.5 -19.4889
      vertex 1.95789 -67.5 -19.8717
      vertex 1.95789 -62.5 -19.8717
    endloop
  endfacet
  facet normal 0.831465 -0 0.555577
    outer loop
      vertex 11.9003 -67.5 4.13142
      vertex 12.9904 -64 2.5
      vertex 11.9003 -64 4.13142
    endloop
  endfacet
  facet normal 0.831465 0 0.555577
    outer loop
      vertex 12.9904 -64 2.5
      vertex 11.9003 -67.5 4.13142
      vertex 12.9904 -67.5 2.5
    endloop
  endfacet
  facet normal 0.0654047 0 0.997859
    outer loop
      vertex 0 -64 10
      vertex 1.95789 -67.5 9.87167
      vertex 1.95789 -64 9.87167
    endloop
  endfacet
  facet normal 0.0654047 0 0.997859
    outer loop
      vertex 1.95789 -67.5 9.87167
      vertex 0 -64 10
      vertex 0 -67.5 10
    endloop
  endfacet
  facet normal -0.0653895 0 -0.99786
    outer loop
      vertex -1.95789 -67.5 -19.8717
      vertex 0 -62.5 -20
      vertex 0 -67.5 -20
    endloop
  endfacet
  facet normal -0.0653895 0 -0.99786
    outer loop
      vertex 0 -62.5 -20
      vertex -1.95789 -67.5 -19.8717
      vertex -1.95789 -62.5 -19.8717
    endloop
  endfacet
  facet normal -0.659346 0 -0.751839
    outer loop
      vertex -10.6066 -67.5 -15.6066
      vertex -9.13142 -62.5 -16.9003
      vertex -9.13142 -67.5 -16.9003
    endloop
  endfacet
  facet normal -0.659346 0 -0.751839
    outer loop
      vertex -9.13142 -62.5 -16.9003
      vertex -10.6066 -67.5 -15.6066
      vertex -10.6066 -62.5 -15.6066
    endloop
  endfacet
  facet normal 0.659346 0 -0.751839
    outer loop
      vertex 9.13142 -67.5 -16.9003
      vertex 10.6066 -62.5 -15.6066
      vertex 10.6066 -67.5 -15.6066
    endloop
  endfacet
  facet normal 0.659346 0 -0.751839
    outer loop
      vertex 10.6066 -62.5 -15.6066
      vertex 9.13142 -67.5 -16.9003
      vertex 9.13142 -62.5 -16.9003
    endloop
  endfacet
  facet normal 0.442288 0 0.896873
    outer loop
      vertex 5.74025 -64 8.85819
      vertex 7.5 -67.5 7.99038
      vertex 7.5 -64 7.99038
    endloop
  endfacet
  facet normal 0.442288 0 0.896873
    outer loop
      vertex 7.5 -67.5 7.99038
      vertex 5.74025 -64 8.85819
      vertex 5.74025 -67.5 8.85819
    endloop
  endfacet
  facet normal -0.946929 0 0.321443
    outer loop
      vertex -14.4889 -67.5 -1.11771
      vertex -13.8582 -64 0.740251
      vertex -14.4889 -64 -1.11771
    endloop
  endfacet
  facet normal -0.946929 0 0.321443
    outer loop
      vertex -13.8582 -64 0.740251
      vertex -14.4889 -67.5 -1.11771
      vertex -13.8582 -67.5 0.740251
    endloop
  endfacet
  facet normal -0.659346 0 0.751839
    outer loop
      vertex -10.6066 -64 5.6066
      vertex -9.13142 -67.5 6.9003
      vertex -9.13142 -64 6.9003
    endloop
  endfacet
  facet normal -0.659346 0 0.751839
    outer loop
      vertex -9.13142 -67.5 6.9003
      vertex -10.6066 -64 5.6066
      vertex -10.6066 -67.5 5.6066
    endloop
  endfacet
  facet normal -0.55557 0 0.83147
    outer loop
      vertex -9.13142 -64 6.9003
      vertex -7.5 -67.5 7.99038
      vertex -7.5 -64 7.99038
    endloop
  endfacet
  facet normal -0.55557 0 0.83147
    outer loop
      vertex -7.5 -67.5 7.99038
      vertex -9.13142 -64 6.9003
      vertex -9.13142 -67.5 6.9003
    endloop
  endfacet
  facet normal -0.946932 0 -0.321435
    outer loop
      vertex -13.8582 -67.5 -10.7403
      vertex -14.4889 -62.5 -8.88229
      vertex -13.8582 -62.5 -10.7403
    endloop
  endfacet
  facet normal -0.946932 -0 -0.321435
    outer loop
      vertex -14.4889 -62.5 -8.88229
      vertex -13.8582 -67.5 -10.7403
      vertex -14.4889 -67.5 -8.88229
    endloop
  endfacet
  facet normal -0.442288 0 0.896873
    outer loop
      vertex -7.5 -64 7.99038
      vertex -5.74025 -67.5 8.85819
      vertex -5.74025 -64 8.85819
    endloop
  endfacet
  facet normal -0.442288 0 0.896873
    outer loop
      vertex -5.74025 -67.5 8.85819
      vertex -7.5 -64 7.99038
      vertex -7.5 -67.5 7.99038
    endloop
  endfacet
  facet normal 0.99786 0 -0.0653895
    outer loop
      vertex 15 -67.5 -5
      vertex 14.8717 -62.5 -6.95789
      vertex 15 -62.5 -5
    endloop
  endfacet
  facet normal 0.99786 0 -0.0653895
    outer loop
      vertex 14.8717 -62.5 -6.95789
      vertex 15 -67.5 -5
      vertex 14.8717 -67.5 -6.95789
    endloop
  endfacet
  facet normal -0.980784 0 -0.195097
    outer loop
      vertex -14.4889 -67.5 -8.88229
      vertex -14.8717 -62.5 -6.95789
      vertex -14.4889 -62.5 -8.88229
    endloop
  endfacet
  facet normal -0.980784 -0 -0.195097
    outer loop
      vertex -14.8717 -62.5 -6.95789
      vertex -14.4889 -67.5 -8.88229
      vertex -14.8717 -67.5 -6.95789
    endloop
  endfacet
  facet normal 0.442283 0 -0.896875
    outer loop
      vertex 5.74025 -67.5 -18.8582
      vertex 7.5 -62.5 -17.9904
      vertex 7.5 -67.5 -17.9904
    endloop
  endfacet
  facet normal 0.442283 0 -0.896875
    outer loop
      vertex 7.5 -62.5 -17.9904
      vertex 5.74025 -67.5 -18.8582
      vertex 5.74025 -62.5 -18.8582
    endloop
  endfacet
  facet normal -0.89687 0 -0.442294
    outer loop
      vertex -12.9904 -67.5 -12.5
      vertex -13.8582 -62.5 -10.7403
      vertex -12.9904 -62.5 -12.5
    endloop
  endfacet
  facet normal -0.89687 -0 -0.442294
    outer loop
      vertex -13.8582 -62.5 -10.7403
      vertex -12.9904 -67.5 -12.5
      vertex -13.8582 -67.5 -10.7403
    endloop
  endfacet
  facet normal -0.0654047 0 0.997859
    outer loop
      vertex -1.95789 -64 9.87167
      vertex 0 -67.5 10
      vertex 0 -64 10
    endloop
  endfacet
  facet normal -0.0654047 0 0.997859
    outer loop
      vertex 0 -67.5 10
      vertex -1.95789 -64 9.87167
      vertex -1.95789 -67.5 9.87167
    endloop
  endfacet
  facet normal -0.555577 0 -0.831465
    outer loop
      vertex -9.13142 -67.5 -16.9003
      vertex -7.5 -62.5 -17.9904
      vertex -7.5 -67.5 -17.9904
    endloop
  endfacet
  facet normal -0.555577 0 -0.831465
    outer loop
      vertex -7.5 -62.5 -17.9904
      vertex -9.13142 -67.5 -16.9003
      vertex -9.13142 -62.5 -16.9003
    endloop
  endfacet
  facet normal -0.831462 0 -0.555582
    outer loop
      vertex -11.9003 -67.5 -14.1314
      vertex -12.9904 -62.5 -12.5
      vertex -11.9003 -62.5 -14.1314
    endloop
  endfacet
  facet normal -0.831462 -0 -0.555582
    outer loop
      vertex -12.9904 -62.5 -12.5
      vertex -11.9003 -67.5 -14.1314
      vertex -12.9904 -67.5 -12.5
    endloop
  endfacet
  facet normal -0.195097 0 -0.980784
    outer loop
      vertex -3.88229 -67.5 -19.4889
      vertex -1.95789 -62.5 -19.8717
      vertex -1.95789 -67.5 -19.8717
    endloop
  endfacet
  facet normal -0.195097 0 -0.980784
    outer loop
      vertex -1.95789 -62.5 -19.8717
      vertex -3.88229 -67.5 -19.4889
      vertex -3.88229 -62.5 -19.4889
    endloop
  endfacet
  facet normal -0.896875 0 0.442284
    outer loop
      vertex -13.8582 -67.5 0.740251
      vertex -12.9904 -64 2.5
      vertex -13.8582 -64 0.740251
    endloop
  endfacet
  facet normal -0.896875 0 0.442284
    outer loop
      vertex -12.9904 -64 2.5
      vertex -13.8582 -67.5 0.740251
      vertex -12.9904 -67.5 2.5
    endloop
  endfacet
  facet normal 0.751844 0 -0.659341
    outer loop
      vertex 11.9003 -67.5 -14.1314
      vertex 10.6066 -62.5 -15.6066
      vertex 11.9003 -62.5 -14.1314
    endloop
  endfacet
  facet normal 0.751844 0 -0.659341
    outer loop
      vertex 10.6066 -62.5 -15.6066
      vertex 11.9003 -67.5 -14.1314
      vertex 10.6066 -67.5 -15.6066
    endloop
  endfacet
  facet normal -0.980679 0 0.195623
    outer loop
      vertex -14.8717 -62.5 -3.04211
      vertex -14.8633 -64 -3
      vertex -14.8633 -62.5 -3
    endloop
  endfacet
  facet normal -0.980679 0 0.195623
    outer loop
      vertex -14.8717 -67.5 -3.04211
      vertex -14.8633 -64 -3
      vertex -14.8717 -62.5 -3.04211
    endloop
  endfacet
  facet normal -0.980784 6.58943e-06 0.195097
    outer loop
      vertex -14.4889 -67.5 -1.11771
      vertex -14.8633 -64 -3
      vertex -14.8717 -67.5 -3.04211
    endloop
  endfacet
  facet normal -0.980786 0 0.195085
    outer loop
      vertex -14.8633 -64 -3
      vertex -14.4889 -67.5 -1.11771
      vertex -14.4889 -64 -1.11771
    endloop
  endfacet
  facet normal 0.896875 -0 0.442284
    outer loop
      vertex 12.9904 -67.5 2.5
      vertex 13.8582 -64 0.740251
      vertex 12.9904 -64 2.5
    endloop
  endfacet
  facet normal 0.896875 0 0.442284
    outer loop
      vertex 13.8582 -64 0.740251
      vertex 12.9904 -67.5 2.5
      vertex 13.8582 -67.5 0.740251
    endloop
  endfacet
  facet normal 0.55557 0 0.83147
    outer loop
      vertex 7.5 -64 7.99038
      vertex 9.13142 -67.5 6.9003
      vertex 9.13142 -64 6.9003
    endloop
  endfacet
  facet normal 0.55557 0 0.83147
    outer loop
      vertex 9.13142 -67.5 6.9003
      vertex 7.5 -64 7.99038
      vertex 7.5 -67.5 7.99038
    endloop
  endfacet
  facet normal -0.321443 0 0.946929
    outer loop
      vertex -5.74025 -64 8.85819
      vertex -3.88229 -67.5 9.48889
      vertex -3.88229 -64 9.48889
    endloop
  endfacet
  facet normal -0.321443 0 0.946929
    outer loop
      vertex -3.88229 -67.5 9.48889
      vertex -5.74025 -64 8.85819
      vertex -5.74025 -67.5 8.85819
    endloop
  endfacet
  facet normal -0.99786 0 0.0653895
    outer loop
      vertex -15 -67.5 -5
      vertex -14.8717 -62.5 -3.04211
      vertex -15 -62.5 -5
    endloop
  endfacet
  facet normal -0.99786 0 0.0653895
    outer loop
      vertex -14.8717 -62.5 -3.04211
      vertex -15 -67.5 -5
      vertex -14.8717 -67.5 -3.04211
    endloop
  endfacet
  facet normal 0.321443 0 -0.946929
    outer loop
      vertex 3.88229 -67.5 -19.4889
      vertex 5.74025 -62.5 -18.8582
      vertex 5.74025 -67.5 -18.8582
    endloop
  endfacet
  facet normal 0.321443 0 -0.946929
    outer loop
      vertex 5.74025 -62.5 -18.8582
      vertex 3.88229 -67.5 -19.4889
      vertex 3.88229 -62.5 -19.4889
    endloop
  endfacet
  facet normal -0.751839 0 0.659346
    outer loop
      vertex -11.9003 -67.5 4.13142
      vertex -10.6066 -64 5.6066
      vertex -11.9003 -64 4.13142
    endloop
  endfacet
  facet normal -0.751839 0 0.659346
    outer loop
      vertex -10.6066 -64 5.6066
      vertex -11.9003 -67.5 4.13142
      vertex -10.6066 -67.5 5.6066
    endloop
  endfacet
  facet normal 0.89687 0 -0.442294
    outer loop
      vertex 13.8582 -67.5 -10.7403
      vertex 12.9904 -62.5 -12.5
      vertex 13.8582 -62.5 -10.7403
    endloop
  endfacet
  facet normal 0.89687 0 -0.442294
    outer loop
      vertex 12.9904 -62.5 -12.5
      vertex 13.8582 -67.5 -10.7403
      vertex 12.9904 -67.5 -12.5
    endloop
  endfacet
  facet normal 0.831462 0 -0.555582
    outer loop
      vertex 12.9904 -67.5 -12.5
      vertex 11.9003 -62.5 -14.1314
      vertex 12.9904 -62.5 -12.5
    endloop
  endfacet
  facet normal 0.831462 0 -0.555582
    outer loop
      vertex 11.9003 -62.5 -14.1314
      vertex 12.9904 -67.5 -12.5
      vertex 11.9003 -67.5 -14.1314
    endloop
  endfacet
  facet normal -0.831465 0 0.555577
    outer loop
      vertex -12.9904 -67.5 2.5
      vertex -11.9003 -64 4.13142
      vertex -12.9904 -64 2.5
    endloop
  endfacet
  facet normal -0.831465 0 0.555577
    outer loop
      vertex -11.9003 -64 4.13142
      vertex -12.9904 -67.5 2.5
      vertex -11.9003 -67.5 4.13142
    endloop
  endfacet
  facet normal 0 -1 0
    outer loop
      vertex -1.95789 -67.5 9.87167
      vertex 1.95789 -67.5 9.87167
      vertex 0 -67.5 10
    endloop
  endfacet
  facet normal 0 -1 0
    outer loop
      vertex -3.88229 -67.5 9.48889
      vertex 1.95789 -67.5 9.87167
      vertex -1.95789 -67.5 9.87167
    endloop
  endfacet
  facet normal 0 -1 0
    outer loop
      vertex -3.88229 -67.5 9.48889
      vertex 3.88229 -67.5 9.48889
      vertex 1.95789 -67.5 9.87167
    endloop
  endfacet
  facet normal 0 -1 0
    outer loop
      vertex -5.74025 -67.5 8.85819
      vertex 3.88229 -67.5 9.48889
      vertex -3.88229 -67.5 9.48889
    endloop
  endfacet
  facet normal 0 -1 0
    outer loop
      vertex -5.74025 -67.5 8.85819
      vertex 5.74025 -67.5 8.85819
      vertex 3.88229 -67.5 9.48889
    endloop
  endfacet
  facet normal 0 -1 0
    outer loop
      vertex -7.5 -67.5 7.99038
      vertex 5.74025 -67.5 8.85819
      vertex -5.74025 -67.5 8.85819
    endloop
  endfacet
  facet normal 0 -1 0
    outer loop
      vertex -7.5 -67.5 7.99038
      vertex 7.5 -67.5 7.99038
      vertex 5.74025 -67.5 8.85819
    endloop
  endfacet
  facet normal 0 -1 0
    outer loop
      vertex -9.13142 -67.5 6.9003
      vertex 7.5 -67.5 7.99038
      vertex -7.5 -67.5 7.99038
    endloop
  endfacet
  facet normal 0 -1 0
    outer loop
      vertex -9.13142 -67.5 6.9003
      vertex 9.13142 -67.5 6.9003
      vertex 7.5 -67.5 7.99038
    endloop
  endfacet
  facet normal 0 -1 0
    outer loop
      vertex -10.6066 -67.5 5.6066
      vertex 9.13142 -67.5 6.9003
      vertex -9.13142 -67.5 6.9003
    endloop
  endfacet
  facet normal 0 -1 0
    outer loop
      vertex -10.6066 -67.5 5.6066
      vertex 10.6066 -67.5 5.6066
      vertex 9.13142 -67.5 6.9003
    endloop
  endfacet
  facet normal 0 -1 0
    outer loop
      vertex -11.9003 -67.5 4.13142
      vertex 10.6066 -67.5 5.6066
      vertex -10.6066 -67.5 5.6066
    endloop
  endfacet
  facet normal 0 -1 0
    outer loop
      vertex -11.9003 -67.5 4.13142
      vertex 11.9003 -67.5 4.13142
      vertex 10.6066 -67.5 5.6066
    endloop
  endfacet
  facet normal 0 -1 0
    outer loop
      vertex -12.9904 -67.5 2.5
      vertex 11.9003 -67.5 4.13142
      vertex -11.9003 -67.5 4.13142
    endloop
  endfacet
  facet normal 0 -1 0
    outer loop
      vertex -12.9904 -67.5 2.5
      vertex 12.9904 -67.5 2.5
      vertex 11.9003 -67.5 4.13142
    endloop
  endfacet
  facet normal 0 -1 0
    outer loop
      vertex -13.8582 -67.5 0.740251
      vertex 12.9904 -67.5 2.5
      vertex -12.9904 -67.5 2.5
    endloop
  endfacet
  facet normal 0 -1 0
    outer loop
      vertex -13.8582 -67.5 0.740251
      vertex 13.8582 -67.5 0.740251
      vertex 12.9904 -67.5 2.5
    endloop
  endfacet
  facet normal 0 -1 0
    outer loop
      vertex -14.4889 -67.5 -1.11771
      vertex 13.8582 -67.5 0.740251
      vertex -13.8582 -67.5 0.740251
    endloop
  endfacet
  facet normal 0 -1 0
    outer loop
      vertex -14.4889 -67.5 -1.11771
      vertex 14.4889 -67.5 -1.11771
      vertex 13.8582 -67.5 0.740251
    endloop
  endfacet
  facet normal 0 -1 0
    outer loop
      vertex -14.8717 -67.5 -3.04211
      vertex 14.4889 -67.5 -1.11771
      vertex -14.4889 -67.5 -1.11771
    endloop
  endfacet
  facet normal 0 -1 0
    outer loop
      vertex -14.8717 -67.5 -3.04211
      vertex 14.8717 -67.5 -3.04211
      vertex 14.4889 -67.5 -1.11771
    endloop
  endfacet
  facet normal 0 -1 0
    outer loop
      vertex -15 -67.5 -5
      vertex 14.8717 -67.5 -3.04211
      vertex -14.8717 -67.5 -3.04211
    endloop
  endfacet
  facet normal 0 -1 0
    outer loop
      vertex -15 -67.5 -5
      vertex 15 -67.5 -5
      vertex 14.8717 -67.5 -3.04211
    endloop
  endfacet
  facet normal 0 -1 0
    outer loop
      vertex -14.8717 -67.5 -6.95789
      vertex 15 -67.5 -5
      vertex -15 -67.5 -5
    endloop
  endfacet
  facet normal 0 -1 0
    outer loop
      vertex -14.8717 -67.5 -6.95789
      vertex 14.8717 -67.5 -6.95789
      vertex 15 -67.5 -5
    endloop
  endfacet
  facet normal 0 -1 0
    outer loop
      vertex -14.4889 -67.5 -8.88229
      vertex 14.8717 -67.5 -6.95789
      vertex -14.8717 -67.5 -6.95789
    endloop
  endfacet
  facet normal 0 -1 0
    outer loop
      vertex -14.4889 -67.5 -8.88229
      vertex 14.4889 -67.5 -8.88229
      vertex 14.8717 -67.5 -6.95789
    endloop
  endfacet
  facet normal 0 -1 0
    outer loop
      vertex -13.8582 -67.5 -10.7403
      vertex 14.4889 -67.5 -8.88229
      vertex -14.4889 -67.5 -8.88229
    endloop
  endfacet
  facet normal 0 -1 0
    outer loop
      vertex -13.8582 -67.5 -10.7403
      vertex 13.8582 -67.5 -10.7403
      vertex 14.4889 -67.5 -8.88229
    endloop
  endfacet
  facet normal 0 -1 0
    outer loop
      vertex -12.9904 -67.5 -12.5
      vertex 13.8582 -67.5 -10.7403
      vertex -13.8582 -67.5 -10.7403
    endloop
  endfacet
  facet normal 0 -1 0
    outer loop
      vertex -12.9904 -67.5 -12.5
      vertex 12.9904 -67.5 -12.5
      vertex 13.8582 -67.5 -10.7403
    endloop
  endfacet
  facet normal 0 -1 0
    outer loop
      vertex -11.9003 -67.5 -14.1314
      vertex 12.9904 -67.5 -12.5
      vertex -12.9904 -67.5 -12.5
    endloop
  endfacet
  facet normal 0 -1 0
    outer loop
      vertex -11.9003 -67.5 -14.1314
      vertex 11.9003 -67.5 -14.1314
      vertex 12.9904 -67.5 -12.5
    endloop
  endfacet
  facet normal 0 -1 0
    outer loop
      vertex -10.6066 -67.5 -15.6066
      vertex 11.9003 -67.5 -14.1314
      vertex -11.9003 -67.5 -14.1314
    endloop
  endfacet
  facet normal 0 -1 0
    outer loop
      vertex -10.6066 -67.5 -15.6066
      vertex 10.6066 -67.5 -15.6066
      vertex 11.9003 -67.5 -14.1314
    endloop
  endfacet
  facet normal 0 -1 0
    outer loop
      vertex -9.13142 -67.5 -16.9003
      vertex 10.6066 -67.5 -15.6066
      vertex -10.6066 -67.5 -15.6066
    endloop
  endfacet
  facet normal 0 -1 0
    outer loop
      vertex -9.13142 -67.5 -16.9003
      vertex 9.13142 -67.5 -16.9003
      vertex 10.6066 -67.5 -15.6066
    endloop
  endfacet
  facet normal 0 -1 0
    outer loop
      vertex -7.5 -67.5 -17.9904
      vertex 9.13142 -67.5 -16.9003
      vertex -9.13142 -67.5 -16.9003
    endloop
  endfacet
  facet normal 0 -1 0
    outer loop
      vertex -7.5 -67.5 -17.9904
      vertex 7.5 -67.5 -17.9904
      vertex 9.13142 -67.5 -16.9003
    endloop
  endfacet
  facet normal 0 -1 0
    outer loop
      vertex -5.74025 -67.5 -18.8582
      vertex 7.5 -67.5 -17.9904
      vertex -7.5 -67.5 -17.9904
    endloop
  endfacet
  facet normal 0 -1 0
    outer loop
      vertex -5.74025 -67.5 -18.8582
      vertex 5.74025 -67.5 -18.8582
      vertex 7.5 -67.5 -17.9904
    endloop
  endfacet
  facet normal 0 -1 0
    outer loop
      vertex -3.88229 -67.5 -19.4889
      vertex 5.74025 -67.5 -18.8582
      vertex -5.74025 -67.5 -18.8582
    endloop
  endfacet
  facet normal 0 -1 0
    outer loop
      vertex -3.88229 -67.5 -19.4889
      vertex 3.88229 -67.5 -19.4889
      vertex 5.74025 -67.5 -18.8582
    endloop
  endfacet
  facet normal 0 -1 0
    outer loop
      vertex -1.95789 -67.5 -19.8717
      vertex 3.88229 -67.5 -19.4889
      vertex -3.88229 -67.5 -19.4889
    endloop
  endfacet
  facet normal 0 -1 0
    outer loop
      vertex -1.95789 -67.5 -19.8717
      vertex 1.95789 -67.5 -19.8717
      vertex 3.88229 -67.5 -19.4889
    endloop
  endfacet
  facet normal -0 -1 0
    outer loop
      vertex 1.95789 -67.5 -19.8717
      vertex -1.95789 -67.5 -19.8717
      vertex 0 -67.5 -20
    endloop
  endfacet
endsolid OpenSCAD_Model
